timestamp,node_id,location,elevation,SO2,H2S,Temp_C,Humidity_pct,RSSI_dBm,SNR_dB,ack_success,horizon
2026-05-15 10:00:04,1,"7°10'00.64""S 107°24'04.92""E",2201.98,399.05383,144.44672,19.954782,90.413445,-73.69546,10.414556,True,1h
2026-05-15 10:00:08,1,"7°10'00.64""S 107°24'04.92""E",2201.98,398.66373,144.35811,19.947369,90.412865,-73.71023,10.413467,True,1h
2026-05-15 10:00:12,1,"7°10'00.64""S 107°24'04.92""E",2201.98,398.38824,144.30406,19.93984,90.41033,-73.72808,10.41234,True,1h
2026-05-15 10:00:16,1,"7°10'00.64""S 107°24'04.92""E",2201.98,398.17545,144.26562,19.932772,90.408295,-73.745,10.41145,True,1h
2026-05-15 10:00:20,1,"7°10'00.64""S 107°24'04.92""E",2201.98,398.01666,144.2375,19.926682,90.40736,-73.75877,10.410857,True,1h
2026-05-15 10:00:24,1,"7°10'00.64""S 107°24'04.92""E",2201.98,397.90195,144.21669,19.921688,90.40745,-73.76903,10.410518,True,1h
2026-05-15 10:00:28,1,"7°10'00.64""S 107°24'04.92""E",2201.98,397.82166,144.20146,19.917717,90.40823,-73.776184,10.410361,True,1h
2026-05-15 10:00:32,1,"7°10'00.64""S 107°24'04.92""E",2201.98,397.7666,144.19008,19.914608,90.409485,-73.78094,10.410323,True,1h
2026-05-15 10:00:36,1,"7°10'00.64""S 107°24'04.92""E",2201.98,397.729,144.18118,19.912193,90.410995,-73.78397,10.410352,True,1h
2026-05-15 10:00:40,1,"7°10'00.64""S 107°24'04.92""E",2201.98,397.7029,144.17387,19.910326,90.4126,-73.78583,10.410414,True,1h
2026-05-15 10:00:44,1,"7°10'00.64""S 107°24'04.92""E",2201.98,397.68393,144.16745,19.908876,90.4142,-73.78691,10.410486,True,1h
2026-05-15 10:00:48,1,"7°10'00.64""S 107°24'04.92""E",2201.98,397.66873,144.16145,19.907745,90.41576,-73.78751,10.410556,True,1h
2026-05-15 10:00:52,1,"7°10'00.64""S 107°24'04.92""E",2201.98,397.65515,144.15549,19.906849,90.417206,-73.78785,10.410614,True,1h
2026-05-15 10:00:56,1,"7°10'00.64""S 107°24'04.92""E",2201.98,397.6418,144.14938,19.906128,90.41856,-73.78806,10.410658,True,1h
2026-05-15 10:01:00,1,"7°10'00.64""S 107°24'04.92""E",2201.98,397.62836,144.14313,19.905537,90.41981,-73.788185,10.410688,True,1h
2026-05-15 10:01:04,1,"7°10'00.64""S 107°24'04.92""E",2201.98,397.61395,144.13652,19.905033,90.421,-73.78831,10.410705,True,1h
2026-05-15 10:01:08,1,"7°10'00.64""S 107°24'04.92""E",2201.98,397.59836,144.12962,19.904602,90.42208,-73.788445,10.4107065,True,1h
2026-05-15 10:01:12,1,"7°10'00.64""S 107°24'04.92""E",2201.98,397.58203,144.12251,19.904217,90.42311,-73.7886,10.410699,True,1h
2026-05-15 10:01:16,1,"7°10'00.64""S 107°24'04.92""E",2201.98,397.56454,144.11513,19.90387,90.424065,-73.788795,10.410681,True,1h
2026-05-15 10:01:20,1,"7°10'00.64""S 107°24'04.92""E",2201.98,397.5463,144.10751,19.903543,90.424995,-73.78902,10.410656,True,1h
2026-05-15 10:01:24,1,"7°10'00.64""S 107°24'04.92""E",2201.98,397.5275,144.0998,19.903236,90.4259,-73.78926,10.410626,True,1h
2026-05-15 10:01:28,1,"7°10'00.64""S 107°24'04.92""E",2201.98,397.50812,144.09196,19.90294,90.426765,-73.78953,10.410592,True,1h
2026-05-15 10:01:32,1,"7°10'00.64""S 107°24'04.92""E",2201.98,397.48807,144.08392,19.902653,90.42761,-73.78982,10.410552,True,1h
2026-05-15 10:01:36,1,"7°10'00.64""S 107°24'04.92""E",2201.98,397.46768,144.07579,19.902374,90.428444,-73.79012,10.41051,True,1h
2026-05-15 10:01:40,1,"7°10'00.64""S 107°24'04.92""E",2201.98,397.44708,144.06763,19.902098,90.42926,-73.79045,10.410465,True,1h
2026-05-15 10:01:44,1,"7°10'00.64""S 107°24'04.92""E",2201.98,397.4263,144.05942,19.901823,90.43008,-73.79077,10.41042,True,1h
2026-05-15 10:01:48,1,"7°10'00.64""S 107°24'04.92""E",2201.98,397.40518,144.0511,19.90155,90.430885,-73.79112,10.410372,True,1h
2026-05-15 10:01:52,1,"7°10'00.64""S 107°24'04.92""E",2201.98,397.38382,144.04268,19.90128,90.43169,-73.79148,10.410322,True,1h
2026-05-15 10:01:56,1,"7°10'00.64""S 107°24'04.92""E",2201.98,397.36246,144.03429,19.901007,90.43249,-73.79183,10.410272,True,1h
2026-05-15 10:02:00,1,"7°10'00.64""S 107°24'04.92""E",2201.98,397.34088,144.02588,19.900738,90.43328,-73.7922,10.410221,True,1h
2026-05-15 10:02:04,1,"7°10'00.64""S 107°24'04.92""E",2201.98,397.31934,144.01747,19.90047,90.43407,-73.792564,10.41017,True,1h
2026-05-15 10:02:08,1,"7°10'00.64""S 107°24'04.92""E",2201.98,397.2976,144.00899,19.900202,90.43485,-73.79294,10.410117,True,1h
2026-05-15 10:02:12,1,"7°10'00.64""S 107°24'04.92""E",2201.98,397.27588,144.00052,19.899933,90.43564,-73.793304,10.410065,True,1h
2026-05-15 10:02:16,1,"7°10'00.64""S 107°24'04.92""E",2201.98,397.25415,143.99203,19.899664,90.43643,-73.793686,10.410012,True,1h
2026-05-15 10:02:20,1,"7°10'00.64""S 107°24'04.92""E",2201.98,397.2324,143.98354,19.899397,90.43722,-73.79406,10.409961,True,1h
2026-05-15 10:02:24,1,"7°10'00.64""S 107°24'04.92""E",2201.98,397.21063,143.97505,19.899126,90.438,-73.79443,10.409907,True,1h
2026-05-15 10:02:28,1,"7°10'00.64""S 107°24'04.92""E",2201.98,397.18893,143.96657,19.898857,90.4388,-73.794815,10.409855,True,1h
2026-05-15 10:02:32,1,"7°10'00.64""S 107°24'04.92""E",2201.98,397.1672,143.95808,19.898588,90.439575,-73.79519,10.409802,True,1h
2026-05-15 10:02:36,1,"7°10'00.64""S 107°24'04.92""E",2201.98,397.14545,143.9496,19.89832,90.44037,-73.79556,10.40975,True,1h
2026-05-15 10:02:40,1,"7°10'00.64""S 107°24'04.92""E",2201.98,397.12372,143.94112,19.898048,90.441154,-73.79594,10.409697,True,1h
2026-05-15 10:02:44,1,"7°10'00.64""S 107°24'04.92""E",2201.98,397.10202,143.93263,19.89778,90.44195,-73.79631,10.409645,True,1h
2026-05-15 10:02:48,1,"7°10'00.64""S 107°24'04.92""E",2201.98,397.0803,143.92416,19.897509,90.44273,-73.796684,10.409592,True,1h
2026-05-15 10:02:52,1,"7°10'00.64""S 107°24'04.92""E",2201.98,397.05856,143.91568,19.89724,90.44352,-73.797066,10.40954,True,1h
2026-05-15 10:02:56,1,"7°10'00.64""S 107°24'04.92""E",2201.98,397.03683,143.9072,19.89697,90.44431,-73.79744,10.409487,True,1h
2026-05-15 10:03:00,1,"7°10'00.64""S 107°24'04.92""E",2201.98,397.01514,143.89873,19.8967,90.44511,-73.797806,10.409435,True,1h
2026-05-15 10:03:04,1,"7°10'00.64""S 107°24'04.92""E",2201.98,396.99344,143.89026,19.89643,90.445885,-73.79819,10.409384,True,1h
2026-05-15 10:03:08,1,"7°10'00.64""S 107°24'04.92""E",2201.98,396.97174,143.88177,19.89616,90.44668,-73.79856,10.409331,True,1h
2026-05-15 10:03:12,1,"7°10'00.64""S 107°24'04.92""E",2201.98,396.95004,143.8733,19.89589,90.44747,-73.798935,10.409279,True,1h
2026-05-15 10:03:16,1,"7°10'00.64""S 107°24'04.92""E",2201.98,396.92838,143.86484,19.895618,90.448265,-73.79932,10.409226,True,1h
2026-05-15 10:03:20,1,"7°10'00.64""S 107°24'04.92""E",2201.98,396.9067,143.85637,19.89535,90.44904,-73.79968,10.409174,True,1h
2026-05-15 10:03:24,1,"7°10'00.64""S 107°24'04.92""E",2201.98,396.885,143.8479,19.895079,90.44984,-73.80006,10.4091215,True,1h
2026-05-15 10:03:28,1,"7°10'00.64""S 107°24'04.92""E",2201.98,396.86334,143.83943,19.89481,90.45063,-73.80044,10.40907,True,1h
2026-05-15 10:03:32,1,"7°10'00.64""S 107°24'04.92""E",2201.98,396.8417,143.83098,19.894539,90.451416,-73.80081,10.409018,True,1h
2026-05-15 10:03:36,1,"7°10'00.64""S 107°24'04.92""E",2201.98,396.82004,143.82253,19.894268,90.4522,-73.801186,10.408965,True,1h
2026-05-15 10:03:40,1,"7°10'00.64""S 107°24'04.92""E",2201.98,396.7984,143.81406,19.893997,90.452995,-73.80156,10.408913,True,1h
2026-05-15 10:03:44,1,"7°10'00.64""S 107°24'04.92""E",2201.98,396.77676,143.8056,19.893726,90.45378,-73.80193,10.408861,True,1h
2026-05-15 10:03:48,1,"7°10'00.64""S 107°24'04.92""E",2201.98,396.7551,143.79715,19.893457,90.454575,-73.80231,10.408809,True,1h
2026-05-15 10:03:52,1,"7°10'00.64""S 107°24'04.92""E",2201.98,396.73346,143.78868,19.893185,90.45536,-73.80268,10.408757,True,1h
2026-05-15 10:03:56,1,"7°10'00.64""S 107°24'04.92""E",2201.98,396.71182,143.78023,19.892916,90.456154,-73.80305,10.408705,True,1h
2026-05-15 10:04:00,1,"7°10'00.64""S 107°24'04.92""E",2201.98,396.69025,143.77177,19.892645,90.45695,-73.80343,10.408653,True,1h
2026-05-15 10:04:04,1,"7°10'00.64""S 107°24'04.92""E",2201.98,396.66858,143.76334,19.892374,90.45773,-73.8038,10.408601,True,1h
2026-05-15 10:04:08,1,"7°10'00.64""S 107°24'04.92""E",2201.98,396.64694,143.75488,19.892103,90.45852,-73.80418,10.408549,True,1h
2026-05-15 10:04:12,1,"7°10'00.64""S 107°24'04.92""E",2201.98,396.62537,143.74643,19.89183,90.45931,-73.80455,10.408497,True,1h
2026-05-15 10:04:16,1,"7°10'00.64""S 107°24'04.92""E",2201.98,396.60373,143.73798,19.891562,90.460106,-73.80492,10.408445,True,1h
2026-05-15 10:04:20,1,"7°10'00.64""S 107°24'04.92""E",2201.98,396.58215,143.72954,19.891289,90.46089,-73.8053,10.408393,True,1h
2026-05-15 10:04:24,1,"7°10'00.64""S 107°24'04.92""E",2201.98,396.56055,143.72108,19.89102,90.46168,-73.805664,10.408341,True,1h
2026-05-15 10:04:28,1,"7°10'00.64""S 107°24'04.92""E",2201.98,396.53897,143.71266,19.890747,90.46247,-73.80604,10.40829,True,1h
2026-05-15 10:04:32,1,"7°10'00.64""S 107°24'04.92""E",2201.98,396.5174,143.70422,19.890476,90.463264,-73.80641,10.408238,True,1h
2026-05-15 10:04:36,1,"7°10'00.64""S 107°24'04.92""E",2201.98,396.4958,143.69577,19.890205,90.46405,-73.806786,10.408186,True,1h
2026-05-15 10:04:40,1,"7°10'00.64""S 107°24'04.92""E",2201.98,396.47424,143.68735,19.889935,90.464836,-73.80716,10.408134,True,1h
2026-05-15 10:04:44,1,"7°10'00.64""S 107°24'04.92""E",2201.98,396.45267,143.67891,19.889662,90.46563,-73.80753,10.408083,True,1h
2026-05-15 10:04:48,1,"7°10'00.64""S 107°24'04.92""E",2201.98,396.43106,143.67047,19.88939,90.46642,-73.80791,10.408031,True,1h
2026-05-15 10:04:52,1,"7°10'00.64""S 107°24'04.92""E",2201.98,396.40952,143.66203,19.889118,90.46722,-73.80828,10.407979,True,1h
2026-05-15 10:04:56,1,"7°10'00.64""S 107°24'04.92""E",2201.98,396.38797,143.65361,19.88885,90.467995,-73.80865,10.4079275,True,1h
2026-05-15 10:05:00,1,"7°10'00.64""S 107°24'04.92""E",2201.98,396.3664,143.64517,19.888577,90.46879,-73.80903,10.407876,True,1h
2026-05-15 10:05:04,1,"7°10'00.64""S 107°24'04.92""E",2201.98,396.34488,143.63675,19.888306,90.46958,-73.809395,10.4078245,True,1h
2026-05-15 10:05:08,1,"7°10'00.64""S 107°24'04.92""E",2201.98,396.32327,143.62831,19.888033,90.470375,-73.80977,10.407773,True,1h
2026-05-15 10:05:12,1,"7°10'00.64""S 107°24'04.92""E",2201.98,396.3018,143.61989,19.887762,90.47117,-73.81014,10.4077215,True,1h
2026-05-15 10:05:16,1,"7°10'00.64""S 107°24'04.92""E",2201.98,396.28027,143.61147,19.887491,90.47195,-73.81052,10.40767,True,1h
2026-05-15 10:05:20,1,"7°10'00.64""S 107°24'04.92""E",2201.98,396.2587,143.60304,19.887218,90.47274,-73.81089,10.4076185,True,1h
2026-05-15 10:05:24,1,"7°10'00.64""S 107°24'04.92""E",2201.98,396.2372,143.59464,19.886946,90.47353,-73.81126,10.407567,True,1h
2026-05-15 10:05:28,1,"7°10'00.64""S 107°24'04.92""E",2201.98,396.21573,143.58621,19.886675,90.47433,-73.81163,10.407516,True,1h
2026-05-15 10:05:32,1,"7°10'00.64""S 107°24'04.92""E",2201.98,396.19418,143.57779,19.886402,90.47511,-73.812004,10.407464,True,1h
2026-05-15 10:05:36,1,"7°10'00.64""S 107°24'04.92""E",2201.98,396.1727,143.56938,19.88613,90.47591,-73.81238,10.407413,True,1h
2026-05-15 10:05:40,1,"7°10'00.64""S 107°24'04.92""E",2201.98,396.15118,143.56097,19.885859,90.4767,-73.812744,10.407361,True,1h
2026-05-15 10:05:44,1,"7°10'00.64""S 107°24'04.92""E",2201.98,396.1297,143.55255,19.885586,90.477486,-73.81312,10.40731,True,1h
2026-05-15 10:05:48,1,"7°10'00.64""S 107°24'04.92""E",2201.98,396.10822,143.54414,19.885313,90.47828,-73.81349,10.407258,True,1h
2026-05-15 10:05:52,1,"7°10'00.64""S 107°24'04.92""E",2201.98,396.08673,143.53574,19.885042,90.479065,-73.813866,10.4072075,True,1h
2026-05-15 10:05:56,1,"7°10'00.64""S 107°24'04.92""E",2201.98,396.06525,143.52733,19.88477,90.47986,-73.81423,10.407156,True,1h
2026-05-15 10:06:00,1,"7°10'00.64""S 107°24'04.92""E",2201.98,396.04376,143.5189,19.884497,90.48065,-73.814606,10.4071045,True,1h
2026-05-15 10:06:04,1,"7°10'00.64""S 107°24'04.92""E",2201.98,396.0223,143.51051,19.884224,90.48144,-73.81497,10.407054,True,1h
2026-05-15 10:06:08,1,"7°10'00.64""S 107°24'04.92""E",2201.98,396.00085,143.5021,19.883953,90.48223,-73.815346,10.407002,True,1h
2026-05-15 10:06:12,1,"7°10'00.64""S 107°24'04.92""E",2201.98,395.9794,143.4937,19.88368,90.483025,-73.81572,10.406952,True,1h
2026-05-15 10:06:16,1,"7°10'00.64""S 107°24'04.92""E",2201.98,395.95795,143.4853,19.883408,90.48382,-73.81609,10.406899,True,1h
2026-05-15 10:06:20,1,"7°10'00.64""S 107°24'04.92""E",2201.98,395.93652,143.47691,19.883135,90.484604,-73.81646,10.406849,True,1h
2026-05-15 10:06:24,1,"7°10'00.64""S 107°24'04.92""E",2201.98,395.91507,143.4685,19.882862,90.4854,-73.81683,10.406797,True,1h
2026-05-15 10:06:28,1,"7°10'00.64""S 107°24'04.92""E",2201.98,395.89362,143.46011,19.88259,90.48618,-73.8172,10.406747,True,1h
2026-05-15 10:06:32,1,"7°10'00.64""S 107°24'04.92""E",2201.98,395.87216,143.45172,19.882317,90.486984,-73.81757,10.406695,True,1h
2026-05-15 10:06:36,1,"7°10'00.64""S 107°24'04.92""E",2201.98,395.85077,143.44333,19.882044,90.48778,-73.81795,10.406645,True,1h
2026-05-15 10:06:40,1,"7°10'00.64""S 107°24'04.92""E",2201.98,395.82935,143.43494,19.881771,90.48856,-73.81832,10.406594,True,1h
2026-05-15 10:06:44,1,"7°10'00.64""S 107°24'04.92""E",2201.98,395.80792,143.42654,19.881498,90.48936,-73.81869,10.406543,True,1h
2026-05-15 10:06:48,1,"7°10'00.64""S 107°24'04.92""E",2201.98,395.78647,143.41815,19.881226,90.49015,-73.81906,10.406491,True,1h
2026-05-15 10:06:52,1,"7°10'00.64""S 107°24'04.92""E",2201.98,395.76508,143.40977,19.88095,90.49094,-73.81943,10.406441,True,1h
2026-05-15 10:06:56,1,"7°10'00.64""S 107°24'04.92""E",2201.98,395.74368,143.40138,19.880678,90.49173,-73.8198,10.406389,True,1h
2026-05-15 10:07:00,1,"7°10'00.64""S 107°24'04.92""E",2201.98,395.7223,143.39299,19.880405,90.49252,-73.82017,10.406339,True,1h
2026-05-15 10:07:04,1,"7°10'00.64""S 107°24'04.92""E",2201.98,395.7009,143.38463,19.880133,90.49331,-73.82054,10.406288,True,1h
2026-05-15 10:07:08,1,"7°10'00.64""S 107°24'04.92""E",2201.98,395.6795,143.37624,19.87986,90.4941,-73.82091,10.406238,True,1h
2026-05-15 10:07:12,1,"7°10'00.64""S 107°24'04.92""E",2201.98,395.6581,143.36786,19.879587,90.49489,-73.82128,10.406187,True,1h
2026-05-15 10:07:16,1,"7°10'00.64""S 107°24'04.92""E",2201.98,395.63675,143.35948,19.879313,90.49568,-73.82165,10.406135,True,1h
2026-05-15 10:07:20,1,"7°10'00.64""S 107°24'04.92""E",2201.98,395.6154,143.3511,19.879038,90.496475,-73.82202,10.406084,True,1h
2026-05-15 10:07:24,1,"7°10'00.64""S 107°24'04.92""E",2201.98,395.59402,143.34273,19.878767,90.49728,-73.82239,10.4060335,True,1h
2026-05-15 10:07:28,1,"7°10'00.64""S 107°24'04.92""E",2201.98,395.57263,143.33437,19.878492,90.49806,-73.82276,10.405984,True,1h
2026-05-15 10:07:32,1,"7°10'00.64""S 107°24'04.92""E",2201.98,395.5513,143.32597,19.878218,90.498856,-73.82313,10.405933,True,1h
2026-05-15 10:07:36,1,"7°10'00.64""S 107°24'04.92""E",2201.98,395.52994,143.31761,19.877945,90.49965,-73.8235,10.405882,True,1h
2026-05-15 10:07:40,1,"7°10'00.64""S 107°24'04.92""E",2201.98,395.50858,143.30925,19.877672,90.50044,-73.823875,10.40583,True,1h
2026-05-15 10:07:44,1,"7°10'00.64""S 107°24'04.92""E",2201.98,395.48724,143.30087,19.877396,90.501236,-73.82424,10.405781,True,1h
2026-05-15 10:07:48,1,"7°10'00.64""S 107°24'04.92""E",2201.98,395.4659,143.29251,19.877123,90.50202,-73.824615,10.40573,True,1h
2026-05-15 10:07:52,1,"7°10'00.64""S 107°24'04.92""E",2201.98,395.44458,143.28415,19.87685,90.502815,-73.82498,10.40568,True,1h
2026-05-15 10:07:56,1,"7°10'00.64""S 107°24'04.92""E",2201.98,395.42328,143.27579,19.876577,90.50361,-73.82535,10.405629,True,1h
2026-05-15 10:08:00,1,"7°10'00.64""S 107°24'04.92""E",2201.98,395.40195,143.26743,19.8763,90.5044,-73.825714,10.405578,True,1h
2026-05-15 10:08:04,1,"7°10'00.64""S 107°24'04.92""E",2201.98,395.3806,143.25906,19.876028,90.505196,-73.82609,10.405528,True,1h
2026-05-15 10:08:08,1,"7°10'00.64""S 107°24'04.92""E",2201.98,395.35928,143.2507,19.875753,90.50598,-73.82646,10.405478,True,1h
2026-05-15 10:08:12,1,"7°10'00.64""S 107°24'04.92""E",2201.98,395.338,143.24236,19.87548,90.506775,-73.82683,10.405427,True,1h
2026-05-15 10:08:16,1,"7°10'00.64""S 107°24'04.92""E",2201.98,395.31668,143.234,19.875206,90.50757,-73.8272,10.405376,True,1h
2026-05-15 10:08:20,1,"7°10'00.64""S 107°24'04.92""E",2201.98,395.2954,143.22563,19.874931,90.50836,-73.82756,10.405326,True,1h
2026-05-15 10:08:24,1,"7°10'00.64""S 107°24'04.92""E",2201.98,395.2741,143.21729,19.874657,90.509155,-73.827934,10.405275,True,1h
2026-05-15 10:08:28,1,"7°10'00.64""S 107°24'04.92""E",2201.98,395.2528,143.20894,19.874384,90.50995,-73.8283,10.405226,True,1h
2026-05-15 10:08:32,1,"7°10'00.64""S 107°24'04.92""E",2201.98,395.23154,143.20058,19.87411,90.51074,-73.828674,10.405175,True,1h
2026-05-15 10:08:36,1,"7°10'00.64""S 107°24'04.92""E",2201.98,395.21027,143.19223,19.873835,90.511536,-73.82904,10.405125,True,1h
2026-05-15 10:08:40,1,"7°10'00.64""S 107°24'04.92""E",2201.98,395.189,143.18388,19.873558,90.51233,-73.82941,10.405074,True,1h
2026-05-15 10:08:44,1,"7°10'00.64""S 107°24'04.92""E",2201.98,395.16776,143.17555,19.873285,90.513115,-73.82978,10.405025,True,1h
2026-05-15 10:08:48,1,"7°10'00.64""S 107°24'04.92""E",2201.98,395.14648,143.16719,19.87301,90.513916,-73.83015,10.404974,True,1h
2026-05-15 10:08:52,1,"7°10'00.64""S 107°24'04.92""E",2201.98,395.1252,143.15884,19.872736,90.51471,-73.83051,10.404923,True,1h
2026-05-15 10:08:56,1,"7°10'00.64""S 107°24'04.92""E",2201.98,395.10397,143.15051,19.872461,90.5155,-73.83089,10.404873,True,1h
2026-05-15 10:09:00,1,"7°10'00.64""S 107°24'04.92""E",2201.98,395.0827,143.14217,19.872185,90.5163,-73.831245,10.404823,True,1h
2026-05-15 10:09:04,1,"7°10'00.64""S 107°24'04.92""E",2201.98,395.0615,143.13383,19.87191,90.51708,-73.83163,10.404773,True,1h
2026-05-15 10:09:08,1,"7°10'00.64""S 107°24'04.92""E",2201.98,395.04022,143.1255,19.871637,90.517876,-73.831985,10.404722,True,1h
2026-05-15 10:09:12,1,"7°10'00.64""S 107°24'04.92""E",2201.98,395.019,143.11716,19.871363,90.51867,-73.83236,10.404673,True,1h
2026-05-15 10:09:16,1,"7°10'00.64""S 107°24'04.92""E",2201.98,394.9978,143.10883,19.871088,90.51947,-73.832726,10.404623,True,1h
2026-05-15 10:09:20,1,"7°10'00.64""S 107°24'04.92""E",2201.98,394.97656,143.1005,19.870813,90.520256,-73.83309,10.4045725,True,1h
2026-05-15 10:09:24,1,"7°10'00.64""S 107°24'04.92""E",2201.98,394.95535,143.09216,19.870537,90.52105,-73.83346,10.404522,True,1h
2026-05-15 10:09:28,1,"7°10'00.64""S 107°24'04.92""E",2201.98,394.9341,143.08383,19.87026,90.52184,-73.83383,10.404472,True,1h
2026-05-15 10:09:32,1,"7°10'00.64""S 107°24'04.92""E",2201.98,394.91293,143.07552,19.869986,90.52264,-73.8342,10.404423,True,1h
2026-05-15 10:09:36,1,"7°10'00.64""S 107°24'04.92""E",2201.98,394.89172,143.06718,19.86971,90.52344,-73.834564,10.404372,True,1h
2026-05-15 10:09:40,1,"7°10'00.64""S 107°24'04.92""E",2201.98,394.8705,143.05885,19.869436,90.52422,-73.83493,10.404323,True,1h
2026-05-15 10:09:44,1,"7°10'00.64""S 107°24'04.92""E",2201.98,394.84933,143.05052,19.86916,90.52502,-73.8353,10.404273,True,1h
2026-05-15 10:09:48,1,"7°10'00.64""S 107°24'04.92""E",2201.98,394.82812,143.0422,19.868885,90.52581,-73.83567,10.4042225,True,1h
2026-05-15 10:09:52,1,"7°10'00.64""S 107°24'04.92""E",2201.98,394.80695,143.03389,19.86861,90.52661,-73.83603,10.404173,True,1h
2026-05-15 10:09:56,1,"7°10'00.64""S 107°24'04.92""E",2201.98,394.7858,143.02557,19.868334,90.527405,-73.8364,10.404123,True,1h
2026-05-15 10:10:00,1,"7°10'00.64""S 107°24'04.92""E",2201.98,394.76465,143.01724,19.86806,90.5282,-73.83677,10.404073,True,1h
2026-05-15 10:10:04,1,"7°10'00.64""S 107°24'04.92""E",2201.98,394.74347,143.00893,19.867783,90.528984,-73.837135,10.404023,True,1h
2026-05-15 10:10:08,1,"7°10'00.64""S 107°24'04.92""E",2201.98,394.7223,143.00061,19.867508,90.529785,-73.8375,10.403974,True,1h
2026-05-15 10:10:12,1,"7°10'00.64""S 107°24'04.92""E",2201.98,394.70114,142.99231,19.867231,90.53058,-73.837875,10.403924,True,1h
2026-05-15 10:10:16,1,"7°10'00.64""S 107°24'04.92""E",2201.98,394.67996,142.984,19.866955,90.531364,-73.838234,10.403873,True,1h
2026-05-15 10:10:20,1,"7°10'00.64""S 107°24'04.92""E",2201.98,394.6588,142.97568,19.86668,90.532166,-73.8386,10.403825,True,1h
2026-05-15 10:10:24,1,"7°10'00.64""S 107°24'04.92""E",2201.98,394.6377,142.96738,19.866404,90.53296,-73.838974,10.403774,True,1h
2026-05-15 10:10:28,1,"7°10'00.64""S 107°24'04.92""E",2201.98,394.61655,142.95906,19.866127,90.53375,-73.83933,10.403725,True,1h
2026-05-15 10:10:32,1,"7°10'00.64""S 107°24'04.92""E",2201.98,394.5954,142.95076,19.865852,90.53455,-73.83971,10.403675,True,1h
2026-05-15 10:10:36,1,"7°10'00.64""S 107°24'04.92""E",2201.98,394.5743,142.94244,19.865576,90.53535,-73.84007,10.4036255,True,1h
2026-05-15 10:10:40,1,"7°10'00.64""S 107°24'04.92""E",2201.98,394.55316,142.93414,19.8653,90.53614,-73.84044,10.403576,True,1h
2026-05-15 10:10:44,1,"7°10'00.64""S 107°24'04.92""E",2201.98,394.53204,142.92584,19.865023,90.536934,-73.8408,10.403526,True,1h
2026-05-15 10:10:48,1,"7°10'00.64""S 107°24'04.92""E",2201.98,394.511,142.91754,19.864748,90.53773,-73.84117,10.403477,True,1h
2026-05-15 10:10:52,1,"7°10'00.64""S 107°24'04.92""E",2201.98,394.48984,142.90924,19.864471,90.53852,-73.84154,10.403427,True,1h
2026-05-15 10:10:56,1,"7°10'00.64""S 107°24'04.92""E",2201.98,394.46875,142.90096,19.864195,90.53932,-73.8419,10.4033785,True,1h
2026-05-15 10:11:00,1,"7°10'00.64""S 107°24'04.92""E",2201.98,394.44766,142.89265,19.863918,90.54011,-73.84227,10.403328,True,1h
2026-05-15 10:11:04,1,"7°10'00.64""S 107°24'04.92""E",2201.98,394.42654,142.88435,19.863642,90.54091,-73.842636,10.403279,True,1h
2026-05-15 10:11:08,1,"7°10'00.64""S 107°24'04.92""E",2201.98,394.40546,142.87607,19.863365,90.5417,-73.843,10.40323,True,1h
2026-05-15 10:11:12,1,"7°10'00.64""S 107°24'04.92""E",2201.98,394.3844,142.86777,19.86309,90.542496,-73.84337,10.40318,True,1h
2026-05-15 10:11:16,1,"7°10'00.64""S 107°24'04.92""E",2201.98,394.3633,142.85948,19.862812,90.5433,-73.843735,10.403131,True,1h
2026-05-15 10:11:20,1,"7°10'00.64""S 107°24'04.92""E",2201.98,394.34225,142.8512,19.862535,90.54408,-73.8441,10.403081,True,1h
2026-05-15 10:11:24,1,"7°10'00.64""S 107°24'04.92""E",2201.98,394.3212,142.84291,19.862259,90.54488,-73.84447,10.403032,True,1h
2026-05-15 10:11:28,1,"7°10'00.64""S 107°24'04.92""E",2201.98,394.3001,142.83461,19.861982,90.54568,-73.84483,10.402983,True,1h
2026-05-15 10:11:32,1,"7°10'00.64""S 107°24'04.92""E",2201.98,394.27905,142.82634,19.861706,90.54648,-73.8452,10.402933,True,1h
2026-05-15 10:11:36,1,"7°10'00.64""S 107°24'04.92""E",2201.98,394.25797,142.81805,19.86143,90.54727,-73.84556,10.4028845,True,1h
2026-05-15 10:11:40,1,"7°10'00.64""S 107°24'04.92""E",2201.98,394.23694,142.80977,19.861153,90.54806,-73.845924,10.402835,True,1h
2026-05-15 10:11:44,1,"7°10'00.64""S 107°24'04.92""E",2201.98,394.21594,142.80148,19.860876,90.54886,-73.84629,10.402785,True,1h
2026-05-15 10:11:48,1,"7°10'00.64""S 107°24'04.92""E",2201.98,394.1949,142.7932,19.860598,90.54965,-73.84666,10.402737,True,1h
2026-05-15 10:11:52,1,"7°10'00.64""S 107°24'04.92""E",2201.98,394.17386,142.78491,19.860321,90.55045,-73.847015,10.402687,True,1h
2026-05-15 10:11:56,1,"7°10'00.64""S 107°24'04.92""E",2201.98,394.1528,142.77664,19.860044,90.55125,-73.84739,10.402638,True,1h
2026-05-15 10:12:00,1,"7°10'00.64""S 107°24'04.92""E",2201.98,394.1318,142.76837,19.859768,90.55204,-73.847755,10.402589,True,1h
2026-05-15 10:12:04,1,"7°10'00.64""S 107°24'04.92""E",2201.98,394.11072,142.7601,19.85949,90.55283,-73.84812,10.40254,True,1h
2026-05-15 10:12:08,1,"7°10'00.64""S 107°24'04.92""E",2201.98,394.08975,142.75183,19.859213,90.553635,-73.84848,10.402491,True,1h
2026-05-15 10:12:12,1,"7°10'00.64""S 107°24'04.92""E",2201.98,394.06876,142.74356,19.858936,90.55443,-73.848854,10.402442,True,1h
2026-05-15 10:12:16,1,"7°10'00.64""S 107°24'04.92""E",2201.98,394.04773,142.73529,19.858658,90.55523,-73.84921,10.402393,True,1h
2026-05-15 10:12:20,1,"7°10'00.64""S 107°24'04.92""E",2201.98,394.02673,142.72702,19.858381,90.556015,-73.84958,10.402344,True,1h
2026-05-15 10:12:24,1,"7°10'00.64""S 107°24'04.92""E",2201.98,394.00577,142.71875,19.858103,90.556816,-73.84994,10.402295,True,1h
2026-05-15 10:12:28,1,"7°10'00.64""S 107°24'04.92""E",2201.98,393.98474,142.71048,19.857824,90.55761,-73.85031,10.4022455,True,1h
2026-05-15 10:12:32,1,"7°10'00.64""S 107°24'04.92""E",2201.98,393.96378,142.70222,19.857548,90.55841,-73.85068,10.402197,True,1h
2026-05-15 10:12:36,1,"7°10'00.64""S 107°24'04.92""E",2201.98,393.9428,142.69395,19.85727,90.559204,-73.851036,10.402147,True,1h
2026-05-15 10:12:40,1,"7°10'00.64""S 107°24'04.92""E",2201.98,393.9218,142.6857,19.856993,90.560005,-73.8514,10.402099,True,1h
2026-05-15 10:12:44,1,"7°10'00.64""S 107°24'04.92""E",2201.98,393.90085,142.67743,19.856714,90.56079,-73.85176,10.40205,True,1h
2026-05-15 10:12:48,1,"7°10'00.64""S 107°24'04.92""E",2201.98,393.8799,142.66917,19.856438,90.56159,-73.85213,10.402001,True,1h
2026-05-15 10:12:52,1,"7°10'00.64""S 107°24'04.92""E",2201.98,393.85895,142.6609,19.85616,90.56239,-73.8525,10.401953,True,1h
2026-05-15 10:12:56,1,"7°10'00.64""S 107°24'04.92""E",2201.98,393.83798,142.65266,19.85588,90.56319,-73.85286,10.401903,True,1h
2026-05-15 10:13:00,1,"7°10'00.64""S 107°24'04.92""E",2201.98,393.81702,142.64441,19.855602,90.56399,-73.85322,10.401855,True,1h
2026-05-15 10:13:04,1,"7°10'00.64""S 107°24'04.92""E",2201.98,393.79608,142.63615,19.855324,90.56479,-73.853584,10.401806,True,1h
2026-05-15 10:13:08,1,"7°10'00.64""S 107°24'04.92""E",2201.98,393.77515,142.6279,19.855047,90.565575,-73.85395,10.401757,True,1h
2026-05-15 10:13:12,1,"7°10'00.64""S 107°24'04.92""E",2201.98,393.75424,142.61964,19.854769,90.566376,-73.85432,10.401709,True,1h
2026-05-15 10:13:16,1,"7°10'00.64""S 107°24'04.92""E",2201.98,393.73328,142.6114,19.85449,90.56717,-73.854675,10.40166,True,1h
2026-05-15 10:13:20,1,"7°10'00.64""S 107°24'04.92""E",2201.98,393.71237,142.60315,19.854212,90.56797,-73.85504,10.401611,True,1h
2026-05-15 10:13:24,1,"7°10'00.64""S 107°24'04.92""E",2201.98,393.69147,142.59491,19.853933,90.56877,-73.85541,10.401563,True,1h
2026-05-15 10:13:28,1,"7°10'00.64""S 107°24'04.92""E",2201.98,393.6705,142.58665,19.853655,90.56956,-73.85577,10.401514,True,1h
2026-05-15 10:13:32,1,"7°10'00.64""S 107°24'04.92""E",2201.98,393.64963,142.57843,19.853378,90.57036,-73.85613,10.401465,True,1h
2026-05-15 10:13:36,1,"7°10'00.64""S 107°24'04.92""E",2201.98,393.6287,142.57018,19.853098,90.57116,-73.8565,10.401417,True,1h
2026-05-15 10:13:40,1,"7°10'00.64""S 107°24'04.92""E",2201.98,393.60782,142.56194,19.85282,90.57195,-73.85686,10.401369,True,1h
2026-05-15 10:13:44,1,"7°10'00.64""S 107°24'04.92""E",2201.98,393.58694,142.5537,19.852541,90.572754,-73.85722,10.4013195,True,1h
2026-05-15 10:13:48,1,"7°10'00.64""S 107°24'04.92""E",2201.98,393.56604,142.54546,19.852262,90.573555,-73.85758,10.401272,True,1h
2026-05-15 10:13:52,1,"7°10'00.64""S 107°24'04.92""E",2201.98,393.5451,142.53722,19.851986,90.57435,-73.85795,10.401223,True,1h
2026-05-15 10:13:56,1,"7°10'00.64""S 107°24'04.92""E",2201.98,393.52423,142.52898,19.851706,90.57514,-73.858315,10.401175,True,1h
2026-05-15 10:14:00,1,"7°10'00.64""S 107°24'04.92""E",2201.98,393.50342,142.52075,19.851427,90.57594,-73.85867,10.401126,True,1h
2026-05-15 10:14:04,1,"7°10'00.64""S 107°24'04.92""E",2201.98,393.48248,142.51251,19.851147,90.576744,-73.85903,10.401077,True,1h
2026-05-15 10:14:08,1,"7°10'00.64""S 107°24'04.92""E",2201.98,393.46164,142.50429,19.85087,90.577545,-73.8594,10.401029,True,1h
2026-05-15 10:14:12,1,"7°10'00.64""S 107°24'04.92""E",2201.98,393.44077,142.49606,19.85059,90.57834,-73.859764,10.40098,True,1h
2026-05-15 10:14:16,1,"7°10'00.64""S 107°24'04.92""E",2201.98,393.41995,142.48782,19.850311,90.57913,-73.86013,10.400932,True,1h
2026-05-15 10:14:20,1,"7°10'00.64""S 107°24'04.92""E",2201.98,393.39908,142.4796,19.85003,90.57993,-73.86049,10.400884,True,1h
2026-05-15 10:14:24,1,"7°10'00.64""S 107°24'04.92""E",2201.98,393.37827,142.47137,19.849754,90.580734,-73.860855,10.400836,True,1h
2026-05-15 10:14:28,1,"7°10'00.64""S 107°24'04.92""E",2201.98,393.3574,142.46315,19.849474,90.58153,-73.86121,10.400787,True,1h
2026-05-15 10:14:32,1,"7°10'00.64""S 107°24'04.92""E",2201.98,393.33658,142.45493,19.849195,90.58233,-73.86157,10.40074,True,1h
2026-05-15 10:14:36,1,"7°10'00.64""S 107°24'04.92""E",2201.98,393.3157,142.4467,19.848915,90.58313,-73.86194,10.400691,True,1h
2026-05-15 10:14:40,1,"7°10'00.64""S 107°24'04.92""E",2201.98,393.2949,142.43848,19.848637,90.58392,-73.8623,10.400642,True,1h
2026-05-15 10:14:44,1,"7°10'00.64""S 107°24'04.92""E",2201.98,393.27405,142.43025,19.848356,90.58472,-73.86266,10.400595,True,1h
2026-05-15 10:14:48,1,"7°10'00.64""S 107°24'04.92""E",2201.98,393.25327,142.42204,19.848076,90.58552,-73.86303,10.400546,True,1h
2026-05-15 10:14:52,1,"7°10'00.64""S 107°24'04.92""E",2201.98,393.23242,142.41382,19.8478,90.58632,-73.86339,10.400498,True,1h
2026-05-15 10:14:56,1,"7°10'00.64""S 107°24'04.92""E",2201.98,393.21164,142.40561,19.847517,90.58712,-73.86375,10.40045,True,1h
2026-05-15 10:15:00,1,"7°10'00.64""S 107°24'04.92""E",2201.98,393.19083,142.3974,19.847239,90.58792,-73.864105,10.400402,True,1h
2026-05-15 10:15:04,1,"7°10'00.64""S 107°24'04.92""E",2201.98,393.17004,142.38918,19.84696,90.588715,-73.86447,10.400354,True,1h
2026-05-15 10:15:08,1,"7°10'00.64""S 107°24'04.92""E",2201.98,393.14923,142.38098,19.84668,90.589516,-73.86483,10.400306,True,1h
2026-05-15 10:15:12,1,"7°10'00.64""S 107°24'04.92""E",2201.98,393.12845,142.37276,19.8464,90.59032,-73.8652,10.400258,True,1h
2026-05-15 10:15:16,1,"7°10'00.64""S 107°24'04.92""E",2201.98,393.10764,142.36455,19.84612,90.59111,-73.86556,10.400209,True,1h
2026-05-15 10:15:20,1,"7°10'00.64""S 107°24'04.92""E",2201.98,393.08688,142.35635,19.845839,90.59191,-73.86592,10.400163,True,1h
2026-05-15 10:15:24,1,"7°10'00.64""S 107°24'04.92""E",2201.98,393.06607,142.34814,19.84556,90.59271,-73.86629,10.400114,True,1h
2026-05-15 10:15:28,1,"7°10'00.64""S 107°24'04.92""E",2201.98,393.04535,142.33994,19.84528,90.593506,-73.866646,10.400065,True,1h
2026-05-15 10:15:32,1,"7°10'00.64""S 107°24'04.92""E",2201.98,393.02457,142.33173,19.845,90.59431,-73.867004,10.400018,True,1h
2026-05-15 10:15:36,1,"7°10'00.64""S 107°24'04.92""E",2201.98,393.0038,142.32353,19.844719,90.59511,-73.86736,10.39997,True,1h
2026-05-15 10:15:40,1,"7°10'00.64""S 107°24'04.92""E",2201.98,392.98306,142.31534,19.84444,90.59591,-73.86772,10.399922,True,1h
2026-05-15 10:15:44,1,"7°10'00.64""S 107°24'04.92""E",2201.98,392.9623,142.30713,19.84416,90.59671,-73.86809,10.399875,True,1h
2026-05-15 10:15:48,1,"7°10'00.64""S 107°24'04.92""E",2201.98,392.94156,142.29893,19.84388,90.59751,-73.868454,10.399826,True,1h
2026-05-15 10:15:52,1,"7°10'00.64""S 107°24'04.92""E",2201.98,392.9208,142.29073,19.8436,90.59831,-73.868805,10.399779,True,1h
2026-05-15 10:15:56,1,"7°10'00.64""S 107°24'04.92""E",2201.98,392.9001,142.28255,19.843319,90.599106,-73.86917,10.399731,True,1h
2026-05-15 10:16:00,1,"7°10'00.64""S 107°24'04.92""E",2201.98,392.87936,142.27435,19.843039,90.59991,-73.86953,10.399683,True,1h
2026-05-15 10:16:04,1,"7°10'00.64""S 107°24'04.92""E",2201.98,392.8586,142.26614,19.842758,90.60071,-73.869896,10.399636,True,1h
2026-05-15 10:16:08,1,"7°10'00.64""S 107°24'04.92""E",2201.98,392.83792,142.25795,19.842476,90.60151,-73.870255,10.399588,True,1h
2026-05-15 10:16:12,1,"7°10'00.64""S 107°24'04.92""E",2201.98,392.81717,142.24977,19.842197,90.60231,-73.87061,10.39954,True,1h
2026-05-15 10:16:16,1,"7°10'00.64""S 107°24'04.92""E",2201.98,392.79648,142.24158,19.841915,90.60311,-73.87098,10.399493,True,1h
2026-05-15 10:16:20,1,"7°10'00.64""S 107°24'04.92""E",2201.98,392.77576,142.2334,19.841637,90.60391,-73.87134,10.399445,True,1h
2026-05-15 10:16:24,1,"7°10'00.64""S 107°24'04.92""E",2201.98,392.75507,142.2252,19.841354,90.604706,-73.8717,10.399398,True,1h
2026-05-15 10:16:28,1,"7°10'00.64""S 107°24'04.92""E",2201.98,392.73438,142.21703,19.841074,90.60551,-73.872055,10.39935,True,1h
2026-05-15 10:16:32,1,"7°10'00.64""S 107°24'04.92""E",2201.98,392.71368,142.20883,19.840794,90.60631,-73.87241,10.399302,True,1h
2026-05-15 10:16:36,1,"7°10'00.64""S 107°24'04.92""E",2201.98,392.693,142.20065,19.840511,90.60711,-73.87277,10.399255,True,1h
2026-05-15 10:16:40,1,"7°10'00.64""S 107°24'04.92""E",2201.98,392.67233,142.19247,19.84023,90.60791,-73.87313,10.399207,True,1h
2026-05-15 10:16:44,1,"7°10'00.64""S 107°24'04.92""E",2201.98,392.65164,142.1843,19.83995,90.60871,-73.87349,10.399159,True,1h
2026-05-15 10:16:48,1,"7°10'00.64""S 107°24'04.92""E",2201.98,392.63095,142.17612,19.83967,90.60951,-73.873856,10.399112,True,1h
2026-05-15 10:16:52,1,"7°10'00.64""S 107°24'04.92""E",2201.98,392.6103,142.16794,19.839388,90.610306,-73.874214,10.399065,True,1h
2026-05-15 10:16:56,1,"7°10'00.64""S 107°24'04.92""E",2201.98,392.58966,142.15976,19.839108,90.61111,-73.87457,10.399016,True,1h
2026-05-15 10:17:00,1,"7°10'00.64""S 107°24'04.92""E",2201.98,392.56897,142.15158,19.838825,90.61191,-73.87494,10.39897,True,1h
2026-05-15 10:17:04,1,"7°10'00.64""S 107°24'04.92""E",2201.98,392.5483,142.14342,19.838545,90.61271,-73.8753,10.398923,True,1h
2026-05-15 10:17:08,1,"7°10'00.64""S 107°24'04.92""E",2201.98,392.52768,142.13525,19.838263,90.61352,-73.875656,10.398875,True,1h
2026-05-15 10:17:12,1,"7°10'00.64""S 107°24'04.92""E",2201.98,392.50702,142.12708,19.837982,90.61432,-73.876015,10.398828,True,1h
2026-05-15 10:17:16,1,"7°10'00.64""S 107°24'04.92""E",2201.98,392.48642,142.11891,19.8377,90.61512,-73.87637,10.398781,True,1h
2026-05-15 10:17:20,1,"7°10'00.64""S 107°24'04.92""E",2201.98,392.46573,142.11073,19.83742,90.61591,-73.87673,10.398733,True,1h
2026-05-15 10:17:24,1,"7°10'00.64""S 107°24'04.92""E",2201.98,392.44513,142.10258,19.837137,90.616714,-73.87709,10.398685,True,1h
2026-05-15 10:17:28,1,"7°10'00.64""S 107°24'04.92""E",2201.98,392.42453,142.0944,19.836857,90.61752,-73.87745,10.398639,True,1h
2026-05-15 10:17:32,1,"7°10'00.64""S 107°24'04.92""E",2201.98,392.40387,142.08624,19.836575,90.618324,-73.877815,10.398592,True,1h
2026-05-15 10:17:36,1,"7°10'00.64""S 107°24'04.92""E",2201.98,392.38327,142.07808,19.836292,90.619125,-73.87817,10.398544,True,1h
2026-05-15 10:17:40,1,"7°10'00.64""S 107°24'04.92""E",2201.98,392.3626,142.06992,19.83601,90.61993,-73.87853,10.398497,True,1h
2026-05-15 10:17:44,1,"7°10'00.64""S 107°24'04.92""E",2201.98,392.34204,142.06175,19.83573,90.62073,-73.87889,10.39845,True,1h
2026-05-15 10:17:48,1,"7°10'00.64""S 107°24'04.92""E",2201.98,392.32144,142.0536,19.835447,90.62152,-73.87925,10.398402,True,1h
2026-05-15 10:17:52,1,"7°10'00.64""S 107°24'04.92""E",2201.98,392.30084,142.04544,19.835167,90.62233,-73.87961,10.3983555,True,1h
2026-05-15 10:17:56,1,"7°10'00.64""S 107°24'04.92""E",2201.98,392.28024,142.03728,19.834883,90.62313,-73.87997,10.398308,True,1h
2026-05-15 10:18:00,1,"7°10'00.64""S 107°24'04.92""E",2201.98,392.25964,142.02913,19.8346,90.62393,-73.880325,10.398261,True,1h
2026-05-15 10:18:04,1,"7°10'00.64""S 107°24'04.92""E",2201.98,392.23907,142.02098,19.834318,90.62474,-73.880684,10.398214,True,1h
2026-05-15 10:18:08,1,"7°10'00.64""S 107°24'04.92""E",2201.98,392.2185,142.01282,19.834038,90.62554,-73.88104,10.398167,True,1h
2026-05-15 10:18:12,1,"7°10'00.64""S 107°24'04.92""E",2201.98,392.19794,142.00467,19.833754,90.62634,-73.8814,10.39812,True,1h
2026-05-15 10:18:16,1,"7°10'00.64""S 107°24'04.92""E",2201.98,392.17737,141.99652,19.833473,90.627144,-73.88176,10.398073,True,1h
2026-05-15 10:18:20,1,"7°10'00.64""S 107°24'04.92""E",2201.98,392.1568,141.98837,19.83319,90.62795,-73.88212,10.398026,True,1h
2026-05-15 10:18:24,1,"7°10'00.64""S 107°24'04.92""E",2201.98,392.13623,141.98022,19.832907,90.628746,-73.88248,10.397979,True,1h
2026-05-15 10:18:28,1,"7°10'00.64""S 107°24'04.92""E",2201.98,392.11566,141.97208,19.832624,90.62955,-73.882835,10.397932,True,1h
2026-05-15 10:18:32,1,"7°10'00.64""S 107°24'04.92""E",2201.98,392.09515,141.96394,19.832342,90.630356,-73.883194,10.397885,True,1h
2026-05-15 10:18:36,1,"7°10'00.64""S 107°24'04.92""E",2201.98,392.0746,141.95578,19.83206,90.63116,-73.883545,10.397839,True,1h
2026-05-15 10:18:40,1,"7°10'00.64""S 107°24'04.92""E",2201.98,392.05405,141.94765,19.831778,90.63196,-73.8839,10.397792,True,1h
2026-05-15 10:18:44,1,"7°10'00.64""S 107°24'04.92""E",2201.98,392.0335,141.9395,19.831495,90.63277,-73.88426,10.397744,True,1h
2026-05-15 10:18:48,1,"7°10'00.64""S 107°24'04.92""E",2201.98,392.01297,141.93137,19.831213,90.63357,-73.88462,10.397698,True,1h
2026-05-15 10:18:52,1,"7°10'00.64""S 107°24'04.92""E",2201.98,391.99246,141.92323,19.830929,90.63437,-73.88498,10.397652,True,1h
2026-05-15 10:18:56,1,"7°10'00.64""S 107°24'04.92""E",2201.98,391.97192,141.91508,19.830647,90.63517,-73.88534,10.397605,True,1h
2026-05-15 10:19:00,1,"7°10'00.64""S 107°24'04.92""E",2201.98,391.95142,141.90695,19.830364,90.63597,-73.8857,10.397557,True,1h
2026-05-15 10:19:04,1,"7°10'00.64""S 107°24'04.92""E",2201.98,391.9309,141.89882,19.83008,90.63678,-73.886055,10.397511,True,1h
2026-05-15 10:19:08,1,"7°10'00.64""S 107°24'04.92""E",2201.98,391.9104,141.89069,19.829798,90.63758,-73.88641,10.397465,True,1h
2026-05-15 10:19:12,1,"7°10'00.64""S 107°24'04.92""E",2201.98,391.88992,141.88255,19.829515,90.63839,-73.88677,10.397418,True,1h
2026-05-15 10:19:16,1,"7°10'00.64""S 107°24'04.92""E",2201.98,391.8694,141.87442,19.829231,90.63919,-73.88713,10.397371,True,1h
2026-05-15 10:19:20,1,"7°10'00.64""S 107°24'04.92""E",2201.98,391.8489,141.86629,19.828949,90.63999,-73.88749,10.397324,True,1h
2026-05-15 10:19:24,1,"7°10'00.64""S 107°24'04.92""E",2201.98,391.82843,141.85817,19.828667,90.6408,-73.88784,10.397278,True,1h
2026-05-15 10:19:28,1,"7°10'00.64""S 107°24'04.92""E",2201.98,391.80795,141.85004,19.828382,90.6416,-73.8882,10.397232,True,1h
2026-05-15 10:19:32,1,"7°10'00.64""S 107°24'04.92""E",2201.98,391.78748,141.84192,19.8281,90.6424,-73.88856,10.397184,True,1h
2026-05-15 10:19:36,1,"7°10'00.64""S 107°24'04.92""E",2201.98,391.76694,141.83379,19.827816,90.6432,-73.88891,10.397139,True,1h
2026-05-15 10:19:40,1,"7°10'00.64""S 107°24'04.92""E",2201.98,391.7465,141.82565,19.827532,90.64401,-73.88927,10.397091,True,1h
2026-05-15 10:19:44,1,"7°10'00.64""S 107°24'04.92""E",2201.98,391.72607,141.81754,19.82725,90.64482,-73.889626,10.397044,True,1h
2026-05-15 10:19:48,1,"7°10'00.64""S 107°24'04.92""E",2201.98,391.70563,141.80942,19.826965,90.64562,-73.889984,10.396998,True,1h
2026-05-15 10:19:52,1,"7°10'00.64""S 107°24'04.92""E",2201.98,391.68518,141.8013,19.826681,90.64642,-73.89034,10.396953,True,1h
2026-05-15 10:19:56,1,"7°10'00.64""S 107°24'04.92""E",2201.98,391.6647,141.79317,19.826399,90.64723,-73.8907,10.396906,True,1h
2026-05-15 10:20:00,1,"7°10'00.64""S 107°24'04.92""E",2201.98,391.64426,141.78506,19.826115,90.64804,-73.89105,10.396859,True,1h
2026-05-15 10:20:04,1,"7°10'00.64""S 107°24'04.92""E",2201.98,391.6238,141.77695,19.82583,90.64884,-73.89141,10.396812,True,1h
2026-05-15 10:20:08,1,"7°10'00.64""S 107°24'04.92""E",2201.98,391.60333,141.76881,19.825546,90.64965,-73.89177,10.396766,True,1h
2026-05-15 10:20:12,1,"7°10'00.64""S 107°24'04.92""E",2201.98,391.58292,141.76071,19.825264,90.650444,-73.89212,10.39672,True,1h
2026-05-15 10:20:16,1,"7°10'00.64""S 107°24'04.92""E",2201.98,391.56253,141.75261,19.82498,90.65125,-73.89248,10.396674,True,1h
2026-05-15 10:20:20,1,"7°10'00.64""S 107°24'04.92""E",2201.98,391.54208,141.74449,19.824696,90.65206,-73.89283,10.396627,True,1h
2026-05-15 10:20:24,1,"7°10'00.64""S 107°24'04.92""E",2201.98,391.52167,141.73639,19.824411,90.65286,-73.89319,10.396582,True,1h
2026-05-15 10:20:28,1,"7°10'00.64""S 107°24'04.92""E",2201.98,391.50125,141.72827,19.824127,90.65367,-73.89355,10.396535,True,1h
2026-05-15 10:20:32,1,"7°10'00.64""S 107°24'04.92""E",2201.98,391.48083,141.72017,19.823843,90.65447,-73.893906,10.396489,True,1h
2026-05-15 10:20:36,1,"7°10'00.64""S 107°24'04.92""E",2201.98,391.46045,141.71207,19.823559,90.65528,-73.89426,10.396442,True,1h
2026-05-15 10:20:40,1,"7°10'00.64""S 107°24'04.92""E",2201.98,391.44003,141.70395,19.823275,90.65608,-73.894615,10.396396,True,1h
2026-05-15 10:20:44,1,"7°10'00.64""S 107°24'04.92""E",2201.98,391.41968,141.69585,19.82299,90.65689,-73.89497,10.39635,True,1h
2026-05-15 10:20:48,1,"7°10'00.64""S 107°24'04.92""E",2201.98,391.39923,141.68774,19.822706,90.6577,-73.895325,10.396304,True,1h
2026-05-15 10:20:52,1,"7°10'00.64""S 107°24'04.92""E",2201.98,391.37888,141.67964,19.822422,90.6585,-73.89568,10.396258,True,1h
2026-05-15 10:20:56,1,"7°10'00.64""S 107°24'04.92""E",2201.98,391.35852,141.67154,19.822136,90.6593,-73.89604,10.396213,True,1h
2026-05-15 10:21:00,1,"7°10'00.64""S 107°24'04.92""E",2201.98,391.33813,141.66345,19.821854,90.66011,-73.8964,10.396166,True,1h
2026-05-15 10:21:04,1,"7°10'00.64""S 107°24'04.92""E",2201.98,391.31772,141.65535,19.821568,90.66092,-73.89675,10.396119,True,1h
2026-05-15 10:21:08,1,"7°10'00.64""S 107°24'04.92""E",2201.98,391.2974,141.64726,19.821285,90.66172,-73.8971,10.396073,True,1h
2026-05-15 10:21:12,1,"7°10'00.64""S 107°24'04.92""E",2201.98,391.27704,141.63914,19.821,90.66253,-73.89746,10.396028,True,1h
2026-05-15 10:21:16,1,"7°10'00.64""S 107°24'04.92""E",2201.98,391.25668,141.63107,19.820713,90.66334,-73.89781,10.395982,True,1h
2026-05-15 10:21:20,1,"7°10'00.64""S 107°24'04.92""E",2201.98,391.2363,141.62297,19.82043,90.66415,-73.89817,10.395935,True,1h
2026-05-15 10:21:24,1,"7°10'00.64""S 107°24'04.92""E",2201.98,391.21594,141.61488,19.820145,90.664955,-73.89853,10.395889,True,1h
2026-05-15 10:21:28,1,"7°10'00.64""S 107°24'04.92""E",2201.98,391.19562,141.60678,19.81986,90.665764,-73.89888,10.395844,True,1h
2026-05-15 10:21:32,1,"7°10'00.64""S 107°24'04.92""E",2201.98,391.1753,141.59871,19.819574,90.666565,-73.89924,10.395799,True,1h
2026-05-15 10:21:36,1,"7°10'00.64""S 107°24'04.92""E",2201.98,391.15494,141.59062,19.81929,90.667366,-73.89959,10.395753,True,1h
2026-05-15 10:21:40,1,"7°10'00.64""S 107°24'04.92""E",2201.98,391.13467,141.58252,19.819004,90.668175,-73.89994,10.395706,True,1h
2026-05-15 10:21:44,1,"7°10'00.64""S 107°24'04.92""E",2201.98,391.11432,141.57445,19.81872,90.66898,-73.9003,10.39566,True,1h
2026-05-15 10:21:48,1,"7°10'00.64""S 107°24'04.92""E",2201.98,391.094,141.56636,19.818436,90.66979,-73.90066,10.395615,True,1h
2026-05-15 10:21:52,1,"7°10'00.64""S 107°24'04.92""E",2201.98,391.0737,141.55827,19.818151,90.67059,-73.90101,10.395569,True,1h
2026-05-15 10:21:56,1,"7°10'00.64""S 107°24'04.92""E",2201.98,391.05334,141.55019,19.817865,90.6714,-73.90137,10.395523,True,1h
2026-05-15 10:22:00,1,"7°10'00.64""S 107°24'04.92""E",2201.98,391.03305,141.5421,19.81758,90.67221,-73.90172,10.395477,True,1h
2026-05-15 10:22:04,1,"7°10'00.64""S 107°24'04.92""E",2201.98,391.01276,141.53403,19.817293,90.67302,-73.90207,10.3954315,True,1h
2026-05-15 10:22:08,1,"7°10'00.64""S 107°24'04.92""E",2201.98,390.99246,141.52596,19.817007,90.67383,-73.90243,10.395386,True,1h
2026-05-15 10:22:12,1,"7°10'00.64""S 107°24'04.92""E",2201.98,390.97214,141.51787,19.816723,90.67464,-73.90279,10.39534,True,1h
2026-05-15 10:22:16,1,"7°10'00.64""S 107°24'04.92""E",2201.98,390.9519,141.5098,19.816437,90.675446,-73.90314,10.395294,True,1h
2026-05-15 10:22:20,1,"7°10'00.64""S 107°24'04.92""E",2201.98,390.9316,141.50172,19.816153,90.676254,-73.90349,10.395248,True,1h
2026-05-15 10:22:24,1,"7°10'00.64""S 107°24'04.92""E",2201.98,390.91135,141.49364,19.815866,90.67706,-73.90384,10.395203,True,1h
2026-05-15 10:22:28,1,"7°10'00.64""S 107°24'04.92""E",2201.98,390.89105,141.48558,19.815582,90.67787,-73.9042,10.395158,True,1h
2026-05-15 10:22:32,1,"7°10'00.64""S 107°24'04.92""E",2201.98,390.87082,141.47751,19.815296,90.678665,-73.90456,10.395112,True,1h
2026-05-15 10:22:36,1,"7°10'00.64""S 107°24'04.92""E",2201.98,390.85052,141.46944,19.81501,90.67948,-73.90491,10.395066,True,1h
2026-05-15 10:22:40,1,"7°10'00.64""S 107°24'04.92""E",2201.98,390.8303,141.46136,19.814722,90.68028,-73.90526,10.3950205,True,1h
2026-05-15 10:22:44,1,"7°10'00.64""S 107°24'04.92""E",2201.98,390.81003,141.45331,19.814436,90.6811,-73.90561,10.394975,True,1h
2026-05-15 10:22:48,1,"7°10'00.64""S 107°24'04.92""E",2201.98,390.78976,141.44524,19.81415,90.6819,-73.90597,10.39493,True,1h
2026-05-15 10:22:52,1,"7°10'00.64""S 107°24'04.92""E",2201.98,390.7695,141.43716,19.813864,90.68271,-73.90633,10.394884,True,1h
2026-05-15 10:22:56,1,"7°10'00.64""S 107°24'04.92""E",2201.98,390.7493,141.42911,19.813578,90.683525,-73.90667,10.394839,True,1h
2026-05-15 10:23:00,1,"7°10'00.64""S 107°24'04.92""E",2201.98,390.72906,141.42104,19.813292,90.68433,-73.90703,10.3947935,True,1h
2026-05-15 10:23:04,1,"7°10'00.64""S 107°24'04.92""E",2201.98,390.7088,141.41298,19.813005,90.68514,-73.90739,10.394748,True,1h
2026-05-15 10:23:08,1,"7°10'00.64""S 107°24'04.92""E",2201.98,390.6886,141.4049,19.81272,90.68595,-73.90773,10.394703,True,1h
2026-05-15 10:23:12,1,"7°10'00.64""S 107°24'04.92""E",2201.98,390.6684,141.39685,19.812433,90.68676,-73.90808,10.394657,True,1h
2026-05-15 10:23:16,1,"7°10'00.64""S 107°24'04.92""E",2201.98,390.64816,141.3888,19.812147,90.68757,-73.90844,10.394612,True,1h
2026-05-15 10:23:20,1,"7°10'00.64""S 107°24'04.92""E",2201.98,390.6279,141.38074,19.811861,90.68838,-73.9088,10.394567,True,1h
2026-05-15 10:23:24,1,"7°10'00.64""S 107°24'04.92""E",2201.98,390.60773,141.37268,19.811575,90.689186,-73.90915,10.394522,True,1h
2026-05-15 10:23:28,1,"7°10'00.64""S 107°24'04.92""E",2201.98,390.58752,141.36462,19.811289,90.689995,-73.9095,10.394476,True,1h
2026-05-15 10:23:32,1,"7°10'00.64""S 107°24'04.92""E",2201.98,390.56732,141.35658,19.811,90.690796,-73.90985,10.394431,True,1h
2026-05-15 10:23:36,1,"7°10'00.64""S 107°24'04.92""E",2201.98,390.54715,141.34853,19.810715,90.691605,-73.91021,10.394385,True,1h
2026-05-15 10:23:40,1,"7°10'00.64""S 107°24'04.92""E",2201.98,390.52695,141.34047,19.810429,90.69242,-73.91056,10.3943405,True,1h
2026-05-15 10:23:44,1,"7°10'00.64""S 107°24'04.92""E",2201.98,390.50674,141.33243,19.81014,90.69323,-73.91091,10.394296,True,1h
2026-05-15 10:23:48,1,"7°10'00.64""S 107°24'04.92""E",2201.98,390.48657,141.32439,19.809855,90.69404,-73.91126,10.39425,True,1h
2026-05-15 10:23:52,1,"7°10'00.64""S 107°24'04.92""E",2201.98,390.4664,141.31633,19.809568,90.69485,-73.91161,10.394205,True,1h
2026-05-15 10:23:56,1,"7°10'00.64""S 107°24'04.92""E",2201.98,390.4462,141.30829,19.80928,90.695656,-73.91197,10.39416,True,1h
2026-05-15 10:24:00,1,"7°10'00.64""S 107°24'04.92""E",2201.98,390.42606,141.30023,19.808994,90.69647,-73.912315,10.3941145,True,1h
2026-05-15 10:24:04,1,"7°10'00.64""S 107°24'04.92""E",2201.98,390.40588,141.29219,19.808706,90.69728,-73.912674,10.39407,True,1h
2026-05-15 10:24:08,1,"7°10'00.64""S 107°24'04.92""E",2201.98,390.38574,141.28415,19.80842,90.69809,-73.913025,10.394025,True,1h
2026-05-15 10:24:12,1,"7°10'00.64""S 107°24'04.92""E",2201.98,390.36557,141.27611,19.808132,90.6989,-73.913376,10.39398,True,1h
2026-05-15 10:24:16,1,"7°10'00.64""S 107°24'04.92""E",2201.98,390.34543,141.26807,19.807846,90.69971,-73.91373,10.393935,True,1h
2026-05-15 10:24:20,1,"7°10'00.64""S 107°24'04.92""E",2201.98,390.3253,141.26003,19.807558,90.70052,-73.914085,10.39389,True,1h
2026-05-15 10:24:24,1,"7°10'00.64""S 107°24'04.92""E",2201.98,390.30518,141.25198,19.80727,90.70133,-73.91444,10.393846,True,1h
2026-05-15 10:24:28,1,"7°10'00.64""S 107°24'04.92""E",2201.98,390.28503,141.24394,19.806984,90.70214,-73.91478,10.393801,True,1h
2026-05-15 10:24:32,1,"7°10'00.64""S 107°24'04.92""E",2201.98,390.26492,141.23592,19.806696,90.70296,-73.91514,10.393756,True,1h
2026-05-15 10:24:36,1,"7°10'00.64""S 107°24'04.92""E",2201.98,390.24475,141.22787,19.80641,90.703766,-73.91549,10.393711,True,1h
2026-05-15 10:24:40,1,"7°10'00.64""S 107°24'04.92""E",2201.98,390.22464,141.21985,19.806122,90.704575,-73.91584,10.393665,True,1h
2026-05-15 10:24:44,1,"7°10'00.64""S 107°24'04.92""E",2201.98,390.20453,141.2118,19.805834,90.70539,-73.91619,10.3936205,True,1h
2026-05-15 10:24:48,1,"7°10'00.64""S 107°24'04.92""E",2201.98,390.18442,141.20378,19.805548,90.7062,-73.91654,10.393576,True,1h
2026-05-15 10:24:52,1,"7°10'00.64""S 107°24'04.92""E",2201.98,390.16434,141.19576,19.805258,90.70701,-73.91689,10.393531,True,1h
2026-05-15 10:24:56,1,"7°10'00.64""S 107°24'04.92""E",2201.98,390.1442,141.18773,19.80497,90.707825,-73.917244,10.393486,True,1h
2026-05-15 10:25:00,1,"7°10'00.64""S 107°24'04.92""E",2201.98,390.12408,141.17969,19.804682,90.70863,-73.917595,10.393441,True,1h
2026-05-15 10:25:04,1,"7°10'00.64""S 107°24'04.92""E",2201.98,390.104,141.17166,19.804394,90.70945,-73.917946,10.393396,True,1h
2026-05-15 10:25:08,1,"7°10'00.64""S 107°24'04.92""E",2201.98,390.08395,141.16364,19.804106,90.71025,-73.9183,10.3933525,True,1h
2026-05-15 10:25:12,1,"7°10'00.64""S 107°24'04.92""E",2201.98,390.06384,141.15561,19.80382,90.71106,-73.918655,10.393308,True,1h
2026-05-15 10:25:16,1,"7°10'00.64""S 107°24'04.92""E",2201.98,390.04376,141.1476,19.803532,90.711876,-73.919,10.393263,True,1h
2026-05-15 10:25:20,1,"7°10'00.64""S 107°24'04.92""E",2201.98,390.0237,141.13956,19.803244,90.712685,-73.91935,10.393218,True,1h
2026-05-15 10:25:24,1,"7°10'00.64""S 107°24'04.92""E",2201.98,390.00363,141.13155,19.802956,90.7135,-73.91971,10.393173,True,1h
2026-05-15 10:25:28,1,"7°10'00.64""S 107°24'04.92""E",2201.98,389.98355,141.12354,19.802666,90.71431,-73.92005,10.393128,True,1h
2026-05-15 10:25:32,1,"7°10'00.64""S 107°24'04.92""E",2201.98,389.9635,141.11551,19.802378,90.715126,-73.9204,10.393085,True,1h
2026-05-15 10:25:36,1,"7°10'00.64""S 107°24'04.92""E",2201.98,389.94348,141.1075,19.80209,90.715935,-73.92075,10.39304,True,1h
2026-05-15 10:25:40,1,"7°10'00.64""S 107°24'04.92""E",2201.98,389.92337,141.09947,19.801804,90.71675,-73.921104,10.392995,True,1h
2026-05-15 10:25:44,1,"7°10'00.64""S 107°24'04.92""E",2201.98,389.90332,141.09146,19.801514,90.71756,-73.921455,10.392951,True,1h
2026-05-15 10:25:48,1,"7°10'00.64""S 107°24'04.92""E",2201.98,389.8833,141.08345,19.801226,90.718376,-73.92181,10.392906,True,1h
2026-05-15 10:25:52,1,"7°10'00.64""S 107°24'04.92""E",2201.98,389.86325,141.07542,19.800936,90.719185,-73.92216,10.392861,True,1h
2026-05-15 10:25:56,1,"7°10'00.64""S 107°24'04.92""E",2201.98,389.84323,141.06741,19.800648,90.72,-73.92251,10.392817,True,1h
2026-05-15 10:26:00,1,"7°10'00.64""S 107°24'04.92""E",2201.98,389.8232,141.0594,19.80036,90.72082,-73.92286,10.392773,True,1h
2026-05-15 10:26:04,1,"7°10'00.64""S 107°24'04.92""E",2201.98,389.8032,141.05139,19.800072,90.72163,-73.9232,10.392728,True,1h
2026-05-15 10:26:08,1,"7°10'00.64""S 107°24'04.92""E",2201.98,389.7831,141.04338,19.799782,90.72244,-73.92356,10.392684,True,1h
2026-05-15 10:26:12,1,"7°10'00.64""S 107°24'04.92""E",2201.98,389.76315,141.03539,19.799494,90.72325,-73.923904,10.392639,True,1h
2026-05-15 10:26:16,1,"7°10'00.64""S 107°24'04.92""E",2201.98,389.7431,141.02737,19.799204,90.72407,-73.924255,10.392595,True,1h
2026-05-15 10:26:20,1,"7°10'00.64""S 107°24'04.92""E",2201.98,389.72308,141.01938,19.798916,90.72488,-73.92461,10.39255,True,1h
2026-05-15 10:26:24,1,"7°10'00.64""S 107°24'04.92""E",2201.98,389.70312,141.01137,19.798628,90.72569,-73.92496,10.392506,True,1h
2026-05-15 10:26:28,1,"7°10'00.64""S 107°24'04.92""E",2201.98,389.6831,141.00336,19.798338,90.72651,-73.92531,10.392462,True,1h
2026-05-15 10:26:32,1,"7°10'00.64""S 107°24'04.92""E",2201.98,389.66312,140.99536,19.798048,90.727325,-73.92566,10.392418,True,1h
2026-05-15 10:26:36,1,"7°10'00.64""S 107°24'04.92""E",2201.98,389.64313,140.98735,19.797758,90.728134,-73.926,10.392374,True,1h
2026-05-15 10:26:40,1,"7°10'00.64""S 107°24'04.92""E",2201.98,389.62314,140.97935,19.79747,90.72895,-73.92635,10.392329,True,1h
2026-05-15 10:26:44,1,"7°10'00.64""S 107°24'04.92""E",2201.98,389.60315,140.97136,19.79718,90.72977,-73.926704,10.392284,True,1h
2026-05-15 10:26:48,1,"7°10'00.64""S 107°24'04.92""E",2201.98,389.58322,140.96336,19.79689,90.730576,-73.927055,10.392241,True,1h
2026-05-15 10:26:52,1,"7°10'00.64""S 107°24'04.92""E",2201.98,389.5632,140.95537,19.796602,90.73139,-73.92741,10.392197,True,1h
2026-05-15 10:26:56,1,"7°10'00.64""S 107°24'04.92""E",2201.98,389.5432,140.94737,19.796312,90.73221,-73.92775,10.392153,True,1h
2026-05-15 10:27:00,1,"7°10'00.64""S 107°24'04.92""E",2201.98,389.5233,140.93938,19.796022,90.733025,-73.9281,10.392109,True,1h
2026-05-15 10:27:04,1,"7°10'00.64""S 107°24'04.92""E",2201.98,389.50333,140.93138,19.795732,90.73383,-73.928444,10.392064,True,1h
2026-05-15 10:27:08,1,"7°10'00.64""S 107°24'04.92""E",2201.98,389.48343,140.92339,19.795444,90.73465,-73.9288,10.39202,True,1h
2026-05-15 10:27:12,1,"7°10'00.64""S 107°24'04.92""E",2201.98,389.46344,140.91539,19.795155,90.735466,-73.929146,10.391976,True,1h
2026-05-15 10:27:16,1,"7°10'00.64""S 107°24'04.92""E",2201.98,389.4435,140.90741,19.794865,90.73628,-73.9295,10.3919325,True,1h
2026-05-15 10:27:20,1,"7°10'00.64""S 107°24'04.92""E",2201.98,389.42355,140.89941,19.794575,90.7371,-73.92985,10.391889,True,1h
2026-05-15 10:27:24,1,"7°10'00.64""S 107°24'04.92""E",2201.98,389.4036,140.89143,19.794285,90.737915,-73.93019,10.391844,True,1h
2026-05-15 10:27:28,1,"7°10'00.64""S 107°24'04.92""E",2201.98,389.3837,140.88344,19.793995,90.73872,-73.93054,10.3918,True,1h
2026-05-15 10:27:32,1,"7°10'00.64""S 107°24'04.92""E",2201.98,389.36374,140.87544,19.793705,90.73954,-73.930885,10.391756,True,1h
2026-05-15 10:27:36,1,"7°10'00.64""S 107°24'04.92""E",2201.98,389.3438,140.86748,19.793417,90.74036,-73.931244,10.391713,True,1h
2026-05-15 10:27:40,1,"7°10'00.64""S 107°24'04.92""E",2201.98,389.3239,140.85948,19.793125,90.74117,-73.93159,10.391668,True,1h
2026-05-15 10:27:44,1,"7°10'00.64""S 107°24'04.92""E",2201.98,389.30402,140.8515,19.792835,90.74199,-73.93194,10.391624,True,1h
2026-05-15 10:27:48,1,"7°10'00.64""S 107°24'04.92""E",2201.98,389.2841,140.84352,19.792545,90.742805,-73.93229,10.391581,True,1h
2026-05-15 10:27:52,1,"7°10'00.64""S 107°24'04.92""E",2201.98,389.2642,140.83554,19.792255,90.74362,-73.93263,10.391537,True,1h
2026-05-15 10:27:56,1,"7°10'00.64""S 107°24'04.92""E",2201.98,389.24426,140.82756,19.791965,90.74444,-73.93298,10.391493,True,1h
2026-05-15 10:28:00,1,"7°10'00.64""S 107°24'04.92""E",2201.98,389.2244,140.81958,19.791676,90.745255,-73.93333,10.391449,True,1h
2026-05-15 10:28:04,1,"7°10'00.64""S 107°24'04.92""E",2201.98,389.2045,140.8116,19.791384,90.74607,-73.93368,10.391406,True,1h
2026-05-15 10:28:08,1,"7°10'00.64""S 107°24'04.92""E",2201.98,389.18463,140.80363,19.791094,90.74689,-73.93403,10.391362,True,1h
2026-05-15 10:28:12,1,"7°10'00.64""S 107°24'04.92""E",2201.98,389.16473,140.79567,19.790804,90.7477,-73.93437,10.391318,True,1h
2026-05-15 10:28:16,1,"7°10'00.64""S 107°24'04.92""E",2201.98,389.14484,140.78767,19.790512,90.74851,-73.934715,10.391274,True,1h
2026-05-15 10:28:20,1,"7°10'00.64""S 107°24'04.92""E",2201.98,389.12503,140.77971,19.790224,90.74934,-73.935074,10.391231,True,1h
2026-05-15 10:28:24,1,"7°10'00.64""S 107°24'04.92""E",2201.98,389.10513,140.77174,19.789932,90.75015,-73.93542,10.391188,True,1h
2026-05-15 10:28:28,1,"7°10'00.64""S 107°24'04.92""E",2201.98,389.08527,140.76376,19.78964,90.75097,-73.93577,10.391143,True,1h
2026-05-15 10:28:32,1,"7°10'00.64""S 107°24'04.92""E",2201.98,389.06537,140.7558,19.78935,90.751785,-73.93611,10.3911,True,1h
2026-05-15 10:28:36,1,"7°10'00.64""S 107°24'04.92""E",2201.98,389.04556,140.74783,19.789059,90.7526,-73.93646,10.391056,True,1h
2026-05-15 10:28:40,1,"7°10'00.64""S 107°24'04.92""E",2201.98,389.0257,140.73987,19.788769,90.75342,-73.936806,10.391013,True,1h
2026-05-15 10:28:44,1,"7°10'00.64""S 107°24'04.92""E",2201.98,389.00586,140.73189,19.788477,90.754234,-73.93716,10.390968,True,1h
2026-05-15 10:28:48,1,"7°10'00.64""S 107°24'04.92""E",2201.98,388.986,140.72394,19.788187,90.75505,-73.9375,10.390925,True,1h
2026-05-15 10:28:52,1,"7°10'00.64""S 107°24'04.92""E",2201.98,388.9662,140.71597,19.787895,90.75587,-73.93785,10.3908825,True,1h
2026-05-15 10:28:56,1,"7°10'00.64""S 107°24'04.92""E",2201.98,388.94632,140.70801,19.787603,90.75669,-73.938194,10.390838,True,1h
2026-05-15 10:29:00,1,"7°10'00.64""S 107°24'04.92""E",2201.98,388.9265,140.70004,19.787313,90.75751,-73.938545,10.390795,True,1h
2026-05-15 10:29:04,1,"7°10'00.64""S 107°24'04.92""E",2201.98,388.9067,140.69208,19.787022,90.75832,-73.93889,10.390752,True,1h
2026-05-15 10:29:08,1,"7°10'00.64""S 107°24'04.92""E",2201.98,388.88687,140.68413,19.786732,90.75914,-73.93924,10.390708,True,1h
2026-05-15 10:29:12,1,"7°10'00.64""S 107°24'04.92""E",2201.98,388.86703,140.67616,19.78644,90.75996,-73.93958,10.390664,True,1h
2026-05-15 10:29:16,1,"7°10'00.64""S 107°24'04.92""E",2201.98,388.84726,140.66821,19.786148,90.76078,-73.93993,10.390621,True,1h
2026-05-15 10:29:20,1,"7°10'00.64""S 107°24'04.92""E",2201.98,388.82748,140.66025,19.785856,90.7616,-73.94028,10.390578,True,1h
2026-05-15 10:29:24,1,"7°10'00.64""S 107°24'04.92""E",2201.98,388.80765,140.6523,19.785566,90.76241,-73.94063,10.390534,True,1h
2026-05-15 10:29:28,1,"7°10'00.64""S 107°24'04.92""E",2201.98,388.78787,140.64433,19.785275,90.76324,-73.94096,10.3904915,True,1h
2026-05-15 10:29:32,1,"7°10'00.64""S 107°24'04.92""E",2201.98,388.76807,140.63638,19.784983,90.76405,-73.94132,10.390449,True,1h
2026-05-15 10:29:36,1,"7°10'00.64""S 107°24'04.92""E",2201.98,388.74826,140.62843,19.78469,90.76487,-73.941666,10.390404,True,1h
2026-05-15 10:29:40,1,"7°10'00.64""S 107°24'04.92""E",2201.98,388.7285,140.62048,19.784399,90.76569,-73.94201,10.390361,True,1h
2026-05-15 10:29:44,1,"7°10'00.64""S 107°24'04.92""E",2201.98,388.70874,140.61253,19.784107,90.76652,-73.94235,10.390319,True,1h
2026-05-15 10:29:48,1,"7°10'00.64""S 107°24'04.92""E",2201.98,388.68893,140.60458,19.783815,90.767334,-73.9427,10.390274,True,1h
2026-05-15 10:29:52,1,"7°10'00.64""S 107°24'04.92""E",2201.98,388.6692,140.59663,19.783524,90.76815,-73.94305,10.390232,True,1h
2026-05-15 10:29:56,1,"7°10'00.64""S 107°24'04.92""E",2201.98,388.64938,140.58868,19.783232,90.76897,-73.9434,10.390189,True,1h
2026-05-15 10:30:00,1,"7°10'00.64""S 107°24'04.92""E",2201.98,388.62964,140.58075,19.78294,90.76979,-73.94374,10.390145,True,1h
2026-05-15 10:30:04,1,"7°10'00.64""S 107°24'04.92""E",2201.98,388.60983,140.5728,19.782648,90.77061,-73.944084,10.390102,True,1h
2026-05-15 10:30:08,1,"7°10'00.64""S 107°24'04.92""E",2201.98,388.59015,140.56485,19.782354,90.77142,-73.944435,10.390059,True,1h
2026-05-15 10:30:12,1,"7°10'00.64""S 107°24'04.92""E",2201.98,388.5704,140.5569,19.782064,90.77225,-73.94478,10.390016,True,1h
2026-05-15 10:30:16,1,"7°10'00.64""S 107°24'04.92""E",2201.98,388.55063,140.54897,19.78177,90.77306,-73.94512,10.389973,True,1h
2026-05-15 10:30:20,1,"7°10'00.64""S 107°24'04.92""E",2201.98,388.5309,140.54103,19.781479,90.77389,-73.945465,10.389931,True,1h
2026-05-15 10:30:24,1,"7°10'00.64""S 107°24'04.92""E",2201.98,388.5112,140.5331,19.781185,90.774704,-73.945816,10.389887,True,1h
2026-05-15 10:30:28,1,"7°10'00.64""S 107°24'04.92""E",2201.98,388.49146,140.52515,19.780893,90.77553,-73.94616,10.389844,True,1h
2026-05-15 10:30:32,1,"7°10'00.64""S 107°24'04.92""E",2201.98,388.4717,140.51721,19.780602,90.776344,-73.9465,10.389801,True,1h
2026-05-15 10:30:36,1,"7°10'00.64""S 107°24'04.92""E",2201.98,388.452,140.50928,19.78031,90.77717,-73.94685,10.389758,True,1h
2026-05-15 10:30:40,1,"7°10'00.64""S 107°24'04.92""E",2201.98,388.43228,140.50134,19.780018,90.777985,-73.9472,10.389715,True,1h
2026-05-15 10:30:44,1,"7°10'00.64""S 107°24'04.92""E",2201.98,388.41254,140.4934,19.779724,90.77881,-73.94754,10.389671,True,1h
2026-05-15 10:30:48,1,"7°10'00.64""S 107°24'04.92""E",2201.98,388.39285,140.48546,19.779432,90.779625,-73.94788,10.389629,True,1h
2026-05-15 10:30:52,1,"7°10'00.64""S 107°24'04.92""E",2201.98,388.37317,140.47754,19.779139,90.78046,-73.948235,10.389586,True,1h
2026-05-15 10:30:56,1,"7°10'00.64""S 107°24'04.92""E",2201.98,388.35345,140.4696,19.778845,90.78127,-73.94858,10.389543,True,1h
2026-05-15 10:31:00,1,"7°10'00.64""S 107°24'04.92""E",2201.98,388.3338,140.46167,19.778553,90.7821,-73.94892,10.389501,True,1h
2026-05-15 10:31:04,1,"7°10'00.64""S 107°24'04.92""E",2201.98,388.31406,140.45375,19.77826,90.78291,-73.94927,10.389458,True,1h
2026-05-15 10:31:08,1,"7°10'00.64""S 107°24'04.92""E",2201.98,388.29437,140.44582,19.777967,90.78374,-73.94961,10.389415,True,1h
2026-05-15 10:31:12,1,"7°10'00.64""S 107°24'04.92""E",2201.98,388.2747,140.43788,19.777674,90.78455,-73.94996,10.389373,True,1h
2026-05-15 10:31:16,1,"7°10'00.64""S 107°24'04.92""E",2201.98,388.25504,140.42996,19.777382,90.78538,-73.9503,10.389329,True,1h
2026-05-15 10:31:20,1,"7°10'00.64""S 107°24'04.92""E",2201.98,388.23535,140.42204,19.777088,90.7862,-73.950645,10.389287,True,1h
2026-05-15 10:31:24,1,"7°10'00.64""S 107°24'04.92""E",2201.98,388.2157,140.41411,19.776794,90.787025,-73.95099,10.389243,True,1h
2026-05-15 10:31:28,1,"7°10'00.64""S 107°24'04.92""E",2201.98,388.196,140.40619,19.776503,90.78784,-73.95133,10.389201,True,1h
2026-05-15 10:31:32,1,"7°10'00.64""S 107°24'04.92""E",2201.98,388.1764,140.39827,19.776209,90.788666,-73.951675,10.389158,True,1h
2026-05-15 10:31:36,1,"7°10'00.64""S 107°24'04.92""E",2201.98,388.15674,140.39034,19.775915,90.78949,-73.95203,10.389115,True,1h
2026-05-15 10:31:40,1,"7°10'00.64""S 107°24'04.92""E",2201.98,388.13705,140.38242,19.775621,90.790306,-73.95236,10.389073,True,1h
2026-05-15 10:31:44,1,"7°10'00.64""S 107°24'04.92""E",2201.98,388.11746,140.3745,19.77533,90.79113,-73.95271,10.38903,True,1h
2026-05-15 10:31:48,1,"7°10'00.64""S 107°24'04.92""E",2201.98,388.0978,140.36658,19.775034,90.791954,-73.95306,10.388988,True,1h
2026-05-15 10:31:52,1,"7°10'00.64""S 107°24'04.92""E",2201.98,388.07812,140.35866,19.774742,90.792786,-73.9534,10.388945,True,1h
2026-05-15 10:31:56,1,"7°10'00.64""S 107°24'04.92""E",2201.98,388.0585,140.35074,19.774448,90.7936,-73.95374,10.388903,True,1h
2026-05-15 10:32:00,1,"7°10'00.64""S 107°24'04.92""E",2201.98,388.03888,140.34283,19.774153,90.794426,-73.95409,10.388861,True,1h
2026-05-15 10:32:04,1,"7°10'00.64""S 107°24'04.92""E",2201.98,388.01923,140.33492,19.77386,90.79525,-73.95444,10.388818,True,1h
2026-05-15 10:32:08,1,"7°10'00.64""S 107°24'04.92""E",2201.98,387.9996,140.327,19.773567,90.79607,-73.95477,10.388776,True,1h
2026-05-15 10:32:12,1,"7°10'00.64""S 107°24'04.92""E",2201.98,387.98004,140.31909,19.773272,90.7969,-73.95512,10.388733,True,1h
2026-05-15 10:32:16,1,"7°10'00.64""S 107°24'04.92""E",2201.98,387.96042,140.31117,19.772978,90.797714,-73.95546,10.388691,True,1h
2026-05-15 10:32:20,1,"7°10'00.64""S 107°24'04.92""E",2201.98,387.94083,140.30327,19.772684,90.79854,-73.9558,10.388647,True,1h
2026-05-15 10:32:24,1,"7°10'00.64""S 107°24'04.92""E",2201.98,387.92117,140.29535,19.77239,90.79936,-73.95615,10.388605,True,1h
2026-05-15 10:32:28,1,"7°10'00.64""S 107°24'04.92""E",2201.98,387.90158,140.28746,19.772095,90.800186,-73.9565,10.388562,True,1h
2026-05-15 10:32:32,1,"7°10'00.64""S 107°24'04.92""E",2201.98,387.882,140.27954,19.771803,90.80101,-73.95683,10.388521,True,1h
2026-05-15 10:32:36,1,"7°10'00.64""S 107°24'04.92""E",2201.98,387.8624,140.27164,19.77151,90.801834,-73.95718,10.388478,True,1h
2026-05-15 10:32:40,1,"7°10'00.64""S 107°24'04.92""E",2201.98,387.84283,140.26373,19.771214,90.802666,-73.95752,10.388436,True,1h
2026-05-15 10:32:44,1,"7°10'00.64""S 107°24'04.92""E",2201.98,387.82324,140.25583,19.77092,90.80349,-73.95786,10.388393,True,1h
2026-05-15 10:32:48,1,"7°10'00.64""S 107°24'04.92""E",2201.98,387.80368,140.24791,19.770626,90.80431,-73.958206,10.388351,True,1h
2026-05-15 10:32:52,1,"7°10'00.64""S 107°24'04.92""E",2201.98,387.78412,140.24002,19.77033,90.80514,-73.95855,10.3883095,True,1h
2026-05-15 10:32:56,1,"7°10'00.64""S 107°24'04.92""E",2201.98,387.76453,140.23212,19.770037,90.80596,-73.95889,10.3882675,True,1h
2026-05-15 10:33:00,1,"7°10'00.64""S 107°24'04.92""E",2201.98,387.745,140.22421,19.769741,90.806786,-73.959236,10.388225,True,1h
2026-05-15 10:33:04,1,"7°10'00.64""S 107°24'04.92""E",2201.98,387.72543,140.21632,19.769447,90.80761,-73.95958,10.388183,True,1h
2026-05-15 10:33:08,1,"7°10'00.64""S 107°24'04.92""E",2201.98,387.70584,140.20842,19.769154,90.80843,-73.95992,10.388141,True,1h
2026-05-15 10:33:12,1,"7°10'00.64""S 107°24'04.92""E",2201.98,387.68634,140.20052,19.768858,90.80926,-73.960266,10.388098,True,1h
2026-05-15 10:33:16,1,"7°10'00.64""S 107°24'04.92""E",2201.98,387.66678,140.19263,19.768562,90.81008,-73.96061,10.388057,True,1h
2026-05-15 10:33:20,1,"7°10'00.64""S 107°24'04.92""E",2201.98,387.6472,140.18472,19.768269,90.810905,-73.96095,10.388014,True,1h
2026-05-15 10:33:24,1,"7°10'00.64""S 107°24'04.92""E",2201.98,387.62766,140.17683,19.767973,90.81174,-73.96129,10.387972,True,1h
2026-05-15 10:33:28,1,"7°10'00.64""S 107°24'04.92""E",2201.98,387.6082,140.16895,19.76768,90.81256,-73.96163,10.38793,True,1h
2026-05-15 10:33:32,1,"7°10'00.64""S 107°24'04.92""E",2201.98,387.58862,140.16106,19.767384,90.813385,-73.961975,10.387888,True,1h
2026-05-15 10:33:36,1,"7°10'00.64""S 107°24'04.92""E",2201.98,387.56912,140.15315,19.767088,90.81422,-73.96232,10.387846,True,1h
2026-05-15 10:33:40,1,"7°10'00.64""S 107°24'04.92""E",2201.98,387.54956,140.14526,19.766792,90.81504,-73.96266,10.387803,True,1h
2026-05-15 10:33:44,1,"7°10'00.64""S 107°24'04.92""E",2201.98,387.53006,140.13737,19.766499,90.815865,-73.963005,10.387762,True,1h
2026-05-15 10:33:48,1,"7°10'00.64""S 107°24'04.92""E",2201.98,387.51053,140.12949,19.766203,90.81669,-73.96335,10.387719,True,1h
2026-05-15 10:33:52,1,"7°10'00.64""S 107°24'04.92""E",2201.98,387.49103,140.1216,19.76591,90.81751,-73.963684,10.387678,True,1h
2026-05-15 10:33:56,1,"7°10'00.64""S 107°24'04.92""E",2201.98,387.47153,140.11371,19.765614,90.81834,-73.96403,10.387635,True,1h
2026-05-15 10:34:00,1,"7°10'00.64""S 107°24'04.92""E",2201.98,387.4521,140.10583,19.765316,90.819176,-73.96437,10.387594,True,1h
2026-05-15 10:34:04,1,"7°10'00.64""S 107°24'04.92""E",2201.98,387.43256,140.09795,19.76502,90.82,-73.96471,10.387552,True,1h
2026-05-15 10:34:08,1,"7°10'00.64""S 107°24'04.92""E",2201.98,387.41306,140.09006,19.764727,90.82082,-73.96505,10.38751,True,1h
2026-05-15 10:34:12,1,"7°10'00.64""S 107°24'04.92""E",2201.98,387.3936,140.08218,19.764431,90.82165,-73.96539,10.387468,True,1h
2026-05-15 10:34:16,1,"7°10'00.64""S 107°24'04.92""E",2201.98,387.37408,140.0743,19.764135,90.82248,-73.96574,10.387427,True,1h
2026-05-15 10:34:20,1,"7°10'00.64""S 107°24'04.92""E",2201.98,387.3546,140.0664,19.76384,90.8233,-73.96607,10.387384,True,1h
2026-05-15 10:34:24,1,"7°10'00.64""S 107°24'04.92""E",2201.98,387.33514,140.05853,19.763544,90.82413,-73.966415,10.387343,True,1h
2026-05-15 10:34:28,1,"7°10'00.64""S 107°24'04.92""E",2201.98,387.31567,140.05066,19.763248,90.82496,-73.96676,10.387301,True,1h
2026-05-15 10:34:32,1,"7°10'00.64""S 107°24'04.92""E",2201.98,387.2962,140.04277,19.76295,90.82579,-73.9671,10.387259,True,1h
2026-05-15 10:34:36,1,"7°10'00.64""S 107°24'04.92""E",2201.98,387.27676,140.0349,19.762655,90.826614,-73.96744,10.3872175,True,1h
2026-05-15 10:34:40,1,"7°10'00.64""S 107°24'04.92""E",2201.98,387.2573,140.02702,19.76236,90.827446,-73.96778,10.387176,True,1h
2026-05-15 10:34:44,1,"7°10'00.64""S 107°24'04.92""E",2201.98,387.23782,140.01915,19.762064,90.82827,-73.968124,10.387135,True,1h
2026-05-15 10:34:48,1,"7°10'00.64""S 107°24'04.92""E",2201.98,387.21838,140.01128,19.761768,90.8291,-73.96847,10.387093,True,1h
2026-05-15 10:34:52,1,"7°10'00.64""S 107°24'04.92""E",2201.98,387.19894,140.00339,19.761473,90.829926,-73.9688,10.387052,True,1h
2026-05-15 10:34:56,1,"7°10'00.64""S 107°24'04.92""E",2201.98,387.1795,139.99553,19.761175,90.83075,-73.96915,10.38701,True,1h
2026-05-15 10:35:00,1,"7°10'00.64""S 107°24'04.92""E",2201.98,387.1601,139.98764,19.76088,90.83158,-73.96948,10.386968,True,1h
2026-05-15 10:35:04,1,"7°10'00.64""S 107°24'04.92""E",2201.98,387.14066,139.97978,19.760584,90.83242,-73.969826,10.386927,True,1h
2026-05-15 10:35:08,1,"7°10'00.64""S 107°24'04.92""E",2201.98,387.12122,139.97191,19.760286,90.833244,-73.97017,10.386885,True,1h
2026-05-15 10:35:12,1,"7°10'00.64""S 107°24'04.92""E",2201.98,387.1018,139.96405,19.75999,90.83407,-73.970505,10.386844,True,1h
2026-05-15 10:35:16,1,"7°10'00.64""S 107°24'04.92""E",2201.98,387.08237,139.95618,19.759693,90.8349,-73.97085,10.386802,True,1h
2026-05-15 10:35:20,1,"7°10'00.64""S 107°24'04.92""E",2201.98,387.063,139.9483,19.759398,90.83573,-73.97119,10.38676,True,1h
2026-05-15 10:35:24,1,"7°10'00.64""S 107°24'04.92""E",2201.98,387.04358,139.94044,19.759102,90.836555,-73.971535,10.386719,True,1h
2026-05-15 10:35:28,1,"7°10'00.64""S 107°24'04.92""E",2201.98,387.02417,139.93257,19.758804,90.83739,-73.97187,10.386677,True,1h
2026-05-15 10:35:32,1,"7°10'00.64""S 107°24'04.92""E",2201.98,387.00473,139.92471,19.758509,90.83822,-73.972206,10.386636,True,1h
2026-05-15 10:35:36,1,"7°10'00.64""S 107°24'04.92""E",2201.98,386.98538,139.91685,19.758211,90.83905,-73.97255,10.386595,True,1h
2026-05-15 10:35:40,1,"7°10'00.64""S 107°24'04.92""E",2201.98,386.966,139.90898,19.757914,90.83988,-73.97289,10.386553,True,1h
2026-05-15 10:35:44,1,"7°10'00.64""S 107°24'04.92""E",2201.98,386.9466,139.90114,19.757616,90.840706,-73.97323,10.386512,True,1h
2026-05-15 10:35:48,1,"7°10'00.64""S 107°24'04.92""E",2201.98,386.92725,139.89325,19.75732,90.84154,-73.973564,10.38647,True,1h
2026-05-15 10:35:52,1,"7°10'00.64""S 107°24'04.92""E",2201.98,386.90784,139.8854,19.757023,90.84236,-73.97391,10.386429,True,1h
2026-05-15 10:35:56,1,"7°10'00.64""S 107°24'04.92""E",2201.98,386.88846,139.87755,19.756727,90.84319,-73.97425,10.386388,True,1h
2026-05-15 10:36:00,1,"7°10'00.64""S 107°24'04.92""E",2201.98,386.8691,139.86969,19.75643,90.84403,-73.97459,10.386346,True,1h
2026-05-15 10:36:04,1,"7°10'00.64""S 107°24'04.92""E",2201.98,386.84973,139.86183,19.756132,90.844864,-73.97493,10.386306,True,1h
2026-05-15 10:36:08,1,"7°10'00.64""S 107°24'04.92""E",2201.98,386.83035,139.85397,19.755835,90.84569,-73.975266,10.386264,True,1h
2026-05-15 10:36:12,1,"7°10'00.64""S 107°24'04.92""E",2201.98,386.81097,139.84612,19.755537,90.84652,-73.97561,10.386222,True,1h
2026-05-15 10:36:16,1,"7°10'00.64""S 107°24'04.92""E",2201.98,386.79166,139.83827,19.75524,90.84735,-73.975945,10.386182,True,1h
2026-05-15 10:36:20,1,"7°10'00.64""S 107°24'04.92""E",2201.98,386.77234,139.83041,19.754942,90.84818,-73.97628,10.386141,True,1h
2026-05-15 10:36:24,1,"7°10'00.64""S 107°24'04.92""E",2201.98,386.75296,139.82256,19.754644,90.84902,-73.97662,10.386099,True,1h
2026-05-15 10:36:28,1,"7°10'00.64""S 107°24'04.92""E",2201.98,386.7336,139.81471,19.754347,90.849846,-73.97697,10.386058,True,1h
2026-05-15 10:36:32,1,"7°10'00.64""S 107°24'04.92""E",2201.98,386.7143,139.80685,19.75405,90.85068,-73.9773,10.386017,True,1h
2026-05-15 10:36:36,1,"7°10'00.64""S 107°24'04.92""E",2201.98,386.69498,139.79901,19.753752,90.85151,-73.97764,10.385976,True,1h
2026-05-15 10:36:40,1,"7°10'00.64""S 107°24'04.92""E",2201.98,386.67563,139.79115,19.753454,90.85234,-73.97798,10.385935,True,1h
2026-05-15 10:36:44,1,"7°10'00.64""S 107°24'04.92""E",2201.98,386.6563,139.78333,19.753157,90.85317,-73.978325,10.385894,True,1h
2026-05-15 10:36:48,1,"7°10'00.64""S 107°24'04.92""E",2201.98,386.637,139.77547,19.752857,90.85401,-73.97866,10.385852,True,1h
2026-05-15 10:36:52,1,"7°10'00.64""S 107°24'04.92""E",2201.98,386.61765,139.76762,19.75256,90.85484,-73.979,10.385812,True,1h
2026-05-15 10:36:56,1,"7°10'00.64""S 107°24'04.92""E",2201.98,386.5984,139.75978,19.752264,90.855675,-73.97933,10.385771,True,1h
2026-05-15 10:37:00,1,"7°10'00.64""S 107°24'04.92""E",2201.98,386.57904,139.75194,19.751966,90.85651,-73.97967,10.385729,True,1h
2026-05-15 10:37:04,1,"7°10'00.64""S 107°24'04.92""E",2201.98,386.55975,139.7441,19.751667,90.85733,-73.98001,10.385689,True,1h
2026-05-15 10:37:08,1,"7°10'00.64""S 107°24'04.92""E",2201.98,386.54044,139.73625,19.75137,90.85816,-73.98035,10.385648,True,1h
2026-05-15 10:37:12,1,"7°10'00.64""S 107°24'04.92""E",2201.98,386.52115,139.72841,19.75107,90.85901,-73.98069,10.385607,True,1h
2026-05-15 10:37:16,1,"7°10'00.64""S 107°24'04.92""E",2201.98,386.5019,139.72057,19.750772,90.85983,-73.981026,10.385566,True,1h
2026-05-15 10:37:20,1,"7°10'00.64""S 107°24'04.92""E",2201.98,386.4826,139.71272,19.750473,90.860664,-73.98137,10.385525,True,1h
2026-05-15 10:37:24,1,"7°10'00.64""S 107°24'04.92""E",2201.98,386.46332,139.7049,19.750175,90.8615,-73.981705,10.385484,True,1h
2026-05-15 10:37:28,1,"7°10'00.64""S 107°24'04.92""E",2201.98,386.444,139.69705,19.749878,90.862335,-73.98204,10.385443,True,1h
2026-05-15 10:37:32,1,"7°10'00.64""S 107°24'04.92""E",2201.98,386.42477,139.68921,19.74958,90.86317,-73.982376,10.385403,True,1h
2026-05-15 10:37:36,1,"7°10'00.64""S 107°24'04.92""E",2201.98,386.40546,139.68138,19.74928,90.864,-73.98271,10.385362,True,1h
2026-05-15 10:37:40,1,"7°10'00.64""S 107°24'04.92""E",2201.98,386.3862,139.67354,19.748981,90.86484,-73.983055,10.385321,True,1h
2026-05-15 10:37:44,1,"7°10'00.64""S 107°24'04.92""E",2201.98,386.36697,139.66573,19.748682,90.86567,-73.98339,10.385281,True,1h
2026-05-15 10:37:48,1,"7°10'00.64""S 107°24'04.92""E",2201.98,386.34772,139.65787,19.748384,90.8665,-73.983734,10.38524,True,1h
2026-05-15 10:37:52,1,"7°10'00.64""S 107°24'04.92""E",2201.98,386.32846,139.65004,19.748087,90.86734,-73.98407,10.385199,True,1h
2026-05-15 10:37:56,1,"7°10'00.64""S 107°24'04.92""E",2201.98,386.3092,139.64221,19.747787,90.86818,-73.984406,10.385158,True,1h
2026-05-15 10:38:00,1,"7°10'00.64""S 107°24'04.92""E",2201.98,386.28998,139.63438,19.747488,90.86901,-73.98474,10.385118,True,1h
2026-05-15 10:38:04,1,"7°10'00.64""S 107°24'04.92""E",2201.98,386.27075,139.62656,19.747189,90.86984,-73.98508,10.3850765,True,1h
2026-05-15 10:38:08,1,"7°10'00.64""S 107°24'04.92""E",2201.98,386.2515,139.61873,19.74689,90.870674,-73.98541,10.3850355,True,1h
2026-05-15 10:38:12,1,"7°10'00.64""S 107°24'04.92""E",2201.98,386.23227,139.6109,19.746592,90.871506,-73.985756,10.384995,True,1h
2026-05-15 10:38:16,1,"7°10'00.64""S 107°24'04.92""E",2201.98,386.213,139.60307,19.746292,90.87235,-73.98609,10.384955,True,1h
2026-05-15 10:38:20,1,"7°10'00.64""S 107°24'04.92""E",2201.98,386.19382,139.59525,19.745993,90.873184,-73.98643,10.384914,True,1h
2026-05-15 10:38:24,1,"7°10'00.64""S 107°24'04.92""E",2201.98,386.17462,139.58742,19.745693,90.874016,-73.98676,10.384873,True,1h
2026-05-15 10:38:28,1,"7°10'00.64""S 107°24'04.92""E",2201.98,386.1554,139.57959,19.745394,90.874855,-73.9871,10.384833,True,1h
2026-05-15 10:38:32,1,"7°10'00.64""S 107°24'04.92""E",2201.98,386.13617,139.57178,19.745096,90.87569,-73.98744,10.384793,True,1h
2026-05-15 10:38:36,1,"7°10'00.64""S 107°24'04.92""E",2201.98,386.11697,139.56395,19.744797,90.876526,-73.98778,10.384752,True,1h
2026-05-15 10:38:40,1,"7°10'00.64""S 107°24'04.92""E",2201.98,386.0978,139.55614,19.744495,90.877365,-73.98811,10.384711,True,1h
2026-05-15 10:38:44,1,"7°10'00.64""S 107°24'04.92""E",2201.98,386.07858,139.54831,19.744196,90.8782,-73.98845,10.384671,True,1h
2026-05-15 10:38:48,1,"7°10'00.64""S 107°24'04.92""E",2201.98,386.05942,139.54048,19.743898,90.87903,-73.988785,10.384631,True,1h
2026-05-15 10:38:52,1,"7°10'00.64""S 107°24'04.92""E",2201.98,386.0402,139.53267,19.743599,90.87987,-73.98912,10.38459,True,1h
2026-05-15 10:38:56,1,"7°10'00.64""S 107°24'04.92""E",2201.98,386.02103,139.52484,19.743298,90.88071,-73.989456,10.38455,True,1h
2026-05-15 10:39:00,1,"7°10'00.64""S 107°24'04.92""E",2201.98,386.00183,139.51703,19.742998,90.881546,-73.98979,10.384509,True,1h
2026-05-15 10:39:04,1,"7°10'00.64""S 107°24'04.92""E",2201.98,385.98267,139.50922,19.742699,90.88238,-73.990135,10.38447,True,1h
2026-05-15 10:39:08,1,"7°10'00.64""S 107°24'04.92""E",2201.98,385.96347,139.5014,19.7424,90.88322,-73.99047,10.384429,True,1h
2026-05-15 10:39:12,1,"7°10'00.64""S 107°24'04.92""E",2201.98,385.9443,139.49358,19.742098,90.88405,-73.99081,10.384388,True,1h
2026-05-15 10:39:16,1,"7°10'00.64""S 107°24'04.92""E",2201.98,385.92517,139.48578,19.7418,90.884895,-73.99114,10.384348,True,1h
2026-05-15 10:39:20,1,"7°10'00.64""S 107°24'04.92""E",2201.98,385.906,139.47795,19.741499,90.88573,-73.99148,10.384308,True,1h
2026-05-15 10:39:24,1,"7°10'00.64""S 107°24'04.92""E",2201.98,385.88684,139.47015,19.7412,90.886566,-73.99181,10.384268,True,1h
2026-05-15 10:39:28,1,"7°10'00.64""S 107°24'04.92""E",2201.98,385.8677,139.46234,19.7409,90.8874,-73.99215,10.384228,True,1h
2026-05-15 10:39:32,1,"7°10'00.64""S 107°24'04.92""E",2201.98,385.84857,139.45453,19.740599,90.888245,-73.992485,10.384187,True,1h
2026-05-15 10:39:36,1,"7°10'00.64""S 107°24'04.92""E",2201.98,385.8294,139.44672,19.740297,90.889084,-73.99282,10.384147,True,1h
2026-05-15 10:39:40,1,"7°10'00.64""S 107°24'04.92""E",2201.98,385.81024,139.4389,19.739998,90.889915,-73.99316,10.384108,True,1h
2026-05-15 10:39:44,1,"7°10'00.64""S 107°24'04.92""E",2201.98,385.79114,139.43109,19.739698,90.890755,-73.99349,10.384067,True,1h
2026-05-15 10:39:48,1,"7°10'00.64""S 107°24'04.92""E",2201.98,385.772,139.4233,19.739397,90.8916,-73.99383,10.384027,True,1h
2026-05-15 10:39:52,1,"7°10'00.64""S 107°24'04.92""E",2201.98,385.75287,139.41548,19.739098,90.89243,-73.99416,10.383986,True,1h
2026-05-15 10:39:56,1,"7°10'00.64""S 107°24'04.92""E",2201.98,385.73373,139.40767,19.738796,90.89327,-73.9945,10.383946,True,1h
2026-05-15 10:40:00,1,"7°10'00.64""S 107°24'04.92""E",2201.98,385.71463,139.39987,19.738495,90.89411,-73.994835,10.383906,True,1h
2026-05-15 10:40:04,1,"7°10'00.64""S 107°24'04.92""E",2201.98,385.69553,139.39206,19.738195,90.89494,-73.99517,10.383866,True,1h
2026-05-15 10:40:08,1,"7°10'00.64""S 107°24'04.92""E",2201.98,385.67642,139.38426,19.737894,90.89579,-73.99551,10.383826,True,1h
2026-05-15 10:40:12,1,"7°10'00.64""S 107°24'04.92""E",2201.98,385.65732,139.37646,19.737593,90.89663,-73.99584,10.383786,True,1h
2026-05-15 10:40:16,1,"7°10'00.64""S 107°24'04.92""E",2201.98,385.63818,139.36867,19.737293,90.89747,-73.99618,10.383746,True,1h
2026-05-15 10:40:20,1,"7°10'00.64""S 107°24'04.92""E",2201.98,385.6191,139.36086,19.736992,90.89831,-73.996506,10.383706,True,1h
2026-05-15 10:40:24,1,"7°10'00.64""S 107°24'04.92""E",2201.98,385.60004,139.35306,19.736692,90.89915,-73.99685,10.383666,True,1h
2026-05-15 10:40:28,1,"7°10'00.64""S 107°24'04.92""E",2201.98,385.58096,139.34526,19.73639,90.89999,-73.99718,10.383627,True,1h
2026-05-15 10:40:32,1,"7°10'00.64""S 107°24'04.92""E",2201.98,385.56186,139.33746,19.736088,90.900826,-73.99751,10.383587,True,1h
2026-05-15 10:40:36,1,"7°10'00.64""S 107°24'04.92""E",2201.98,385.5428,139.32967,19.735788,90.901665,-73.99785,10.383547,True,1h
2026-05-15 10:40:40,1,"7°10'00.64""S 107°24'04.92""E",2201.98,385.5237,139.32188,19.735487,90.90251,-73.998184,10.383507,True,1h
2026-05-15 10:40:44,1,"7°10'00.64""S 107°24'04.92""E",2201.98,385.50467,139.31407,19.735186,90.90335,-73.99852,10.383467,True,1h
2026-05-15 10:40:48,1,"7°10'00.64""S 107°24'04.92""E",2201.98,385.48557,139.30629,19.734884,90.90419,-73.998856,10.383427,True,1h
2026-05-15 10:40:52,1,"7°10'00.64""S 107°24'04.92""E",2201.98,385.46646,139.2985,19.734583,90.90503,-73.99918,10.383388,True,1h
2026-05-15 10:40:56,1,"7°10'00.64""S 107°24'04.92""E",2201.98,385.44742,139.2907,19.734282,90.90587,-73.99952,10.3833475,True,1h
2026-05-15 10:41:00,1,"7°10'00.64""S 107°24'04.92""E",2201.98,385.42838,139.2829,19.73398,90.90671,-73.999855,10.383308,True,1h
2026-05-15 10:41:04,1,"7°10'00.64""S 107°24'04.92""E",2201.98,385.40933,139.27512,19.733677,90.90755,-74.00019,10.383268,True,1h
2026-05-15 10:41:08,1,"7°10'00.64""S 107°24'04.92""E",2201.98,385.3903,139.26733,19.733376,90.90839,-74.00053,10.383228,True,1h
2026-05-15 10:41:12,1,"7°10'00.64""S 107°24'04.92""E",2201.98,385.37122,139.25954,19.733074,90.90923,-74.000854,10.383188,True,1h
2026-05-15 10:41:16,1,"7°10'00.64""S 107°24'04.92""E",2201.98,385.3522,139.25174,19.732773,90.91008,-74.00119,10.383149,True,1h
2026-05-15 10:41:20,1,"7°10'00.64""S 107°24'04.92""E",2201.98,385.3332,139.24396,19.732471,90.91092,-74.001526,10.383109,True,1h
2026-05-15 10:41:24,1,"7°10'00.64""S 107°24'04.92""E",2201.98,385.31415,139.23618,19.732168,90.91176,-74.00186,10.38307,True,1h
2026-05-15 10:41:28,1,"7°10'00.64""S 107°24'04.92""E",2201.98,385.29514,139.2284,19.731869,90.912605,-74.00219,10.38303,True,1h
2026-05-15 10:41:32,1,"7°10'00.64""S 107°24'04.92""E",2201.98,385.2761,139.2206,19.731565,90.913445,-74.002525,10.382991,True,1h
2026-05-15 10:41:36,1,"7°10'00.64""S 107°24'04.92""E",2201.98,385.25708,139.21281,19.731264,90.91428,-74.00286,10.382951,True,1h
2026-05-15 10:41:40,1,"7°10'00.64""S 107°24'04.92""E",2201.98,385.23804,139.20503,19.73096,90.91512,-74.0032,10.382912,True,1h
2026-05-15 10:41:44,1,"7°10'00.64""S 107°24'04.92""E",2201.98,385.21906,139.19725,19.73066,90.91597,-74.00353,10.382872,True,1h
2026-05-15 10:41:48,1,"7°10'00.64""S 107°24'04.92""E",2201.98,385.20004,139.18947,19.730356,90.91682,-74.00386,10.382832,True,1h
2026-05-15 10:41:52,1,"7°10'00.64""S 107°24'04.92""E",2201.98,385.18106,139.18167,19.730055,90.917656,-74.004196,10.382792,True,1h
2026-05-15 10:41:56,1,"7°10'00.64""S 107°24'04.92""E",2201.98,385.16205,139.1739,19.729752,90.9185,-74.004524,10.382752,True,1h
2026-05-15 10:42:00,1,"7°10'00.64""S 107°24'04.92""E",2201.98,385.14304,139.16612,19.72945,90.91934,-74.00486,10.382713,True,1h
2026-05-15 10:42:04,1,"7°10'00.64""S 107°24'04.92""E",2201.98,385.12405,139.15836,19.729147,90.92019,-74.005196,10.382674,True,1h
2026-05-15 10:42:08,1,"7°10'00.64""S 107°24'04.92""E",2201.98,385.10507,139.15057,19.728846,90.92103,-74.00552,10.382635,True,1h
2026-05-15 10:42:12,1,"7°10'00.64""S 107°24'04.92""E",2201.98,385.08612,139.14279,19.728544,90.921875,-74.00586,10.382596,True,1h
2026-05-15 10:42:16,1,"7°10'00.64""S 107°24'04.92""E",2201.98,385.06714,139.13501,19.728241,90.92272,-74.00619,10.382556,True,1h
2026-05-15 10:42:20,1,"7°10'00.64""S 107°24'04.92""E",2201.98,385.04813,139.12724,19.727938,90.92356,-74.00652,10.382517,True,1h
2026-05-15 10:42:24,1,"7°10'00.64""S 107°24'04.92""E",2201.98,385.0292,139.11946,19.727634,90.92441,-74.00686,10.382477,True,1h
2026-05-15 10:42:28,1,"7°10'00.64""S 107°24'04.92""E",2201.98,385.0102,139.1117,19.727333,90.92525,-74.007195,10.382438,True,1h
2026-05-15 10:42:32,1,"7°10'00.64""S 107°24'04.92""E",2201.98,384.98822,139.10353,19.727077,90.92603,-74.00718,10.382426,True,1h
2026-05-15 10:42:36,1,"7°10'00.64""S 107°24'04.92""E",2201.98,384.96448,139.09512,19.72685,90.926765,-74.00696,10.382432,True,1h
2026-05-15 10:42:40,1,"7°10'00.64""S 107°24'04.92""E",2201.98,384.9406,139.0867,19.726624,90.9275,-74.00673,10.382438,True,1h
2026-05-15 10:42:44,1,"7°10'00.64""S 107°24'04.92""E",2201.98,384.91678,139.07828,19.726398,90.92824,-74.0065,10.382443,True,1h
2026-05-15 10:42:48,1,"7°10'00.64""S 107°24'04.92""E",2201.98,384.8929,139.06984,19.726173,90.928986,-74.00626,10.382449,True,1h
2026-05-15 10:42:52,1,"7°10'00.64""S 107°24'04.92""E",2201.98,384.86905,139.0614,19.725946,90.92972,-74.00604,10.382455,True,1h
2026-05-15 10:42:56,1,"7°10'00.64""S 107°24'04.92""E",2201.98,384.84518,139.05296,19.725721,90.93046,-74.005806,10.382461,True,1h
2026-05-15 10:43:00,1,"7°10'00.64""S 107°24'04.92""E",2201.98,384.82132,139.04453,19.725496,90.9312,-74.00558,10.382467,True,1h
2026-05-15 10:43:04,1,"7°10'00.64""S 107°24'04.92""E",2201.98,384.79742,139.03607,19.725271,90.931946,-74.00535,10.382473,True,1h
2026-05-15 10:43:08,1,"7°10'00.64""S 107°24'04.92""E",2201.98,384.7735,139.02762,19.725046,90.932686,-74.00511,10.382479,True,1h
2026-05-15 10:43:12,1,"7°10'00.64""S 107°24'04.92""E",2201.98,384.74966,139.01917,19.724821,90.933426,-74.00488,10.382484,True,1h
2026-05-15 10:43:16,1,"7°10'00.64""S 107°24'04.92""E",2201.98,384.72577,139.01071,19.724598,90.934166,-74.00465,10.38249,True,1h
2026-05-15 10:43:20,1,"7°10'00.64""S 107°24'04.92""E",2201.98,384.7019,139.00226,19.724373,90.93491,-74.00442,10.382496,True,1h
2026-05-15 10:43:24,1,"7°10'00.64""S 107°24'04.92""E",2201.98,384.678,138.9938,19.724148,90.93565,-74.00418,10.382502,True,1h
2026-05-15 10:43:28,1,"7°10'00.64""S 107°24'04.92""E",2201.98,384.65414,138.98537,19.723923,90.936386,-74.00395,10.382507,True,1h
2026-05-15 10:43:32,1,"7°10'00.64""S 107°24'04.92""E",2201.98,384.63028,138.97691,19.723698,90.93714,-74.00372,10.382513,True,1h
2026-05-15 10:43:36,1,"7°10'00.64""S 107°24'04.92""E",2201.98,384.6064,138.96844,19.72347,90.93788,-74.00349,10.382519,True,1h
2026-05-15 10:43:40,1,"7°10'00.64""S 107°24'04.92""E",2201.98,384.58258,138.96002,19.723248,90.93862,-74.00325,10.382525,True,1h
2026-05-15 10:43:44,1,"7°10'00.64""S 107°24'04.92""E",2201.98,384.55872,138.95155,19.72302,90.93936,-74.00302,10.382532,True,1h
2026-05-15 10:43:48,1,"7°10'00.64""S 107°24'04.92""E",2201.98,384.53485,138.94312,19.722795,90.94011,-74.00279,10.382538,True,1h
2026-05-15 10:43:52,1,"7°10'00.64""S 107°24'04.92""E",2201.98,384.511,138.93466,19.72257,90.94085,-74.00255,10.382544,True,1h
2026-05-15 10:43:56,1,"7°10'00.64""S 107°24'04.92""E",2201.98,384.48715,138.92622,19.722345,90.94159,-74.00232,10.382549,True,1h
2026-05-15 10:44:00,1,"7°10'00.64""S 107°24'04.92""E",2201.98,384.46335,138.91777,19.722118,90.94234,-74.00209,10.382556,True,1h
2026-05-15 10:44:04,1,"7°10'00.64""S 107°24'04.92""E",2201.98,384.43945,138.90933,19.721893,90.943085,-74.001854,10.382562,True,1h
2026-05-15 10:44:08,1,"7°10'00.64""S 107°24'04.92""E",2201.98,384.41565,138.90088,19.721668,90.943825,-74.00162,10.382567,True,1h
2026-05-15 10:44:12,1,"7°10'00.64""S 107°24'04.92""E",2201.98,384.39185,138.89244,19.721441,90.94457,-74.00139,10.382573,True,1h
2026-05-15 10:44:16,1,"7°10'00.64""S 107°24'04.92""E",2201.98,384.36798,138.88402,19.721216,90.94531,-74.00115,10.38258,True,1h
2026-05-15 10:44:20,1,"7°10'00.64""S 107°24'04.92""E",2201.98,384.34418,138.87556,19.720991,90.94605,-74.00092,10.382586,True,1h
2026-05-15 10:44:24,1,"7°10'00.64""S 107°24'04.92""E",2201.98,384.32034,138.86713,19.720764,90.9468,-74.00069,10.382592,True,1h
2026-05-15 10:44:28,1,"7°10'00.64""S 107°24'04.92""E",2201.98,384.29654,138.85869,19.72054,90.94755,-74.00045,10.382598,True,1h
2026-05-15 10:44:32,1,"7°10'00.64""S 107°24'04.92""E",2201.98,384.27274,138.85025,19.720312,90.94829,-74.00022,10.382605,True,1h
2026-05-15 10:44:36,1,"7°10'00.64""S 107°24'04.92""E",2201.98,384.24893,138.84181,19.720087,90.94903,-73.99999,10.38261,True,1h
2026-05-15 10:44:40,1,"7°10'00.64""S 107°24'04.92""E",2201.98,384.22513,138.83336,19.719862,90.94978,-73.99975,10.382617,True,1h
2026-05-15 10:44:44,1,"7°10'00.64""S 107°24'04.92""E",2201.98,384.2013,138.82492,19.719637,90.95052,-73.99951,10.382623,True,1h
2026-05-15 10:44:48,1,"7°10'00.64""S 107°24'04.92""E",2201.98,384.17752,138.81648,19.719408,90.95127,-73.99928,10.382629,True,1h
2026-05-15 10:44:52,1,"7°10'00.64""S 107°24'04.92""E",2201.98,384.15375,138.80804,19.719183,90.95202,-73.999054,10.382635,True,1h
2026-05-15 10:44:56,1,"7°10'00.64""S 107°24'04.92""E",2201.98,384.12994,138.79962,19.718956,90.95277,-73.99882,10.382642,True,1h
2026-05-15 10:45:00,1,"7°10'00.64""S 107°24'04.92""E",2201.98,384.10617,138.79118,19.718729,90.95351,-73.99858,10.382648,True,1h
2026-05-15 10:45:04,1,"7°10'00.64""S 107°24'04.92""E",2201.98,384.0824,138.78276,19.718504,90.954254,-73.998344,10.382655,True,1h
2026-05-15 10:45:08,1,"7°10'00.64""S 107°24'04.92""E",2201.98,384.0586,138.77432,19.718277,90.955,-73.99811,10.382662,True,1h
2026-05-15 10:45:12,1,"7°10'00.64""S 107°24'04.92""E",2201.98,384.03485,138.7659,19.71805,90.95574,-73.99788,10.382668,True,1h
2026-05-15 10:45:16,1,"7°10'00.64""S 107°24'04.92""E",2201.98,384.0111,138.75746,19.717825,90.9565,-73.99764,10.382674,True,1h
2026-05-15 10:45:20,1,"7°10'00.64""S 107°24'04.92""E",2201.98,383.9873,138.74902,19.717596,90.95724,-73.997406,10.382681,True,1h
2026-05-15 10:45:24,1,"7°10'00.64""S 107°24'04.92""E",2201.98,383.96356,138.7406,19.717371,90.957985,-73.99717,10.382688,True,1h
2026-05-15 10:45:28,1,"7°10'00.64""S 107°24'04.92""E",2201.98,383.9398,138.73218,19.717144,90.95874,-73.99693,10.382693,True,1h
2026-05-15 10:45:32,1,"7°10'00.64""S 107°24'04.92""E",2201.98,383.91605,138.72375,19.716917,90.95948,-73.996704,10.3827,True,1h
2026-05-15 10:45:36,1,"7°10'00.64""S 107°24'04.92""E",2201.98,383.89227,138.71532,19.716688,90.96023,-73.99647,10.382707,True,1h
2026-05-15 10:45:40,1,"7°10'00.64""S 107°24'04.92""E",2201.98,383.86853,138.70691,19.716463,90.960976,-73.99623,10.382713,True,1h
2026-05-15 10:45:44,1,"7°10'00.64""S 107°24'04.92""E",2201.98,383.84482,138.69847,19.716236,90.96172,-73.995995,10.38272,True,1h
2026-05-15 10:45:48,1,"7°10'00.64""S 107°24'04.92""E",2201.98,383.8211,138.69003,19.71601,90.96247,-73.99576,10.382726,True,1h
2026-05-15 10:45:52,1,"7°10'00.64""S 107°24'04.92""E",2201.98,383.79736,138.68163,19.715782,90.96322,-73.99552,10.382732,True,1h
2026-05-15 10:45:56,1,"7°10'00.64""S 107°24'04.92""E",2201.98,383.77365,138.6732,19.715553,90.96397,-73.995285,10.382739,True,1h
2026-05-15 10:46:00,1,"7°10'00.64""S 107°24'04.92""E",2201.98,383.74988,138.66478,19.715326,90.96471,-73.995056,10.382746,True,1h
2026-05-15 10:46:04,1,"7°10'00.64""S 107°24'04.92""E",2201.98,383.7262,138.65636,19.715101,90.96546,-73.99482,10.382752,True,1h
2026-05-15 10:46:08,1,"7°10'00.64""S 107°24'04.92""E",2201.98,383.70248,138.64793,19.714872,90.96621,-73.99458,10.382759,True,1h
2026-05-15 10:46:12,1,"7°10'00.64""S 107°24'04.92""E",2201.98,383.67877,138.63951,19.714645,90.96696,-73.99434,10.382767,True,1h
2026-05-15 10:46:16,1,"7°10'00.64""S 107°24'04.92""E",2201.98,383.65506,138.63109,19.714418,90.96771,-73.9941,10.382773,True,1h
2026-05-15 10:46:20,1,"7°10'00.64""S 107°24'04.92""E",2201.98,383.63138,138.62267,19.71419,90.96845,-73.99387,10.38278,True,1h
2026-05-15 10:46:24,1,"7°10'00.64""S 107°24'04.92""E",2201.98,383.60764,138.61426,19.713964,90.9692,-73.99364,10.382787,True,1h
2026-05-15 10:46:28,1,"7°10'00.64""S 107°24'04.92""E",2201.98,383.58395,138.60583,19.713736,90.969955,-73.9934,10.382793,True,1h
2026-05-15 10:46:32,1,"7°10'00.64""S 107°24'04.92""E",2201.98,383.56027,138.59743,19.713507,90.9707,-73.993164,10.3828,True,1h
2026-05-15 10:46:36,1,"7°10'00.64""S 107°24'04.92""E",2201.98,383.53656,138.589,19.71328,90.97145,-73.99293,10.382808,True,1h
2026-05-15 10:46:40,1,"7°10'00.64""S 107°24'04.92""E",2201.98,383.5129,138.58058,19.713053,90.972206,-73.99269,10.382814,True,1h
2026-05-15 10:46:44,1,"7°10'00.64""S 107°24'04.92""E",2201.98,383.48917,138.57217,19.712824,90.972946,-73.99245,10.382821,True,1h
2026-05-15 10:46:48,1,"7°10'00.64""S 107°24'04.92""E",2201.98,383.46555,138.56377,19.712595,90.973694,-73.99222,10.382829,True,1h
2026-05-15 10:46:52,1,"7°10'00.64""S 107°24'04.92""E",2201.98,383.44183,138.55536,19.712368,90.97445,-73.991974,10.382835,True,1h
2026-05-15 10:46:56,1,"7°10'00.64""S 107°24'04.92""E",2201.98,383.4182,138.54694,19.712141,90.9752,-73.99174,10.382842,True,1h
2026-05-15 10:47:00,1,"7°10'00.64""S 107°24'04.92""E",2201.98,383.3945,138.53853,19.711912,90.97595,-73.9915,10.38285,True,1h
2026-05-15 10:47:04,1,"7°10'00.64""S 107°24'04.92""E",2201.98,383.37088,138.53012,19.711683,90.9767,-73.991264,10.382855,True,1h
2026-05-15 10:47:08,1,"7°10'00.64""S 107°24'04.92""E",2201.98,383.3472,138.52171,19.711456,90.97745,-73.99103,10.382863,True,1h
2026-05-15 10:47:12,1,"7°10'00.64""S 107°24'04.92""E",2201.98,383.32355,138.51329,19.711227,90.97821,-73.99079,10.38287,True,1h
2026-05-15 10:47:16,1,"7°10'00.64""S 107°24'04.92""E",2201.98,383.29993,138.5049,19.710999,90.97895,-73.990555,10.382877,True,1h
2026-05-15 10:47:20,1,"7°10'00.64""S 107°24'04.92""E",2201.98,383.27628,138.49649,19.710772,90.979706,-73.99032,10.382884,True,1h
2026-05-15 10:47:24,1,"7°10'00.64""S 107°24'04.92""E",2201.98,383.25262,138.48808,19.710543,90.98046,-73.99008,10.382892,True,1h
2026-05-15 10:47:28,1,"7°10'00.64""S 107°24'04.92""E",2201.98,383.22897,138.47968,19.710314,90.98121,-73.989845,10.382898,True,1h
2026-05-15 10:47:32,1,"7°10'00.64""S 107°24'04.92""E",2201.98,383.20535,138.47127,19.710085,90.981964,-73.9896,10.382906,True,1h
2026-05-15 10:47:36,1,"7°10'00.64""S 107°24'04.92""E",2201.98,383.18173,138.46288,19.709858,90.98271,-73.989365,10.382914,True,1h
2026-05-15 10:47:40,1,"7°10'00.64""S 107°24'04.92""E",2201.98,383.1581,138.45447,19.70963,90.98346,-73.98912,10.38292,True,1h
2026-05-15 10:47:44,1,"7°10'00.64""S 107°24'04.92""E",2201.98,383.1345,138.44606,19.7094,90.984215,-73.988884,10.382927,True,1h
2026-05-15 10:47:48,1,"7°10'00.64""S 107°24'04.92""E",2201.98,383.11087,138.43767,19.709171,90.98496,-73.98865,10.382935,True,1h
2026-05-15 10:47:52,1,"7°10'00.64""S 107°24'04.92""E",2201.98,383.08725,138.42926,19.708942,90.98572,-73.98841,10.382942,True,1h
2026-05-15 10:47:56,1,"7°10'00.64""S 107°24'04.92""E",2201.98,383.06363,138.42087,19.708714,90.98647,-73.988174,10.382949,True,1h
2026-05-15 10:48:00,1,"7°10'00.64""S 107°24'04.92""E",2201.98,383.04004,138.41246,19.708485,90.98722,-73.98793,10.3829565,True,1h
2026-05-15 10:48:04,1,"7°10'00.64""S 107°24'04.92""E",2201.98,383.01642,138.40407,19.708256,90.98798,-73.98769,10.382964,True,1h
2026-05-15 10:48:08,1,"7°10'00.64""S 107°24'04.92""E",2201.98,382.99283,138.39566,19.708027,90.98873,-73.98746,10.382972,True,1h
2026-05-15 10:48:12,1,"7°10'00.64""S 107°24'04.92""E",2201.98,382.96927,138.38727,19.707798,90.98948,-73.98721,10.382979,True,1h
2026-05-15 10:48:16,1,"7°10'00.64""S 107°24'04.92""E",2201.98,382.94565,138.37886,19.70757,90.99024,-73.98698,10.382986,True,1h
2026-05-15 10:48:20,1,"7°10'00.64""S 107°24'04.92""E",2201.98,382.92206,138.37047,19.70734,90.99099,-73.98674,10.382994,True,1h
2026-05-15 10:48:24,1,"7°10'00.64""S 107°24'04.92""E",2201.98,382.8985,138.36208,19.70711,90.991745,-73.986496,10.383001,True,1h
2026-05-15 10:48:28,1,"7°10'00.64""S 107°24'04.92""E",2201.98,382.8749,138.35367,19.70688,90.9925,-73.98626,10.383009,True,1h
2026-05-15 10:48:32,1,"7°10'00.64""S 107°24'04.92""E",2201.98,382.85135,138.34528,19.706652,90.99325,-73.98602,10.383016,True,1h
2026-05-15 10:48:36,1,"7°10'00.64""S 107°24'04.92""E",2201.98,382.82776,138.33688,19.70642,90.99401,-73.98578,10.383023,True,1h
2026-05-15 10:48:40,1,"7°10'00.64""S 107°24'04.92""E",2201.98,382.8042,138.3285,19.706192,90.99476,-73.98554,10.383031,True,1h
2026-05-15 10:48:44,1,"7°10'00.64""S 107°24'04.92""E",2201.98,382.78064,138.3201,19.705963,90.99552,-73.9853,10.3830385,True,1h
2026-05-15 10:48:48,1,"7°10'00.64""S 107°24'04.92""E",2201.98,382.75708,138.3117,19.705734,90.99627,-73.98506,10.383046,True,1h
2026-05-15 10:48:52,1,"7°10'00.64""S 107°24'04.92""E",2201.98,382.7335,138.30331,19.705503,90.997025,-73.98482,10.383054,True,1h
2026-05-15 10:48:56,1,"7°10'00.64""S 107°24'04.92""E",2201.98,382.70996,138.29494,19.705273,90.99778,-73.98458,10.383061,True,1h
2026-05-15 10:49:00,1,"7°10'00.64""S 107°24'04.92""E",2201.98,382.68643,138.28653,19.705044,90.998535,-73.98434,10.383069,True,1h
2026-05-15 10:49:04,1,"7°10'00.64""S 107°24'04.92""E",2201.98,382.66287,138.27815,19.704813,90.99929,-73.9841,10.383077,True,1h
2026-05-15 10:49:08,1,"7°10'00.64""S 107°24'04.92""E",2201.98,382.63928,138.26976,19.704586,91.000046,-73.98386,10.383084,True,1h
2026-05-15 10:49:12,1,"7°10'00.64""S 107°24'04.92""E",2201.98,382.61578,138.26138,19.704355,91.00081,-73.98362,10.383092,True,1h
2026-05-15 10:49:16,1,"7°10'00.64""S 107°24'04.92""E",2201.98,382.59225,138.25299,19.704124,91.00156,-73.983376,10.3831,True,1h
2026-05-15 10:49:20,1,"7°10'00.64""S 107°24'04.92""E",2201.98,382.56873,138.2446,19.703894,91.00231,-73.98314,10.383108,True,1h
2026-05-15 10:49:24,1,"7°10'00.64""S 107°24'04.92""E",2201.98,382.5452,138.23622,19.703665,91.003075,-73.9829,10.383115,True,1h
2026-05-15 10:49:28,1,"7°10'00.64""S 107°24'04.92""E",2201.98,382.52167,138.22784,19.703434,91.00382,-73.98266,10.383122,True,1h
2026-05-15 10:49:32,1,"7°10'00.64""S 107°24'04.92""E",2201.98,382.49814,138.21945,19.703205,91.004585,-73.98242,10.383131,True,1h
2026-05-15 10:49:36,1,"7°10'00.64""S 107°24'04.92""E",2201.98,382.47464,138.21107,19.702974,91.00534,-73.98218,10.383139,True,1h
2026-05-15 10:49:40,1,"7°10'00.64""S 107°24'04.92""E",2201.98,382.45117,138.2027,19.702744,91.00609,-73.98194,10.383147,True,1h
2026-05-15 10:49:44,1,"7°10'00.64""S 107°24'04.92""E",2201.98,382.42764,138.1943,19.702513,91.00685,-73.9817,10.383154,True,1h
2026-05-15 10:49:48,1,"7°10'00.64""S 107°24'04.92""E",2201.98,382.40414,138.18593,19.702284,91.00761,-73.98145,10.383162,True,1h
2026-05-15 10:49:52,1,"7°10'00.64""S 107°24'04.92""E",2201.98,382.3806,138.17754,19.702051,91.00837,-73.98121,10.38317,True,1h
2026-05-15 10:49:56,1,"7°10'00.64""S 107°24'04.92""E",2201.98,382.35715,138.16916,19.701822,91.009125,-73.98097,10.383179,True,1h
2026-05-15 10:50:00,1,"7°10'00.64""S 107°24'04.92""E",2201.98,382.33362,138.16078,19.701591,91.00989,-73.98073,10.383186,True,1h
2026-05-15 10:50:04,1,"7°10'00.64""S 107°24'04.92""E",2201.98,382.31018,138.1524,19.70136,91.01064,-73.980484,10.383194,True,1h
2026-05-15 10:50:08,1,"7°10'00.64""S 107°24'04.92""E",2201.98,382.28668,138.14403,19.701128,91.01139,-73.98025,10.383202,True,1h
2026-05-15 10:50:12,1,"7°10'00.64""S 107°24'04.92""E",2201.98,382.26318,138.13565,19.7009,91.01215,-73.98,10.38321,True,1h
2026-05-15 10:50:16,1,"7°10'00.64""S 107°24'04.92""E",2201.98,382.23975,138.12727,19.700666,91.01291,-73.97977,10.383219,True,1h
2026-05-15 10:50:20,1,"7°10'00.64""S 107°24'04.92""E",2201.98,382.21628,138.1189,19.700438,91.01367,-73.97952,10.383225,True,1h
2026-05-15 10:50:24,1,"7°10'00.64""S 107°24'04.92""E",2201.98,382.1928,138.11052,19.700207,91.01443,-73.97928,10.383234,True,1h
2026-05-15 10:50:28,1,"7°10'00.64""S 107°24'04.92""E",2201.98,382.1693,138.10216,19.699974,91.01519,-73.979034,10.383243,True,1h
2026-05-15 10:50:32,1,"7°10'00.64""S 107°24'04.92""E",2201.98,382.14587,138.09378,19.699745,91.015945,-73.9788,10.383251,True,1h
2026-05-15 10:50:36,1,"7°10'00.64""S 107°24'04.92""E",2201.98,382.12244,138.0854,19.699512,91.01671,-73.97855,10.383259,True,1h
2026-05-15 10:50:40,1,"7°10'00.64""S 107°24'04.92""E",2201.98,382.09897,138.07704,19.699282,91.01746,-73.97831,10.383266,True,1h
2026-05-15 10:50:44,1,"7°10'00.64""S 107°24'04.92""E",2201.98,382.07547,138.06866,19.69905,91.01822,-73.978065,10.383275,True,1h
2026-05-15 10:50:48,1,"7°10'00.64""S 107°24'04.92""E",2201.98,382.05206,138.06029,19.69882,91.01898,-73.97783,10.383284,True,1h
2026-05-15 10:50:52,1,"7°10'00.64""S 107°24'04.92""E",2201.98,382.0286,138.05193,19.69859,91.019745,-73.977585,10.383291,True,1h
2026-05-15 10:50:56,1,"7°10'00.64""S 107°24'04.92""E",2201.98,382.0052,138.04355,19.698357,91.02051,-73.97734,10.3833,True,1h
2026-05-15 10:51:00,1,"7°10'00.64""S 107°24'04.92""E",2201.98,381.98175,138.03519,19.698126,91.02126,-73.9771,10.383308,True,1h
2026-05-15 10:51:04,1,"7°10'00.64""S 107°24'04.92""E",2201.98,381.95834,138.02681,19.697893,91.022026,-73.97685,10.383316,True,1h
2026-05-15 10:51:08,1,"7°10'00.64""S 107°24'04.92""E",2201.98,381.9349,138.01845,19.697662,91.02278,-73.97661,10.383325,True,1h
2026-05-15 10:51:12,1,"7°10'00.64""S 107°24'04.92""E",2201.98,381.91144,138.01007,19.697432,91.02355,-73.976364,10.383333,True,1h
2026-05-15 10:51:16,1,"7°10'00.64""S 107°24'04.92""E",2201.98,381.88806,138.00171,19.697199,91.02431,-73.97613,10.383342,True,1h
2026-05-15 10:51:20,1,"7°10'00.64""S 107°24'04.92""E",2201.98,381.86465,137.99335,19.696968,91.02507,-73.975876,10.383349,True,1h
2026-05-15 10:51:24,1,"7°10'00.64""S 107°24'04.92""E",2201.98,381.8412,137.98497,19.696735,91.025826,-73.97563,10.383358,True,1h
2026-05-15 10:51:28,1,"7°10'00.64""S 107°24'04.92""E",2201.98,381.8178,137.97661,19.696503,91.026596,-73.97539,10.383367,True,1h
2026-05-15 10:51:32,1,"7°10'00.64""S 107°24'04.92""E",2201.98,381.79443,137.96825,19.696272,91.02735,-73.97514,10.383375,True,1h
2026-05-15 10:51:36,1,"7°10'00.64""S 107°24'04.92""E",2201.98,381.771,137.9599,19.69604,91.028114,-73.97491,10.383384,True,1h
2026-05-15 10:51:40,1,"7°10'00.64""S 107°24'04.92""E",2201.98,381.74762,137.95154,19.695807,91.02888,-73.97466,10.383392,True,1h
2026-05-15 10:51:44,1,"7°10'00.64""S 107°24'04.92""E",2201.98,381.7242,137.94316,19.695576,91.02964,-73.97441,10.383401,True,1h
2026-05-15 10:51:48,1,"7°10'00.64""S 107°24'04.92""E",2201.98,381.70084,137.9348,19.695343,91.0304,-73.97417,10.3834095,True,1h
2026-05-15 10:51:52,1,"7°10'00.64""S 107°24'04.92""E",2201.98,381.67743,137.92645,19.69511,91.031166,-73.97392,10.383418,True,1h
2026-05-15 10:51:56,1,"7°10'00.64""S 107°24'04.92""E",2201.98,381.65408,137.91808,19.69488,91.03192,-73.97369,10.383427,True,1h
2026-05-15 10:52:00,1,"7°10'00.64""S 107°24'04.92""E",2201.98,381.63068,137.90973,19.694647,91.032684,-73.97344,10.383435,True,1h
2026-05-15 10:52:04,1,"7°10'00.64""S 107°24'04.92""E",2201.98,381.6073,137.90137,19.694412,91.03345,-73.97319,10.383444,True,1h
2026-05-15 10:52:08,1,"7°10'00.64""S 107°24'04.92""E",2201.98,381.58392,137.893,19.694181,91.03421,-73.972946,10.383452,True,1h
2026-05-15 10:52:12,1,"7°10'00.64""S 107°24'04.92""E",2201.98,381.56055,137.88464,19.693949,91.03497,-73.9727,10.383461,True,1h
2026-05-15 10:52:16,1,"7°10'00.64""S 107°24'04.92""E",2201.98,381.5372,137.8763,19.693716,91.035736,-73.97246,10.38347,True,1h
2026-05-15 10:52:20,1,"7°10'00.64""S 107°24'04.92""E",2201.98,381.51385,137.86794,19.693483,91.0365,-73.97221,10.383478,True,1h
2026-05-15 10:52:24,1,"7°10'00.64""S 107°24'04.92""E",2201.98,381.4905,137.85959,19.69325,91.03726,-73.97196,10.383487,True,1h
2026-05-15 10:52:28,1,"7°10'00.64""S 107°24'04.92""E",2201.98,381.4671,137.85123,19.69302,91.03803,-73.971725,10.383496,True,1h
2026-05-15 10:52:32,1,"7°10'00.64""S 107°24'04.92""E",2201.98,381.4438,137.84286,19.692785,91.038795,-73.97148,10.383505,True,1h
2026-05-15 10:52:36,1,"7°10'00.64""S 107°24'04.92""E",2201.98,381.42044,137.83452,19.692553,91.03956,-73.97123,10.383513,True,1h
2026-05-15 10:52:40,1,"7°10'00.64""S 107°24'04.92""E",2201.98,381.3971,137.82617,19.69232,91.04032,-73.970985,10.383523,True,1h
2026-05-15 10:52:44,1,"7°10'00.64""S 107°24'04.92""E",2201.98,381.37378,137.81781,19.692087,91.041084,-73.97074,10.383531,True,1h
2026-05-15 10:52:48,1,"7°10'00.64""S 107°24'04.92""E",2201.98,381.35037,137.80946,19.691853,91.04185,-73.9705,10.38354,True,1h
2026-05-15 10:52:52,1,"7°10'00.64""S 107°24'04.92""E",2201.98,381.3271,137.80112,19.69162,91.04262,-73.97025,10.38355,True,1h
2026-05-15 10:52:56,1,"7°10'00.64""S 107°24'04.92""E",2201.98,381.3038,137.79277,19.691387,91.04338,-73.97,10.383557,True,1h
2026-05-15 10:53:00,1,"7°10'00.64""S 107°24'04.92""E",2201.98,381.28046,137.78441,19.691154,91.04415,-73.96976,10.383567,True,1h
2026-05-15 10:53:04,1,"7°10'00.64""S 107°24'04.92""E",2201.98,381.25714,137.77606,19.69092,91.04491,-73.96951,10.383575,True,1h
2026-05-15 10:53:08,1,"7°10'00.64""S 107°24'04.92""E",2201.98,381.2338,137.76772,19.690687,91.04568,-73.96927,10.383585,True,1h
2026-05-15 10:53:12,1,"7°10'00.64""S 107°24'04.92""E",2201.98,381.2105,137.75937,19.690454,91.04645,-73.96902,10.3835945,True,1h
2026-05-15 10:53:16,1,"7°10'00.64""S 107°24'04.92""E",2201.98,381.1872,137.75102,19.690222,91.04721,-73.96878,10.383602,True,1h
2026-05-15 10:53:20,1,"7°10'00.64""S 107°24'04.92""E",2201.98,381.16388,137.74268,19.68999,91.04798,-73.96853,10.383612,True,1h
2026-05-15 10:53:24,1,"7°10'00.64""S 107°24'04.92""E",2201.98,381.1406,137.73433,19.689754,91.04874,-73.968285,10.383621,True,1h
2026-05-15 10:53:28,1,"7°10'00.64""S 107°24'04.92""E",2201.98,381.1173,137.72597,19.68952,91.049515,-73.96803,10.38363,True,1h
2026-05-15 10:53:32,1,"7°10'00.64""S 107°24'04.92""E",2201.98,381.094,137.71764,19.689287,91.05028,-73.9678,10.383639,True,1h
2026-05-15 10:53:36,1,"7°10'00.64""S 107°24'04.92""E",2201.98,381.07068,137.70929,19.689054,91.05105,-73.96754,10.383648,True,1h
2026-05-15 10:53:40,1,"7°10'00.64""S 107°24'04.92""E",2201.98,381.04742,137.70094,19.68882,91.0518,-73.96729,10.383657,True,1h
2026-05-15 10:53:44,1,"7°10'00.64""S 107°24'04.92""E",2201.98,381.02417,137.6926,19.688587,91.052574,-73.96705,10.383666,True,1h
2026-05-15 10:53:48,1,"7°10'00.64""S 107°24'04.92""E",2201.98,381.00085,137.68427,19.68835,91.053345,-73.9668,10.383676,True,1h
2026-05-15 10:53:52,1,"7°10'00.64""S 107°24'04.92""E",2201.98,380.9776,137.67592,19.688118,91.05411,-73.96655,10.383685,True,1h
2026-05-15 10:53:56,1,"7°10'00.64""S 107°24'04.92""E",2201.98,380.9543,137.66757,19.687883,91.05488,-73.9663,10.383694,True,1h
2026-05-15 10:54:00,1,"7°10'00.64""S 107°24'04.92""E",2201.98,380.93103,137.65924,19.68765,91.05565,-73.96606,10.383703,True,1h
2026-05-15 10:54:04,1,"7°10'00.64""S 107°24'04.92""E",2201.98,380.9078,137.6509,19.687416,91.05641,-73.96581,10.383713,True,1h
2026-05-15 10:54:08,1,"7°10'00.64""S 107°24'04.92""E",2201.98,380.88452,137.64255,19.687181,91.05718,-73.96556,10.383722,True,1h
2026-05-15 10:54:12,1,"7°10'00.64""S 107°24'04.92""E",2201.98,380.86127,137.63422,19.686949,91.057945,-73.96531,10.383731,True,1h
2026-05-15 10:54:16,1,"7°10'00.64""S 107°24'04.92""E",2201.98,380.838,137.62587,19.686712,91.05872,-73.965065,10.38374,True,1h
2026-05-15 10:54:20,1,"7°10'00.64""S 107°24'04.92""E",2201.98,380.81476,137.61755,19.686478,91.059494,-73.96482,10.383751,True,1h
2026-05-15 10:54:24,1,"7°10'00.64""S 107°24'04.92""E",2201.98,380.7915,137.6092,19.686243,91.06026,-73.96457,10.3837595,True,1h
2026-05-15 10:54:28,1,"7°10'00.64""S 107°24'04.92""E",2201.98,380.76828,137.60086,19.68601,91.06103,-73.964325,10.383769,True,1h
2026-05-15 10:54:32,1,"7°10'00.64""S 107°24'04.92""E",2201.98,380.74503,137.59253,19.685776,91.06179,-73.96407,10.383778,True,1h
2026-05-15 10:54:36,1,"7°10'00.64""S 107°24'04.92""E",2201.98,380.72177,137.5842,19.685541,91.06257,-73.96383,10.383788,True,1h
2026-05-15 10:54:40,1,"7°10'00.64""S 107°24'04.92""E",2201.98,380.69855,137.57585,19.685307,91.06333,-73.96358,10.383797,True,1h
2026-05-15 10:54:44,1,"7°10'00.64""S 107°24'04.92""E",2201.98,380.67532,137.56752,19.685072,91.0641,-73.963326,10.383807,True,1h
2026-05-15 10:54:48,1,"7°10'00.64""S 107°24'04.92""E",2201.98,380.6521,137.55917,19.684837,91.06487,-73.96308,10.383816,True,1h
2026-05-15 10:54:52,1,"7°10'00.64""S 107°24'04.92""E",2201.98,380.62888,137.55086,19.684603,91.06564,-73.96283,10.383826,True,1h
2026-05-15 10:54:56,1,"7°10'00.64""S 107°24'04.92""E",2201.98,380.60568,137.54253,19.684368,91.06642,-73.962585,10.383835,True,1h
2026-05-15 10:55:00,1,"7°10'00.64""S 107°24'04.92""E",2201.98,380.58246,137.53418,19.684134,91.067184,-73.96233,10.383845,True,1h
2026-05-15 10:55:04,1,"7°10'00.64""S 107°24'04.92""E",2201.98,380.55927,137.52586,19.683897,91.06796,-73.96208,10.383855,True,1h
2026-05-15 10:55:08,1,"7°10'00.64""S 107°24'04.92""E",2201.98,380.536,137.51752,19.683662,91.068726,-73.96184,10.383864,True,1h
2026-05-15 10:55:12,1,"7°10'00.64""S 107°24'04.92""E",2201.98,380.51285,137.5092,19.683426,91.069496,-73.961586,10.383874,True,1h
2026-05-15 10:55:16,1,"7°10'00.64""S 107°24'04.92""E",2201.98,380.48965,137.50087,19.683191,91.07027,-73.961334,10.383883,True,1h
2026-05-15 10:55:20,1,"7°10'00.64""S 107°24'04.92""E",2201.98,380.46646,137.49254,19.682957,91.071045,-73.96109,10.383893,True,1h
2026-05-15 10:55:24,1,"7°10'00.64""S 107°24'04.92""E",2201.98,380.44327,137.4842,19.68272,91.071815,-73.96084,10.383903,True,1h
2026-05-15 10:55:28,1,"7°10'00.64""S 107°24'04.92""E",2201.98,380.42007,137.47588,19.682486,91.072586,-73.96059,10.383913,True,1h
2026-05-15 10:55:32,1,"7°10'00.64""S 107°24'04.92""E",2201.98,380.39688,137.46756,19.68225,91.07336,-73.960335,10.383923,True,1h
2026-05-15 10:55:36,1,"7°10'00.64""S 107°24'04.92""E",2201.98,380.3737,137.45923,19.682014,91.07413,-73.96009,10.383932,True,1h
2026-05-15 10:55:40,1,"7°10'00.64""S 107°24'04.92""E",2201.98,380.35052,137.4509,19.681778,91.0749,-73.95984,10.383942,True,1h
2026-05-15 10:55:44,1,"7°10'00.64""S 107°24'04.92""E",2201.98,380.32736,137.44258,19.681543,91.07567,-73.95959,10.383952,True,1h
2026-05-15 10:55:48,1,"7°10'00.64""S 107°24'04.92""E",2201.98,380.30417,137.43425,19.681309,91.07645,-73.959335,10.383962,True,1h
2026-05-15 10:55:52,1,"7°10'00.64""S 107°24'04.92""E",2201.98,380.281,137.42593,19.681072,91.077225,-73.95908,10.383971,True,1h
2026-05-15 10:55:56,1,"7°10'00.64""S 107°24'04.92""E",2201.98,380.25787,137.4176,19.680838,91.07799,-73.95883,10.383982,True,1h
2026-05-15 10:56:00,1,"7°10'00.64""S 107°24'04.92""E",2201.98,380.2347,137.40927,19.680601,91.078766,-73.95859,10.383991,True,1h
2026-05-15 10:56:04,1,"7°10'00.64""S 107°24'04.92""E",2201.98,380.21155,137.40096,19.680367,91.07954,-73.958336,10.384001,True,1h
2026-05-15 10:56:08,1,"7°10'00.64""S 107°24'04.92""E",2201.98,380.18835,137.39262,19.68013,91.080315,-73.958084,10.38401,True,1h
2026-05-15 10:56:12,1,"7°10'00.64""S 107°24'04.92""E",2201.98,380.16525,137.38431,19.679895,91.08109,-73.95783,10.384021,True,1h
2026-05-15 10:56:16,1,"7°10'00.64""S 107°24'04.92""E",2201.98,380.1421,137.37599,19.679659,91.081856,-73.95758,10.38403,True,1h
2026-05-15 10:56:20,1,"7°10'00.64""S 107°24'04.92""E",2201.98,380.11893,137.36768,19.679422,91.082634,-73.95734,10.384041,True,1h
2026-05-15 10:56:24,1,"7°10'00.64""S 107°24'04.92""E",2201.98,380.09583,137.35934,19.679186,91.083405,-73.957085,10.38405,True,1h
2026-05-15 10:56:28,1,"7°10'00.64""S 107°24'04.92""E",2201.98,380.0727,137.35103,19.67895,91.08418,-73.95683,10.384062,True,1h
2026-05-15 10:56:32,1,"7°10'00.64""S 107°24'04.92""E",2201.98,380.04953,137.34271,19.678713,91.08496,-73.95657,10.384071,True,1h
2026-05-15 10:56:36,1,"7°10'00.64""S 107°24'04.92""E",2201.98,380.02643,137.33438,19.678476,91.08573,-73.95633,10.384082,True,1h
2026-05-15 10:56:40,1,"7°10'00.64""S 107°24'04.92""E",2201.98,380.0033,137.32607,19.67824,91.08651,-73.95607,10.384091,True,1h
2026-05-15 10:56:44,1,"7°10'00.64""S 107°24'04.92""E",2201.98,379.98013,137.31773,19.678003,91.08728,-73.955826,10.384101,True,1h
2026-05-15 10:56:48,1,"7°10'00.64""S 107°24'04.92""E",2201.98,379.95706,137.30943,19.677767,91.08806,-73.95557,10.384112,True,1h
2026-05-15 10:56:52,1,"7°10'00.64""S 107°24'04.92""E",2201.98,379.93396,137.30112,19.67753,91.08884,-73.95532,10.384122,True,1h
2026-05-15 10:56:56,1,"7°10'00.64""S 107°24'04.92""E",2201.98,379.91083,137.2928,19.677294,91.08961,-73.95506,10.384132,True,1h
2026-05-15 10:57:00,1,"7°10'00.64""S 107°24'04.92""E",2201.98,379.88773,137.28448,19.67706,91.090385,-73.95482,10.384142,True,1h
2026-05-15 10:57:04,1,"7°10'00.64""S 107°24'04.92""E",2201.98,379.86465,137.27617,19.67682,91.091156,-73.95456,10.384152,True,1h
2026-05-15 10:57:08,1,"7°10'00.64""S 107°24'04.92""E",2201.98,379.84152,137.26785,19.676584,91.09194,-73.95431,10.384163,True,1h
2026-05-15 10:57:12,1,"7°10'00.64""S 107°24'04.92""E",2201.98,379.81845,137.25954,19.676348,91.09272,-73.954056,10.384172,True,1h
2026-05-15 10:57:16,1,"7°10'00.64""S 107°24'04.92""E",2201.98,379.7953,137.25122,19.676111,91.09349,-73.953804,10.384184,True,1h
2026-05-15 10:57:20,1,"7°10'00.64""S 107°24'04.92""E",2201.98,379.77228,137.24292,19.675873,91.09427,-73.95355,10.384193,True,1h
2026-05-15 10:57:24,1,"7°10'00.64""S 107°24'04.92""E",2201.98,379.74915,137.2346,19.675636,91.09505,-73.9533,10.384205,True,1h
2026-05-15 10:57:28,1,"7°10'00.64""S 107°24'04.92""E",2201.98,379.7261,137.22629,19.6754,91.095825,-73.95305,10.384214,True,1h
2026-05-15 10:57:32,1,"7°10'00.64""S 107°24'04.92""E",2201.98,379.70297,137.21797,19.675163,91.0966,-73.95279,10.384225,True,1h
2026-05-15 10:57:36,1,"7°10'00.64""S 107°24'04.92""E",2201.98,379.67993,137.20966,19.674925,91.097374,-73.952545,10.384235,True,1h
2026-05-15 10:57:40,1,"7°10'00.64""S 107°24'04.92""E",2201.98,379.65686,137.20135,19.674688,91.09816,-73.952286,10.384246,True,1h
2026-05-15 10:57:44,1,"7°10'00.64""S 107°24'04.92""E",2201.98,379.6338,137.19304,19.67445,91.09894,-73.952034,10.384256,True,1h
2026-05-15 10:57:48,1,"7°10'00.64""S 107°24'04.92""E",2201.98,379.61072,137.18472,19.674213,91.09971,-73.95178,10.384267,True,1h
2026-05-15 10:57:52,1,"7°10'00.64""S 107°24'04.92""E",2201.98,379.58765,137.17642,19.673977,91.100494,-73.95152,10.384277,True,1h
2026-05-15 10:57:56,1,"7°10'00.64""S 107°24'04.92""E",2201.98,379.5646,137.16812,19.673738,91.10127,-73.95128,10.384288,True,1h
2026-05-15 10:58:00,1,"7°10'00.64""S 107°24'04.92""E",2201.98,379.54153,137.1598,19.6735,91.10205,-73.95102,10.384298,True,1h
2026-05-15 10:58:04,1,"7°10'00.64""S 107°24'04.92""E",2201.98,379.5185,137.15149,19.673262,91.10283,-73.95077,10.384309,True,1h
2026-05-15 10:58:08,1,"7°10'00.64""S 107°24'04.92""E",2201.98,379.49542,137.14319,19.673025,91.103615,-73.950516,10.38432,True,1h
2026-05-15 10:58:12,1,"7°10'00.64""S 107°24'04.92""E",2201.98,379.47244,137.13489,19.672789,91.104385,-73.95026,10.38433,True,1h
2026-05-15 10:58:16,1,"7°10'00.64""S 107°24'04.92""E",2201.98,379.4494,137.12659,19.67255,91.10517,-73.950005,10.384341,True,1h
2026-05-15 10:58:20,1,"7°10'00.64""S 107°24'04.92""E",2201.98,379.4263,137.11827,19.672312,91.10595,-73.94975,10.384352,True,1h
2026-05-15 10:58:24,1,"7°10'00.64""S 107°24'04.92""E",2201.98,379.4033,137.10997,19.672073,91.10673,-73.94949,10.384362,True,1h
2026-05-15 10:58:28,1,"7°10'00.64""S 107°24'04.92""E",2201.98,379.38025,137.10167,19.671837,91.107506,-73.94924,10.384374,True,1h
2026-05-15 10:58:32,1,"7°10'00.64""S 107°24'04.92""E",2201.98,379.3572,137.09335,19.671598,91.10829,-73.94898,10.384384,True,1h
2026-05-15 10:58:36,1,"7°10'00.64""S 107°24'04.92""E",2201.98,379.33423,137.08505,19.67136,91.10907,-73.94873,10.384394,True,1h
2026-05-15 10:58:40,1,"7°10'00.64""S 107°24'04.92""E",2201.98,379.3112,137.07675,19.671122,91.10985,-73.94848,10.384405,True,1h
2026-05-15 10:58:44,1,"7°10'00.64""S 107°24'04.92""E",2201.98,379.28815,137.06845,19.670885,91.110634,-73.94822,10.384416,True,1h
2026-05-15 10:58:48,1,"7°10'00.64""S 107°24'04.92""E",2201.98,379.26517,137.06015,19.670645,91.11141,-73.94797,10.384426,True,1h
2026-05-15 10:58:52,1,"7°10'00.64""S 107°24'04.92""E",2201.98,379.24216,137.05185,19.670406,91.11219,-73.947716,10.384438,True,1h
2026-05-15 10:58:56,1,"7°10'00.64""S 107°24'04.92""E",2201.98,379.21915,137.04355,19.67017,91.112976,-73.94746,10.384448,True,1h
2026-05-15 10:59:00,1,"7°10'00.64""S 107°24'04.92""E",2201.98,379.19617,137.03525,19.66993,91.113754,-73.947205,10.384459,True,1h
2026-05-15 10:59:04,1,"7°10'00.64""S 107°24'04.92""E",2201.98,379.17313,137.02695,19.669691,91.11454,-73.946945,10.384471,True,1h
2026-05-15 10:59:08,1,"7°10'00.64""S 107°24'04.92""E",2201.98,379.15015,137.01863,19.669453,91.115326,-73.946686,10.384481,True,1h
2026-05-15 10:59:12,1,"7°10'00.64""S 107°24'04.92""E",2201.98,379.12717,137.01033,19.669216,91.116104,-73.946434,10.384492,True,1h
2026-05-15 10:59:16,1,"7°10'00.64""S 107°24'04.92""E",2201.98,379.10416,137.00204,19.668976,91.11688,-73.94618,10.384503,True,1h
2026-05-15 10:59:20,1,"7°10'00.64""S 107°24'04.92""E",2201.98,379.08118,136.99374,19.668737,91.11767,-73.94592,10.384514,True,1h
2026-05-15 10:59:24,1,"7°10'00.64""S 107°24'04.92""E",2201.98,379.0582,136.98544,19.668499,91.11845,-73.94566,10.384525,True,1h
2026-05-15 10:59:28,1,"7°10'00.64""S 107°24'04.92""E",2201.98,379.03522,136.97714,19.66826,91.11923,-73.94541,10.384536,True,1h
2026-05-15 10:59:32,1,"7°10'00.64""S 107°24'04.92""E",2201.98,379.01227,136.96886,19.66802,91.12002,-73.94515,10.384547,True,1h
2026-05-15 10:59:36,1,"7°10'00.64""S 107°24'04.92""E",2201.98,378.9893,136.96056,19.667784,91.1208,-73.9449,10.384559,True,1h
2026-05-15 10:59:40,1,"7°10'00.64""S 107°24'04.92""E",2201.98,378.9663,136.95227,19.667543,91.12158,-73.94464,10.384569,True,1h
2026-05-15 10:59:44,1,"7°10'00.64""S 107°24'04.92""E",2201.98,378.94336,136.94397,19.667303,91.12237,-73.94439,10.384581,True,1h
2026-05-15 10:59:48,1,"7°10'00.64""S 107°24'04.92""E",2201.98,378.92038,136.93567,19.667065,91.123146,-73.94413,10.384592,True,1h
2026-05-15 10:59:52,1,"7°10'00.64""S 107°24'04.92""E",2201.98,378.89743,136.92737,19.666826,91.12394,-73.94387,10.384603,True,1h
2026-05-15 10:59:56,1,"7°10'00.64""S 107°24'04.92""E",2201.98,378.87445,136.91907,19.666586,91.124725,-73.94362,10.384613,True,1h
2026-05-15 11:00:00,1,"7°10'00.64""S 107°24'04.92""E",2201.98,378.8515,136.91078,19.666348,91.12551,-73.94336,10.384625,True,1h
2026-05-15 10:00:02,2,"7°09'59.92""S 107°24'13.14""E",2192.38,22.064095,24.220678,25.247246,65.47024,-74.91973,12.395126,True,1h
2026-05-15 10:00:06,2,"7°09'59.92""S 107°24'13.14""E",2192.38,21.950125,24.11568,25.216259,65.53293,-74.97786,12.383622,True,1h
2026-05-15 10:00:10,2,"7°09'59.92""S 107°24'13.14""E",2192.38,21.83158,24.007883,25.185266,65.60633,-75.026505,12.3733635,True,1h
2026-05-15 10:00:14,2,"7°09'59.92""S 107°24'13.14""E",2192.38,21.716465,23.903753,25.155176,65.67955,-75.07062,12.363908,True,1h
2026-05-15 10:00:18,2,"7°09'59.92""S 107°24'13.14""E",2192.38,21.60768,23.805859,25.126757,65.75079,-75.109695,12.355345,True,1h
2026-05-15 10:00:22,2,"7°09'59.92""S 107°24'13.14""E",2192.38,21.506521,23.715302,25.100407,65.81864,-75.14375,12.347682,True,1h
2026-05-15 10:00:26,2,"7°09'59.92""S 107°24'13.14""E",2192.38,21.413858,23.632685,25.076315,65.88208,-75.17324,12.340878,True,1h
2026-05-15 10:00:30,2,"7°09'59.92""S 107°24'13.14""E",2192.38,21.328796,23.557203,25.054323,65.94118,-75.1986,12.334837,True,1h
2026-05-15 10:00:34,2,"7°09'59.92""S 107°24'13.14""E",2192.38,21.250984,23.488482,25.034338,65.99582,-75.22036,12.329483,True,1h
2026-05-15 10:00:38,2,"7°09'59.92""S 107°24'13.14""E",2192.38,21.180353,23.426289,25.01626,66.045944,-75.239136,12.324736,True,1h
2026-05-15 10:00:42,2,"7°09'59.92""S 107°24'13.14""E",2192.38,21.116701,23.370453,25.00007,66.09132,-75.25521,12.320553,True,1h
2026-05-15 10:00:46,2,"7°09'59.92""S 107°24'13.14""E",2192.38,21.058874,23.31989,24.98545,66.13273,-75.26908,12.316838,True,1h
2026-05-15 10:00:50,2,"7°09'59.92""S 107°24'13.14""E",2192.38,21.006233,23.274025,24.972237,66.17047,-75.28104,12.313533,True,1h
2026-05-15 10:00:54,2,"7°09'59.92""S 107°24'13.14""E",2192.38,20.958054,23.232141,24.960192,66.205185,-75.29152,12.310559,True,1h
2026-05-15 10:00:58,2,"7°09'59.92""S 107°24'13.14""E",2192.38,20.915504,23.195213,24.94959,66.2358,-75.30058,12.307953,True,1h
2026-05-15 10:01:02,2,"7°09'59.92""S 107°24'13.14""E",2192.38,20.87772,23.162502,24.940222,66.262886,-75.30845,12.305658,True,1h
2026-05-15 10:01:06,2,"7°09'59.92""S 107°24'13.14""E",2192.38,20.842226,23.131832,24.931461,66.28846,-75.31545,12.303545,True,1h
2026-05-15 10:01:10,2,"7°09'59.92""S 107°24'13.14""E",2192.38,20.8106,23.104572,24.923695,66.311134,-75.32156,12.301677,True,1h
2026-05-15 10:01:14,2,"7°09'59.92""S 107°24'13.14""E",2192.38,20.781832,23.079845,24.916681,66.331665,-75.3269,12.300001,True,1h
2026-05-15 10:01:18,2,"7°09'59.92""S 107°24'13.14""E",2192.38,20.7555,23.05725,24.91028,66.35045,-75.33167,12.298481,True,1h
2026-05-15 10:01:22,2,"7°09'59.92""S 107°24'13.14""E",2192.38,20.732065,23.037136,24.90458,66.36715,-75.335945,12.297121,True,1h
2026-05-15 10:01:26,2,"7°09'59.92""S 107°24'13.14""E",2192.38,20.710838,23.018986,24.899464,66.382126,-75.33968,12.295904,True,1h
2026-05-15 10:01:30,2,"7°09'59.92""S 107°24'13.14""E",2192.38,20.690859,23.00192,24.894657,66.39628,-75.34307,12.294773,True,1h
2026-05-15 10:01:34,2,"7°09'59.92""S 107°24'13.14""E",2192.38,20.67318,22.986803,24.890394,66.408775,-75.34616,12.29376,True,1h
2026-05-15 10:01:38,2,"7°09'59.92""S 107°24'13.14""E",2192.38,20.656992,22.97299,24.886507,66.42015,-75.34896,12.292837,True,1h
2026-05-15 10:01:42,2,"7°09'59.92""S 107°24'13.14""E",2192.38,20.642673,22.960802,24.883085,66.430046,-75.35148,12.292013,True,1h
2026-05-15 10:01:46,2,"7°09'59.92""S 107°24'13.14""E",2192.38,20.629284,22.949396,24.879875,66.43936,-75.35381,12.291245,True,1h
2026-05-15 10:01:50,2,"7°09'59.92""S 107°24'13.14""E",2192.38,20.617424,22.939383,24.87709,66.44732,-75.3558,12.29057,True,1h
2026-05-15 10:01:54,2,"7°09'59.92""S 107°24'13.14""E",2192.38,20.606077,22.929792,24.874418,66.45502,-75.35767,12.28993,True,1h
2026-05-15 10:01:58,2,"7°09'59.92""S 107°24'13.14""E",2192.38,20.595709,22.921083,24.872015,66.46187,-75.35933,12.2893505,True,1h
2026-05-15 10:02:02,2,"7°09'59.92""S 107°24'13.14""E",2192.38,20.585417,22.91238,24.86958,66.46892,-75.361015,12.28877,True,1h
2026-05-15 10:02:06,2,"7°09'59.92""S 107°24'13.14""E",2192.38,20.57645,22.904833,24.867481,66.474846,-75.362526,12.288259,True,1h
2026-05-15 10:02:10,2,"7°09'59.92""S 107°24'13.14""E",2192.38,20.567974,22.897724,24.865513,66.48039,-75.363914,12.287778,True,1h
2026-05-15 10:02:14,2,"7°09'59.92""S 107°24'13.14""E",2192.38,20.55995,22.891008,24.863655,66.4856,-75.36523,12.287325,True,1h
2026-05-15 10:02:18,2,"7°09'59.92""S 107°24'13.14""E",2192.38,20.552332,22.884645,24.861904,66.49052,-75.36643,12.286896,True,1h
2026-05-15 10:02:22,2,"7°09'59.92""S 107°24'13.14""E",2192.38,20.545067,22.878592,24.860239,66.495155,-75.36758,12.286489,True,1h
2026-05-15 10:02:26,2,"7°09'59.92""S 107°24'13.14""E",2192.38,20.538113,22.872812,24.858658,66.49955,-75.36866,12.2861,True,1h
2026-05-15 10:02:30,2,"7°09'59.92""S 107°24'13.14""E",2192.38,20.531437,22.867277,24.857145,66.50374,-75.369675,12.285729,True,1h
2026-05-15 10:02:34,2,"7°09'59.92""S 107°24'13.14""E",2192.38,20.52501,22.861958,24.855694,66.50774,-75.37065,12.285373,True,1h
2026-05-15 10:02:38,2,"7°09'59.92""S 107°24'13.14""E",2192.38,20.518793,22.856823,24.8543,66.51157,-75.37158,12.285028,True,1h
2026-05-15 10:02:42,2,"7°09'59.92""S 107°24'13.14""E",2192.38,20.51277,22.851858,24.852951,66.51527,-75.372475,12.284697,True,1h
2026-05-15 10:02:46,2,"7°09'59.92""S 107°24'13.14""E",2192.38,20.50691,22.847034,24.851645,66.51883,-75.37334,12.284374,True,1h
2026-05-15 10:02:50,2,"7°09'59.92""S 107°24'13.14""E",2192.38,20.5012,22.842342,24.850374,66.522285,-75.37417,12.28406,True,1h
2026-05-15 10:02:54,2,"7°09'59.92""S 107°24'13.14""E",2192.38,20.49562,22.83776,24.849136,66.525635,-75.37497,12.283753,True,1h
2026-05-15 10:02:58,2,"7°09'59.92""S 107°24'13.14""E",2192.38,20.490156,22.833282,24.84793,66.5289,-75.375755,12.283453,True,1h
2026-05-15 10:03:02,2,"7°09'59.92""S 107°24'13.14""E",2192.38,20.484783,22.828884,24.846746,66.5321,-75.376526,12.283159,True,1h
2026-05-15 10:03:06,2,"7°09'59.92""S 107°24'13.14""E",2192.38,20.479504,22.824566,24.845587,66.535225,-75.37727,12.28287,True,1h
2026-05-15 10:03:10,2,"7°09'59.92""S 107°24'13.14""E",2192.38,20.474298,22.820316,24.844442,66.53829,-75.378006,12.282586,True,1h
2026-05-15 10:03:14,2,"7°09'59.92""S 107°24'13.14""E",2192.38,20.469168,22.81612,24.843319,66.54131,-75.37873,12.282305,True,1h
2026-05-15 10:03:18,2,"7°09'59.92""S 107°24'13.14""E",2192.38,20.46409,22.811981,24.842207,66.54428,-75.37944,12.282028,True,1h
2026-05-15 10:03:22,2,"7°09'59.92""S 107°24'13.14""E",2192.38,20.459064,22.807884,24.84111,66.54722,-75.38015,12.2817545,True,1h
2026-05-15 10:03:26,2,"7°09'59.92""S 107°24'13.14""E",2192.38,20.454086,22.80383,24.840025,66.55012,-75.380844,12.281483,True,1h
2026-05-15 10:03:30,2,"7°09'59.92""S 107°24'13.14""E",2192.38,20.449152,22.799809,24.83895,66.55299,-75.38153,12.281214,True,1h
2026-05-15 10:03:34,2,"7°09'59.92""S 107°24'13.14""E",2192.38,20.444252,22.795816,24.837883,66.555824,-75.38221,12.280947,True,1h
2026-05-15 10:03:38,2,"7°09'59.92""S 107°24'13.14""E",2192.38,20.439377,22.791853,24.83682,66.558655,-75.38288,12.280681,True,1h
2026-05-15 10:03:42,2,"7°09'59.92""S 107°24'13.14""E",2192.38,20.434534,22.787914,24.835768,66.561455,-75.38355,12.280417,True,1h
2026-05-15 10:03:46,2,"7°09'59.92""S 107°24'13.14""E",2192.38,20.429716,22.783998,24.834719,66.56424,-75.384224,12.280155,True,1h
2026-05-15 10:03:50,2,"7°09'59.92""S 107°24'13.14""E",2192.38,20.424917,22.780096,24.83368,66.56701,-75.38489,12.279893,True,1h
2026-05-15 10:03:54,2,"7°09'59.92""S 107°24'13.14""E",2192.38,20.420141,22.77621,24.832638,66.56976,-75.38555,12.2796335,True,1h
2026-05-15 10:03:58,2,"7°09'59.92""S 107°24'13.14""E",2192.38,20.415377,22.77234,24.831606,66.57252,-75.38621,12.279374,True,1h
2026-05-15 10:04:02,2,"7°09'59.92""S 107°24'13.14""E",2192.38,20.41063,22.768484,24.830576,66.57525,-75.386856,12.279116,True,1h
2026-05-15 10:04:06,2,"7°09'59.92""S 107°24'13.14""E",2192.38,20.405895,22.764637,24.829548,66.57798,-75.38751,12.278857,True,1h
2026-05-15 10:04:10,2,"7°09'59.92""S 107°24'13.14""E",2192.38,20.401167,22.760798,24.82852,66.5807,-75.38816,12.2786,True,1h
2026-05-15 10:04:14,2,"7°09'59.92""S 107°24'13.14""E",2192.38,20.396452,22.75697,24.8275,66.58341,-75.38881,12.278343,True,1h
2026-05-15 10:04:18,2,"7°09'59.92""S 107°24'13.14""E",2192.38,20.39175,22.753147,24.826477,66.58612,-75.389465,12.278087,True,1h
2026-05-15 10:04:22,2,"7°09'59.92""S 107°24'13.14""E",2192.38,20.387053,22.749332,24.825455,66.58883,-75.390114,12.277831,True,1h
2026-05-15 10:04:26,2,"7°09'59.92""S 107°24'13.14""E",2192.38,20.382362,22.745523,24.824438,66.59153,-75.390755,12.2775755,True,1h
2026-05-15 10:04:30,2,"7°09'59.92""S 107°24'13.14""E",2192.38,20.377678,22.74172,24.823421,66.59422,-75.3914,12.27732,True,1h
2026-05-15 10:04:34,2,"7°09'59.92""S 107°24'13.14""E",2192.38,20.373,22.73792,24.822405,66.59692,-75.39205,12.277065,True,1h
2026-05-15 10:04:38,2,"7°09'59.92""S 107°24'13.14""E",2192.38,20.368324,22.734125,24.821388,66.59961,-75.3927,12.27681,True,1h
2026-05-15 10:04:42,2,"7°09'59.92""S 107°24'13.14""E",2192.38,20.363657,22.730331,24.820375,66.6023,-75.39334,12.276556,True,1h
2026-05-15 10:04:46,2,"7°09'59.92""S 107°24'13.14""E",2192.38,20.35899,22.726542,24.81936,66.604996,-75.39398,12.2763,True,1h
2026-05-15 10:04:50,2,"7°09'59.92""S 107°24'13.14""E",2192.38,20.354328,22.722755,24.818348,66.60768,-75.39464,12.276046,True,1h
2026-05-15 10:04:54,2,"7°09'59.92""S 107°24'13.14""E",2192.38,20.34967,22.718971,24.817337,66.61037,-75.39528,12.275792,True,1h
2026-05-15 10:04:58,2,"7°09'59.92""S 107°24'13.14""E",2192.38,20.345022,22.715193,24.816326,66.61305,-75.39593,12.2755375,True,1h
2026-05-15 10:05:02,2,"7°09'59.92""S 107°24'13.14""E",2192.38,20.340364,22.71141,24.815311,66.61574,-75.39657,12.275284,True,1h
2026-05-15 10:05:06,2,"7°09'59.92""S 107°24'13.14""E",2192.38,20.335718,22.707636,24.8143,66.61842,-75.39721,12.27503,True,1h
2026-05-15 10:05:10,2,"7°09'59.92""S 107°24'13.14""E",2192.38,20.331066,22.703857,24.81329,66.62111,-75.397865,12.2747755,True,1h
2026-05-15 10:05:14,2,"7°09'59.92""S 107°24'13.14""E",2192.38,20.32642,22.700083,24.812279,66.623795,-75.398506,12.274522,True,1h
2026-05-15 10:05:18,2,"7°09'59.92""S 107°24'13.14""E",2192.38,20.321777,22.69631,24.811268,66.62648,-75.39915,12.274267,True,1h
2026-05-15 10:05:22,2,"7°09'59.92""S 107°24'13.14""E",2192.38,20.317135,22.692537,24.810255,66.629166,-75.39979,12.2740135,True,1h
2026-05-15 10:05:26,2,"7°09'59.92""S 107°24'13.14""E",2192.38,20.312492,22.688768,24.809242,66.63185,-75.40044,12.27376,True,1h
2026-05-15 10:05:30,2,"7°09'59.92""S 107°24'13.14""E",2192.38,20.30785,22.684998,24.808235,66.634544,-75.401085,12.273505,True,1h
2026-05-15 10:05:34,2,"7°09'59.92""S 107°24'13.14""E",2192.38,20.303219,22.68123,24.807224,66.63723,-75.40173,12.2732525,True,1h
2026-05-15 10:05:38,2,"7°09'59.92""S 107°24'13.14""E",2192.38,20.29858,22.67746,24.80621,66.639915,-75.402374,12.272999,True,1h
2026-05-15 10:05:42,2,"7°09'59.92""S 107°24'13.14""E",2192.38,20.293943,22.673693,24.805202,66.6426,-75.40302,12.272745,True,1h
2026-05-15 10:05:46,2,"7°09'59.92""S 107°24'13.14""E",2192.38,20.289312,22.669926,24.80419,66.645294,-75.40367,12.2724905,True,1h
2026-05-15 10:05:50,2,"7°09'59.92""S 107°24'13.14""E",2192.38,20.284676,22.666159,24.803179,66.64799,-75.40432,12.272236,True,1h
2026-05-15 10:05:54,2,"7°09'59.92""S 107°24'13.14""E",2192.38,20.280045,22.662394,24.802168,66.65068,-75.40496,12.271982,True,1h
2026-05-15 10:05:58,2,"7°09'59.92""S 107°24'13.14""E",2192.38,20.275412,22.658627,24.801155,66.653366,-75.40561,12.2717285,True,1h
2026-05-15 10:06:02,2,"7°09'59.92""S 107°24'13.14""E",2192.38,20.270784,22.654863,24.800144,66.65606,-75.406265,12.271474,True,1h
2026-05-15 10:06:06,2,"7°09'59.92""S 107°24'13.14""E",2192.38,20.266153,22.6511,24.799133,66.65875,-75.40691,12.27122,True,1h
2026-05-15 10:06:10,2,"7°09'59.92""S 107°24'13.14""E",2192.38,20.261526,22.647335,24.798122,66.66145,-75.40756,12.270967,True,1h
2026-05-15 10:06:14,2,"7°09'59.92""S 107°24'13.14""E",2192.38,20.256895,22.643572,24.797112,66.664154,-75.40821,12.270712,True,1h
2026-05-15 10:06:18,2,"7°09'59.92""S 107°24'13.14""E",2192.38,20.25227,22.639807,24.796097,66.66684,-75.40887,12.270458,True,1h
2026-05-15 10:06:22,2,"7°09'59.92""S 107°24'13.14""E",2192.38,20.247644,22.636045,24.795086,66.66954,-75.409515,12.270204,True,1h
2026-05-15 10:06:26,2,"7°09'59.92""S 107°24'13.14""E",2192.38,20.243021,22.632282,24.794071,66.67224,-75.410164,12.26995,True,1h
2026-05-15 10:06:30,2,"7°09'59.92""S 107°24'13.14""E",2192.38,20.238396,22.628521,24.79306,66.67494,-75.41081,12.269696,True,1h
2026-05-15 10:06:34,2,"7°09'59.92""S 107°24'13.14""E",2192.38,20.233772,22.624762,24.792048,66.67764,-75.41147,12.269442,True,1h
2026-05-15 10:06:38,2,"7°09'59.92""S 107°24'13.14""E",2192.38,20.229155,22.621,24.791033,66.68034,-75.41212,12.269188,True,1h
2026-05-15 10:06:42,2,"7°09'59.92""S 107°24'13.14""E",2192.38,20.22453,22.617239,24.790022,66.683044,-75.41277,12.268933,True,1h
2026-05-15 10:06:46,2,"7°09'59.92""S 107°24'13.14""E",2192.38,20.219912,22.61348,24.78901,66.685745,-75.41342,12.268679,True,1h
2026-05-15 10:06:50,2,"7°09'59.92""S 107°24'13.14""E",2192.38,20.215292,22.609718,24.787994,66.688446,-75.41407,12.268424,True,1h
2026-05-15 10:06:54,2,"7°09'59.92""S 107°24'13.14""E",2192.38,20.210672,22.605959,24.786982,66.691154,-75.414734,12.26817,True,1h
2026-05-15 10:06:58,2,"7°09'59.92""S 107°24'13.14""E",2192.38,20.206055,22.6022,24.785967,66.69387,-75.41538,12.267916,True,1h
2026-05-15 10:07:02,2,"7°09'59.92""S 107°24'13.14""E",2192.38,20.201439,22.598442,24.784954,66.69657,-75.41604,12.267661,True,1h
2026-05-15 10:07:06,2,"7°09'59.92""S 107°24'13.14""E",2192.38,20.19682,22.594683,24.783943,66.69928,-75.416695,12.267407,True,1h
2026-05-15 10:07:10,2,"7°09'59.92""S 107°24'13.14""E",2192.38,20.192204,22.590925,24.782927,66.70199,-75.41735,12.267153,True,1h
2026-05-15 10:07:14,2,"7°09'59.92""S 107°24'13.14""E",2192.38,20.187588,22.587166,24.781912,66.704704,-75.41801,12.266897,True,1h
2026-05-15 10:07:18,2,"7°09'59.92""S 107°24'13.14""E",2192.38,20.182972,22.58341,24.7809,66.70741,-75.41866,12.266644,True,1h
2026-05-15 10:07:22,2,"7°09'59.92""S 107°24'13.14""E",2192.38,20.178358,22.57965,24.779884,66.71013,-75.41931,12.26639,True,1h
2026-05-15 10:07:26,2,"7°09'59.92""S 107°24'13.14""E",2192.38,20.173746,22.575897,24.778868,66.71284,-75.419975,12.266134,True,1h
2026-05-15 10:07:30,2,"7°09'59.92""S 107°24'13.14""E",2192.38,20.169132,22.572138,24.777855,66.71556,-75.42063,12.26588,True,1h
2026-05-15 10:07:34,2,"7°09'59.92""S 107°24'13.14""E",2192.38,20.164522,22.568382,24.77684,66.71827,-75.42128,12.265625,True,1h
2026-05-15 10:07:38,2,"7°09'59.92""S 107°24'13.14""E",2192.38,20.159906,22.564623,24.775826,66.72099,-75.42194,12.265369,True,1h
2026-05-15 10:07:42,2,"7°09'59.92""S 107°24'13.14""E",2192.38,20.155298,22.560871,24.77481,66.72371,-75.4226,12.265115,True,1h
2026-05-15 10:07:46,2,"7°09'59.92""S 107°24'13.14""E",2192.38,20.15069,22.557114,24.773794,66.72643,-75.42326,12.26486,True,1h
2026-05-15 10:07:50,2,"7°09'59.92""S 107°24'13.14""E",2192.38,20.146082,22.553358,24.772778,66.72915,-75.42392,12.2646055,True,1h
2026-05-15 10:07:54,2,"7°09'59.92""S 107°24'13.14""E",2192.38,20.141474,22.549603,24.77176,66.731865,-75.424576,12.264351,True,1h
2026-05-15 10:07:58,2,"7°09'59.92""S 107°24'13.14""E",2192.38,20.136868,22.545849,24.770744,66.7346,-75.42525,12.264095,True,1h
2026-05-15 10:08:02,2,"7°09'59.92""S 107°24'13.14""E",2192.38,20.13226,22.542095,24.769728,66.73732,-75.425896,12.263841,True,1h
2026-05-15 10:08:06,2,"7°09'59.92""S 107°24'13.14""E",2192.38,20.127653,22.538338,24.768713,66.74004,-75.42657,12.263586,True,1h
2026-05-15 10:08:10,2,"7°09'59.92""S 107°24'13.14""E",2192.38,20.123049,22.534586,24.767696,66.74277,-75.427216,12.263331,True,1h
2026-05-15 10:08:14,2,"7°09'59.92""S 107°24'13.14""E",2192.38,20.118444,22.530832,24.76668,66.7455,-75.42789,12.263075,True,1h
2026-05-15 10:08:18,2,"7°09'59.92""S 107°24'13.14""E",2192.38,20.113838,22.527079,24.765665,66.74822,-75.42854,12.26282,True,1h
2026-05-15 10:08:22,2,"7°09'59.92""S 107°24'13.14""E",2192.38,20.109238,22.523329,24.764647,66.75095,-75.42921,12.262567,True,1h
2026-05-15 10:08:26,2,"7°09'59.92""S 107°24'13.14""E",2192.38,20.104635,22.519575,24.76363,66.753685,-75.42987,12.262311,True,1h
2026-05-15 10:08:30,2,"7°09'59.92""S 107°24'13.14""E",2192.38,20.100033,22.51582,24.762613,66.75642,-75.430534,12.262055,True,1h
2026-05-15 10:08:34,2,"7°09'59.92""S 107°24'13.14""E",2192.38,20.095432,22.51207,24.761597,66.75915,-75.43119,12.2618,True,1h
2026-05-15 10:08:38,2,"7°09'59.92""S 107°24'13.14""E",2192.38,20.090834,22.508316,24.760578,66.76188,-75.43186,12.261545,True,1h
2026-05-15 10:08:42,2,"7°09'59.92""S 107°24'13.14""E",2192.38,20.086231,22.504564,24.75956,66.76462,-75.43252,12.26129,True,1h
2026-05-15 10:08:46,2,"7°09'59.92""S 107°24'13.14""E",2192.38,20.081633,22.500814,24.758543,66.76736,-75.43319,12.261034,True,1h
2026-05-15 10:08:50,2,"7°09'59.92""S 107°24'13.14""E",2192.38,20.077032,22.49706,24.757523,66.77009,-75.433846,12.260778,True,1h
2026-05-15 10:08:54,2,"7°09'59.92""S 107°24'13.14""E",2192.38,20.072435,22.493309,24.756504,66.77283,-75.434525,12.260523,True,1h
2026-05-15 10:08:58,2,"7°09'59.92""S 107°24'13.14""E",2192.38,20.067835,22.489561,24.755487,66.775566,-75.43518,12.260268,True,1h
2026-05-15 10:09:02,2,"7°09'59.92""S 107°24'13.14""E",2192.38,20.063242,22.48581,24.754469,66.778305,-75.43585,12.260012,True,1h
2026-05-15 10:09:06,2,"7°09'59.92""S 107°24'13.14""E",2192.38,20.058647,22.48206,24.753448,66.78106,-75.436516,12.259757,True,1h
2026-05-15 10:09:10,2,"7°09'59.92""S 107°24'13.14""E",2192.38,20.054058,22.478312,24.75243,66.7838,-75.43719,12.259501,True,1h
2026-05-15 10:09:14,2,"7°09'59.92""S 107°24'13.14""E",2192.38,20.04946,22.47456,24.751411,66.78654,-75.43786,12.259245,True,1h
2026-05-15 10:09:18,2,"7°09'59.92""S 107°24'13.14""E",2192.38,20.044865,22.47081,24.750391,66.78928,-75.43853,12.25899,True,1h
2026-05-15 10:09:22,2,"7°09'59.92""S 107°24'13.14""E",2192.38,20.04027,22.46706,24.74937,66.79202,-75.439186,12.258735,True,1h
2026-05-15 10:09:26,2,"7°09'59.92""S 107°24'13.14""E",2192.38,20.035677,22.46331,24.74835,66.79477,-75.43986,12.258477,True,1h
2026-05-15 10:09:30,2,"7°09'59.92""S 107°24'13.14""E",2192.38,20.031088,22.459562,24.747332,66.79752,-75.44053,12.258223,True,1h
2026-05-15 10:09:34,2,"7°09'59.92""S 107°24'13.14""E",2192.38,20.026497,22.455814,24.746313,66.80027,-75.44119,12.257967,True,1h
2026-05-15 10:09:38,2,"7°09'59.92""S 107°24'13.14""E",2192.38,20.02191,22.452066,24.74529,66.803024,-75.441864,12.257711,True,1h
2026-05-15 10:09:42,2,"7°09'59.92""S 107°24'13.14""E",2192.38,20.01732,22.44832,24.744272,66.80577,-75.442535,12.257456,True,1h
2026-05-15 10:09:46,2,"7°09'59.92""S 107°24'13.14""E",2192.38,20.012728,22.44457,24.74325,66.808525,-75.44321,12.2572,True,1h
2026-05-15 10:09:50,2,"7°09'59.92""S 107°24'13.14""E",2192.38,20.008137,22.44082,24.74223,66.81128,-75.44388,12.256944,True,1h
2026-05-15 10:09:54,2,"7°09'59.92""S 107°24'13.14""E",2192.38,20.003551,22.437077,24.741209,66.81403,-75.44454,12.256688,True,1h
2026-05-15 10:09:58,2,"7°09'59.92""S 107°24'13.14""E",2192.38,19.998962,22.433327,24.740187,66.816795,-75.44522,12.256432,True,1h
2026-05-15 10:10:02,2,"7°09'59.92""S 107°24'13.14""E",2192.38,19.994379,22.42958,24.739164,66.81955,-75.44589,12.256176,True,1h
2026-05-15 10:10:06,2,"7°09'59.92""S 107°24'13.14""E",2192.38,19.989788,22.42583,24.738144,66.82231,-75.44656,12.255919,True,1h
2026-05-15 10:10:10,2,"7°09'59.92""S 107°24'13.14""E",2192.38,19.985209,22.422089,24.737123,66.82507,-75.44724,12.255664,True,1h
2026-05-15 10:10:14,2,"7°09'59.92""S 107°24'13.14""E",2192.38,19.980621,22.418343,24.736101,66.82783,-75.447914,12.255407,True,1h
2026-05-15 10:10:18,2,"7°09'59.92""S 107°24'13.14""E",2192.38,19.976036,22.414595,24.73508,66.83059,-75.448586,12.255152,True,1h
2026-05-15 10:10:22,2,"7°09'59.92""S 107°24'13.14""E",2192.38,19.971457,22.41085,24.734056,66.83335,-75.449265,12.254894,True,1h
2026-05-15 10:10:26,2,"7°09'59.92""S 107°24'13.14""E",2192.38,19.966877,22.407106,24.733034,66.83611,-75.449936,12.254639,True,1h
2026-05-15 10:10:30,2,"7°09'59.92""S 107°24'13.14""E",2192.38,19.962296,22.403358,24.732012,66.83888,-75.45061,12.254382,True,1h
2026-05-15 10:10:34,2,"7°09'59.92""S 107°24'13.14""E",2192.38,19.95771,22.399612,24.73099,66.841644,-75.451294,12.254127,True,1h
2026-05-15 10:10:38,2,"7°09'59.92""S 107°24'13.14""E",2192.38,19.953129,22.395868,24.729965,66.84441,-75.451965,12.253869,True,1h
2026-05-15 10:10:42,2,"7°09'59.92""S 107°24'13.14""E",2192.38,19.948551,22.392126,24.728943,66.84718,-75.45264,12.253613,True,1h
2026-05-15 10:10:46,2,"7°09'59.92""S 107°24'13.14""E",2192.38,19.943974,22.38838,24.727919,66.84995,-75.453316,12.253356,True,1h
2026-05-15 10:10:50,2,"7°09'59.92""S 107°24'13.14""E",2192.38,19.939394,22.384636,24.726896,66.85272,-75.453995,12.2531,True,1h
2026-05-15 10:10:54,2,"7°09'59.92""S 107°24'13.14""E",2192.38,19.934814,22.38089,24.725872,66.85549,-75.454666,12.252843,True,1h
2026-05-15 10:10:58,2,"7°09'59.92""S 107°24'13.14""E",2192.38,19.930244,22.37715,24.724848,66.85826,-75.45534,12.252587,True,1h
2026-05-15 10:11:02,2,"7°09'59.92""S 107°24'13.14""E",2192.38,19.925665,22.373405,24.723825,66.86104,-75.45603,12.252331,True,1h
2026-05-15 10:11:06,2,"7°09'59.92""S 107°24'13.14""E",2192.38,19.921087,22.369661,24.722801,66.86381,-75.4567,12.252074,True,1h
2026-05-15 10:11:10,2,"7°09'59.92""S 107°24'13.14""E",2192.38,19.916513,22.365917,24.721777,66.86659,-75.45738,12.251818,True,1h
2026-05-15 10:11:14,2,"7°09'59.92""S 107°24'13.14""E",2192.38,19.911938,22.362177,24.720753,66.86937,-75.45807,12.251559,True,1h
2026-05-15 10:11:18,2,"7°09'59.92""S 107°24'13.14""E",2192.38,19.90736,22.358433,24.719728,66.87215,-75.45874,12.251303,True,1h
2026-05-15 10:11:22,2,"7°09'59.92""S 107°24'13.14""E",2192.38,19.902794,22.35469,24.718704,66.87492,-75.45942,12.251047,True,1h
2026-05-15 10:11:26,2,"7°09'59.92""S 107°24'13.14""E",2192.38,19.898218,22.350948,24.717678,66.87771,-75.46009,12.25079,True,1h
2026-05-15 10:11:30,2,"7°09'59.92""S 107°24'13.14""E",2192.38,19.893648,22.347206,24.716654,66.880486,-75.460785,12.250533,True,1h
2026-05-15 10:11:34,2,"7°09'59.92""S 107°24'13.14""E",2192.38,19.889076,22.343464,24.715628,66.88327,-75.461464,12.250277,True,1h
2026-05-15 10:11:38,2,"7°09'59.92""S 107°24'13.14""E",2192.38,19.884508,22.339725,24.714602,66.886055,-75.46214,12.25002,True,1h
2026-05-15 10:11:42,2,"7°09'59.92""S 107°24'13.14""E",2192.38,19.879936,22.335983,24.713575,66.88884,-75.46282,12.249763,True,1h
2026-05-15 10:11:46,2,"7°09'59.92""S 107°24'13.14""E",2192.38,19.875368,22.332243,24.712551,66.891624,-75.46351,12.249506,True,1h
2026-05-15 10:11:50,2,"7°09'59.92""S 107°24'13.14""E",2192.38,19.8708,22.3285,24.711527,66.89441,-75.464195,12.2492485,True,1h
2026-05-15 10:11:54,2,"7°09'59.92""S 107°24'13.14""E",2192.38,19.866228,22.32476,24.710499,66.89721,-75.464874,12.248991,True,1h
2026-05-15 10:11:58,2,"7°09'59.92""S 107°24'13.14""E",2192.38,19.861658,22.321018,24.70947,66.899994,-75.46556,12.2487335,True,1h
2026-05-15 10:12:02,2,"7°09'59.92""S 107°24'13.14""E",2192.38,19.857094,22.317278,24.708447,66.90278,-75.46625,12.248477,True,1h
2026-05-15 10:12:06,2,"7°09'59.92""S 107°24'13.14""E",2192.38,19.852531,22.31354,24.70742,66.90558,-75.46693,12.2482195,True,1h
2026-05-15 10:12:10,2,"7°09'59.92""S 107°24'13.14""E",2192.38,19.847965,22.309801,24.706392,66.90837,-75.46761,12.247962,True,1h
2026-05-15 10:12:14,2,"7°09'59.92""S 107°24'13.14""E",2192.38,19.843395,22.306059,24.705364,66.91116,-75.4683,12.247705,True,1h
2026-05-15 10:12:18,2,"7°09'59.92""S 107°24'13.14""E",2192.38,19.838839,22.30232,24.704338,66.91396,-75.46898,12.247448,True,1h
2026-05-15 10:12:22,2,"7°09'59.92""S 107°24'13.14""E",2192.38,19.834272,22.29858,24.70331,66.91676,-75.469666,12.24719,True,1h
2026-05-15 10:12:26,2,"7°09'59.92""S 107°24'13.14""E",2192.38,19.829706,22.29484,24.702284,66.919556,-75.47035,12.246933,True,1h
2026-05-15 10:12:30,2,"7°09'59.92""S 107°24'13.14""E",2192.38,19.825146,22.291103,24.701254,66.922356,-75.47105,12.2466755,True,1h
2026-05-15 10:12:34,2,"7°09'59.92""S 107°24'13.14""E",2192.38,19.820581,22.287363,24.700226,66.92515,-75.471725,12.246418,True,1h
2026-05-15 10:12:38,2,"7°09'59.92""S 107°24'13.14""E",2192.38,19.81602,22.283627,24.6992,66.927956,-75.47242,12.246161,True,1h
2026-05-15 10:12:42,2,"7°09'59.92""S 107°24'13.14""E",2192.38,19.811462,22.279888,24.698172,66.930756,-75.47311,12.245903,True,1h
2026-05-15 10:12:46,2,"7°09'59.92""S 107°24'13.14""E",2192.38,19.806904,22.276152,24.697142,66.933556,-75.47379,12.245646,True,1h
2026-05-15 10:12:50,2,"7°09'59.92""S 107°24'13.14""E",2192.38,19.802343,22.272411,24.696114,66.93636,-75.47449,12.245389,True,1h
2026-05-15 10:12:54,2,"7°09'59.92""S 107°24'13.14""E",2192.38,19.79779,22.268677,24.695084,66.93916,-75.475174,12.2451315,True,1h
2026-05-15 10:12:58,2,"7°09'59.92""S 107°24'13.14""E",2192.38,19.793222,22.264935,24.694054,66.94197,-75.47586,12.244873,True,1h
2026-05-15 10:13:02,2,"7°09'59.92""S 107°24'13.14""E",2192.38,19.788668,22.261198,24.693027,66.94478,-75.476555,12.244616,True,1h
2026-05-15 10:13:06,2,"7°09'59.92""S 107°24'13.14""E",2192.38,19.784111,22.257462,24.691998,66.94759,-75.47724,12.244357,True,1h
2026-05-15 10:13:10,2,"7°09'59.92""S 107°24'13.14""E",2192.38,19.779558,22.253725,24.690968,66.9504,-75.47793,12.2441,True,1h
2026-05-15 10:13:14,2,"7°09'59.92""S 107°24'13.14""E",2192.38,19.774996,22.249987,24.689938,66.95322,-75.47863,12.243841,True,1h
2026-05-15 10:13:18,2,"7°09'59.92""S 107°24'13.14""E",2192.38,19.770447,22.24625,24.68891,66.956024,-75.47932,12.243584,True,1h
2026-05-15 10:13:22,2,"7°09'59.92""S 107°24'13.14""E",2192.38,19.765892,22.242516,24.687878,66.95884,-75.48001,12.243326,True,1h
2026-05-15 10:13:26,2,"7°09'59.92""S 107°24'13.14""E",2192.38,19.761337,22.238777,24.686848,66.961655,-75.4807,12.243068,True,1h
2026-05-15 10:13:30,2,"7°09'59.92""S 107°24'13.14""E",2192.38,19.756784,22.23504,24.685818,66.96447,-75.481384,12.242809,True,1h
2026-05-15 10:13:34,2,"7°09'59.92""S 107°24'13.14""E",2192.38,19.752232,22.231302,24.684788,66.96729,-75.48209,12.242552,True,1h
2026-05-15 10:13:38,2,"7°09'59.92""S 107°24'13.14""E",2192.38,19.747679,22.22757,24.683754,66.97011,-75.48278,12.242293,True,1h
2026-05-15 10:13:42,2,"7°09'59.92""S 107°24'13.14""E",2192.38,19.743128,22.223833,24.682724,66.97292,-75.483475,12.242037,True,1h
2026-05-15 10:13:46,2,"7°09'59.92""S 107°24'13.14""E",2192.38,19.738575,22.220098,24.681694,66.975746,-75.48417,12.241777,True,1h
2026-05-15 10:13:50,2,"7°09'59.92""S 107°24'13.14""E",2192.38,19.734026,22.216364,24.680662,66.97857,-75.48486,12.24152,True,1h
2026-05-15 10:13:54,2,"7°09'59.92""S 107°24'13.14""E",2192.38,19.729479,22.212627,24.679632,66.98139,-75.485565,12.241261,True,1h
2026-05-15 10:13:58,2,"7°09'59.92""S 107°24'13.14""E",2192.38,19.72493,22.208895,24.6786,66.984215,-75.48625,12.241003,True,1h
2026-05-15 10:14:02,2,"7°09'59.92""S 107°24'13.14""E",2192.38,19.72038,22.205162,24.677567,66.98704,-75.48695,12.240744,True,1h
2026-05-15 10:14:06,2,"7°09'59.92""S 107°24'13.14""E",2192.38,19.715836,22.201427,24.676537,66.98987,-75.48765,12.240486,True,1h
2026-05-15 10:14:10,2,"7°09'59.92""S 107°24'13.14""E",2192.38,19.711283,22.19769,24.675505,66.99269,-75.48834,12.240228,True,1h
2026-05-15 10:14:14,2,"7°09'59.92""S 107°24'13.14""E",2192.38,19.706738,22.193954,24.67447,66.99552,-75.489044,12.239969,True,1h
2026-05-15 10:14:18,2,"7°09'59.92""S 107°24'13.14""E",2192.38,19.702196,22.190224,24.673439,66.99835,-75.48974,12.239711,True,1h
2026-05-15 10:14:22,2,"7°09'59.92""S 107°24'13.14""E",2192.38,19.697645,22.18649,24.672407,67.00118,-75.49043,12.239452,True,1h
2026-05-15 10:14:26,2,"7°09'59.92""S 107°24'13.14""E",2192.38,19.693102,22.182756,24.671373,67.00401,-75.491135,12.239194,True,1h
2026-05-15 10:14:30,2,"7°09'59.92""S 107°24'13.14""E",2192.38,19.688559,22.179022,24.670341,67.00685,-75.49183,12.238935,True,1h
2026-05-15 10:14:34,2,"7°09'59.92""S 107°24'13.14""E",2192.38,19.684015,22.175287,24.669306,67.00968,-75.49253,12.238677,True,1h
2026-05-15 10:14:38,2,"7°09'59.92""S 107°24'13.14""E",2192.38,19.679474,22.171555,24.668272,67.01252,-75.49323,12.238418,True,1h
2026-05-15 10:14:42,2,"7°09'59.92""S 107°24'13.14""E",2192.38,19.67493,22.167822,24.66724,67.01536,-75.493935,12.238159,True,1h
2026-05-15 10:14:46,2,"7°09'59.92""S 107°24'13.14""E",2192.38,19.67039,22.16409,24.666208,67.01819,-75.49463,12.237901,True,1h
2026-05-15 10:14:50,2,"7°09'59.92""S 107°24'13.14""E",2192.38,19.665848,22.160358,24.665173,67.021034,-75.49534,12.237641,True,1h
2026-05-15 10:14:54,2,"7°09'59.92""S 107°24'13.14""E",2192.38,19.661306,22.156624,24.664139,67.02387,-75.49603,12.237383,True,1h
2026-05-15 10:14:58,2,"7°09'59.92""S 107°24'13.14""E",2192.38,19.656769,22.152891,24.663105,67.02671,-75.496735,12.237124,True,1h
2026-05-15 10:15:02,2,"7°09'59.92""S 107°24'13.14""E",2192.38,19.65223,22.149158,24.66207,67.02956,-75.49744,12.236865,True,1h
2026-05-15 10:15:06,2,"7°09'59.92""S 107°24'13.14""E",2192.38,19.647684,22.145426,24.661036,67.0324,-75.49814,12.236606,True,1h
2026-05-15 10:15:10,2,"7°09'59.92""S 107°24'13.14""E",2192.38,19.643148,22.141695,24.66,67.03525,-75.49885,12.236347,True,1h
2026-05-15 10:15:14,2,"7°09'59.92""S 107°24'13.14""E",2192.38,19.638609,22.137962,24.658966,67.03809,-75.49955,12.236088,True,1h
2026-05-15 10:15:18,2,"7°09'59.92""S 107°24'13.14""E",2192.38,19.634075,22.13423,24.65793,67.04094,-75.500244,12.235829,True,1h
2026-05-15 10:15:22,2,"7°09'59.92""S 107°24'13.14""E",2192.38,19.629536,22.1305,24.656895,67.04379,-75.50095,12.23557,True,1h
2026-05-15 10:15:26,2,"7°09'59.92""S 107°24'13.14""E",2192.38,19.625004,22.126768,24.655859,67.04664,-75.501656,12.2353115,True,1h
2026-05-15 10:15:30,2,"7°09'59.92""S 107°24'13.14""E",2192.38,19.620464,22.123035,24.654823,67.04949,-75.50236,12.235052,True,1h
2026-05-15 10:15:34,2,"7°09'59.92""S 107°24'13.14""E",2192.38,19.61593,22.119307,24.653786,67.052345,-75.50306,12.234793,True,1h
2026-05-15 10:15:38,2,"7°09'59.92""S 107°24'13.14""E",2192.38,19.611399,22.115574,24.65275,67.0552,-75.50378,12.234533,True,1h
2026-05-15 10:15:42,2,"7°09'59.92""S 107°24'13.14""E",2192.38,19.606861,22.111843,24.651714,67.05805,-75.504486,12.234274,True,1h
2026-05-15 10:15:46,2,"7°09'59.92""S 107°24'13.14""E",2192.38,19.602333,22.108112,24.65068,67.060905,-75.50519,12.234015,True,1h
2026-05-15 10:15:50,2,"7°09'59.92""S 107°24'13.14""E",2192.38,19.5978,22.104382,24.649641,67.06376,-75.50589,12.233756,True,1h
2026-05-15 10:15:54,2,"7°09'59.92""S 107°24'13.14""E",2192.38,19.593264,22.100653,24.648605,67.06662,-75.5066,12.233496,True,1h
2026-05-15 10:15:58,2,"7°09'59.92""S 107°24'13.14""E",2192.38,19.588734,22.09692,24.647568,67.06948,-75.5073,12.233237,True,1h
2026-05-15 10:16:02,2,"7°09'59.92""S 107°24'13.14""E",2192.38,19.584202,22.093191,24.64653,67.07234,-75.50801,12.232978,True,1h
2026-05-15 10:16:06,2,"7°09'59.92""S 107°24'13.14""E",2192.38,19.579672,22.089462,24.645494,67.0752,-75.50872,12.2327175,True,1h
2026-05-15 10:16:10,2,"7°09'59.92""S 107°24'13.14""E",2192.38,19.575144,22.085733,24.644457,67.078064,-75.50943,12.232459,True,1h
2026-05-15 10:16:14,2,"7°09'59.92""S 107°24'13.14""E",2192.38,19.570612,22.082,24.64342,67.08093,-75.51014,12.232199,True,1h
2026-05-15 10:16:18,2,"7°09'59.92""S 107°24'13.14""E",2192.38,19.566088,22.078272,24.64238,67.083786,-75.51085,12.231938,True,1h
2026-05-15 10:16:22,2,"7°09'59.92""S 107°24'13.14""E",2192.38,19.561556,22.074543,24.641342,67.086655,-75.51155,12.23168,True,1h
2026-05-15 10:16:26,2,"7°09'59.92""S 107°24'13.14""E",2192.38,19.55703,22.070814,24.640305,67.08953,-75.51227,12.231419,True,1h
2026-05-15 10:16:30,2,"7°09'59.92""S 107°24'13.14""E",2192.38,19.552505,22.067083,24.639267,67.0924,-75.51298,12.23116,True,1h
2026-05-15 10:16:34,2,"7°09'59.92""S 107°24'13.14""E",2192.38,19.547977,22.063354,24.638226,67.09526,-75.51369,12.2309,True,1h
2026-05-15 10:16:38,2,"7°09'59.92""S 107°24'13.14""E",2192.38,19.543453,22.059628,24.637188,67.09814,-75.5144,12.23064,True,1h
2026-05-15 10:16:42,2,"7°09'59.92""S 107°24'13.14""E",2192.38,19.538925,22.055897,24.636148,67.10101,-75.515114,12.23038,True,1h
2026-05-15 10:16:46,2,"7°09'59.92""S 107°24'13.14""E",2192.38,19.5344,22.05217,24.635109,67.10388,-75.51582,12.230121,True,1h
2026-05-15 10:16:50,2,"7°09'59.92""S 107°24'13.14""E",2192.38,19.529879,22.04844,24.634071,67.10676,-75.51653,12.22986,True,1h
2026-05-15 10:16:54,2,"7°09'59.92""S 107°24'13.14""E",2192.38,19.525352,22.044712,24.633032,67.109634,-75.51725,12.2296,True,1h
2026-05-15 10:16:58,2,"7°09'59.92""S 107°24'13.14""E",2192.38,19.520832,22.040985,24.631992,67.11251,-75.51796,12.229341,True,1h
2026-05-15 10:17:02,2,"7°09'59.92""S 107°24'13.14""E",2192.38,19.516306,22.037256,24.630953,67.11539,-75.51868,12.22908,True,1h
2026-05-15 10:17:06,2,"7°09'59.92""S 107°24'13.14""E",2192.38,19.511786,22.033525,24.629913,67.11826,-75.51939,12.228821,True,1h
2026-05-15 10:17:10,2,"7°09'59.92""S 107°24'13.14""E",2192.38,19.507261,22.029797,24.628872,67.12115,-75.520096,12.22856,True,1h
2026-05-15 10:17:14,2,"7°09'59.92""S 107°24'13.14""E",2192.38,19.502743,22.026072,24.62783,67.12402,-75.52082,12.2283,True,1h
2026-05-15 10:17:18,2,"7°09'59.92""S 107°24'13.14""E",2192.38,19.498226,22.022346,24.626791,67.126915,-75.52154,12.22804,True,1h
2026-05-15 10:17:22,2,"7°09'59.92""S 107°24'13.14""E",2192.38,19.4937,22.018616,24.62575,67.12979,-75.522255,12.227778,True,1h
2026-05-15 10:17:26,2,"7°09'59.92""S 107°24'13.14""E",2192.38,19.489185,22.014889,24.624708,67.132675,-75.522964,12.227519,True,1h
2026-05-15 10:17:30,2,"7°09'59.92""S 107°24'13.14""E",2192.38,19.484663,22.011158,24.623669,67.13557,-75.52368,12.227259,True,1h
2026-05-15 10:17:34,2,"7°09'59.92""S 107°24'13.14""E",2192.38,19.480146,22.007435,24.622627,67.13846,-75.5244,12.226998,True,1h
2026-05-15 10:17:38,2,"7°09'59.92""S 107°24'13.14""E",2192.38,19.47563,22.003706,24.621584,67.14134,-75.52512,12.226738,True,1h
2026-05-15 10:17:42,2,"7°09'59.92""S 107°24'13.14""E",2192.38,19.47111,21.999979,24.620543,67.14424,-75.52583,12.226478,True,1h
2026-05-15 10:17:46,2,"7°09'59.92""S 107°24'13.14""E",2192.38,19.466593,21.99625,24.6195,67.147125,-75.52655,12.226217,True,1h
2026-05-15 10:17:50,2,"7°09'59.92""S 107°24'13.14""E",2192.38,19.46208,21.992525,24.618458,67.150024,-75.52727,12.225957,True,1h
2026-05-15 10:17:54,2,"7°09'59.92""S 107°24'13.14""E",2192.38,19.457565,21.9888,24.617418,67.152916,-75.527985,12.225696,True,1h
2026-05-15 10:17:58,2,"7°09'59.92""S 107°24'13.14""E",2192.38,19.453053,21.985073,24.616375,67.1558,-75.52871,12.225435,True,1h
2026-05-15 10:18:02,2,"7°09'59.92""S 107°24'13.14""E",2192.38,19.448536,21.981346,24.615332,67.15871,-75.529434,12.225175,True,1h
2026-05-15 10:18:06,2,"7°09'59.92""S 107°24'13.14""E",2192.38,19.444021,21.977621,24.61429,67.161606,-75.53016,12.224913,True,1h
2026-05-15 10:18:10,2,"7°09'59.92""S 107°24'13.14""E",2192.38,19.439508,21.973894,24.613247,67.1645,-75.53087,12.224652,True,1h
2026-05-15 10:18:14,2,"7°09'59.92""S 107°24'13.14""E",2192.38,19.434994,21.970165,24.612204,67.167404,-75.53159,12.224392,True,1h
2026-05-15 10:18:18,2,"7°09'59.92""S 107°24'13.14""E",2192.38,19.430485,21.96644,24.61116,67.1703,-75.53231,12.224132,True,1h
2026-05-15 10:18:22,2,"7°09'59.92""S 107°24'13.14""E",2192.38,19.425974,21.962713,24.610117,67.1732,-75.53303,12.22387,True,1h
2026-05-15 10:18:26,2,"7°09'59.92""S 107°24'13.14""E",2192.38,19.421461,21.958988,24.609074,67.17611,-75.53376,12.223609,True,1h
2026-05-15 10:18:30,2,"7°09'59.92""S 107°24'13.14""E",2192.38,19.416948,21.955263,24.608028,67.17901,-75.53448,12.223349,True,1h
2026-05-15 10:18:34,2,"7°09'59.92""S 107°24'13.14""E",2192.38,19.412437,21.951534,24.606983,67.181915,-75.53521,12.223087,True,1h
2026-05-15 10:18:38,2,"7°09'59.92""S 107°24'13.14""E",2192.38,19.40793,21.94781,24.60594,67.18482,-75.53593,12.222826,True,1h
2026-05-15 10:18:42,2,"7°09'59.92""S 107°24'13.14""E",2192.38,19.403423,21.944088,24.604897,67.18773,-75.53665,12.222566,True,1h
2026-05-15 10:18:46,2,"7°09'59.92""S 107°24'13.14""E",2192.38,19.39891,21.94036,24.603853,67.19064,-75.53738,12.222303,True,1h
2026-05-15 10:18:50,2,"7°09'59.92""S 107°24'13.14""E",2192.38,19.394405,21.936636,24.602806,67.19355,-75.5381,12.222043,True,1h
2026-05-15 10:18:54,2,"7°09'59.92""S 107°24'13.14""E",2192.38,19.389898,21.932909,24.60176,67.19646,-75.538826,12.221782,True,1h
2026-05-15 10:18:58,2,"7°09'59.92""S 107°24'13.14""E",2192.38,19.385387,21.929188,24.600718,67.19938,-75.53955,12.22152,True,1h
2026-05-15 10:19:02,2,"7°09'59.92""S 107°24'13.14""E",2192.38,19.380882,21.925459,24.59967,67.20229,-75.540276,12.221259,True,1h
2026-05-15 10:19:06,2,"7°09'59.92""S 107°24'13.14""E",2192.38,19.376373,21.921734,24.598627,67.20521,-75.541,12.220998,True,1h
2026-05-15 10:19:10,2,"7°09'59.92""S 107°24'13.14""E",2192.38,19.37187,21.918009,24.597582,67.20812,-75.541725,12.220737,True,1h
2026-05-15 10:19:14,2,"7°09'59.92""S 107°24'13.14""E",2192.38,19.367367,21.914286,24.596535,67.211044,-75.54245,12.220475,True,1h
2026-05-15 10:19:18,2,"7°09'59.92""S 107°24'13.14""E",2192.38,19.362864,21.910559,24.59549,67.21396,-75.54318,12.220214,True,1h
2026-05-15 10:19:22,2,"7°09'59.92""S 107°24'13.14""E",2192.38,19.358362,21.906836,24.594442,67.21688,-75.54391,12.219953,True,1h
2026-05-15 10:19:26,2,"7°09'59.92""S 107°24'13.14""E",2192.38,19.353859,21.903112,24.593397,67.2198,-75.54464,12.21969,True,1h
2026-05-15 10:19:30,2,"7°09'59.92""S 107°24'13.14""E",2192.38,19.349352,21.899385,24.59235,67.222725,-75.54536,12.219429,True,1h
2026-05-15 10:19:34,2,"7°09'59.92""S 107°24'13.14""E",2192.38,19.34485,21.895664,24.591301,67.22565,-75.54609,12.219167,True,1h
2026-05-15 10:19:38,2,"7°09'59.92""S 107°24'13.14""E",2192.38,19.34035,21.891937,24.590256,67.22858,-75.54682,12.218906,True,1h
2026-05-15 10:19:42,2,"7°09'59.92""S 107°24'13.14""E",2192.38,19.335848,21.888212,24.589209,67.23151,-75.547554,12.218644,True,1h
2026-05-15 10:19:46,2,"7°09'59.92""S 107°24'13.14""E",2192.38,19.331347,21.88449,24.58816,67.234436,-75.54828,12.218382,True,1h
2026-05-15 10:19:50,2,"7°09'59.92""S 107°24'13.14""E",2192.38,19.326843,21.880766,24.587114,67.23736,-75.54901,12.218121,True,1h
2026-05-15 10:19:54,2,"7°09'59.92""S 107°24'13.14""E",2192.38,19.322346,21.87704,24.586065,67.24029,-75.54974,12.217858,True,1h
2026-05-15 10:19:58,2,"7°09'59.92""S 107°24'13.14""E",2192.38,19.317846,21.873316,24.585018,67.243225,-75.550476,12.217597,True,1h
2026-05-15 10:20:02,2,"7°09'59.92""S 107°24'13.14""E",2192.38,19.313349,21.869595,24.58397,67.24615,-75.55121,12.217336,True,1h
2026-05-15 10:20:06,2,"7°09'59.92""S 107°24'13.14""E",2192.38,19.308851,21.86587,24.58292,67.24909,-75.55193,12.2170725,True,1h
2026-05-15 10:20:10,2,"7°09'59.92""S 107°24'13.14""E",2192.38,19.304354,21.862146,24.581871,67.25202,-75.552666,12.21681,True,1h
2026-05-15 10:20:14,2,"7°09'59.92""S 107°24'13.14""E",2192.38,19.299856,21.858421,24.580824,67.25496,-75.553406,12.21655,True,1h
2026-05-15 10:20:18,2,"7°09'59.92""S 107°24'13.14""E",2192.38,19.295359,21.854698,24.579777,67.2579,-75.55413,12.216288,True,1h
2026-05-15 10:20:22,2,"7°09'59.92""S 107°24'13.14""E",2192.38,19.290861,21.850975,24.578726,67.26083,-75.55487,12.216024,True,1h
2026-05-15 10:20:26,2,"7°09'59.92""S 107°24'13.14""E",2192.38,19.286364,21.84725,24.577677,67.26377,-75.555595,12.215763,True,1h
2026-05-15 10:20:30,2,"7°09'59.92""S 107°24'13.14""E",2192.38,19.281872,21.843527,24.576628,67.266716,-75.556335,12.215501,True,1h
2026-05-15 10:20:34,2,"7°09'59.92""S 107°24'13.14""E",2192.38,19.277374,21.839804,24.575579,67.26966,-75.55707,12.215239,True,1h
2026-05-15 10:20:38,2,"7°09'59.92""S 107°24'13.14""E",2192.38,19.27288,21.836082,24.574528,67.272606,-75.55781,12.214975,True,1h
2026-05-15 10:20:42,2,"7°09'59.92""S 107°24'13.14""E",2192.38,19.268387,21.832355,24.573479,67.27554,-75.55854,12.214713,True,1h
2026-05-15 10:20:46,2,"7°09'59.92""S 107°24'13.14""E",2192.38,19.263891,21.828632,24.572426,67.278496,-75.55928,12.214451,True,1h
2026-05-15 10:20:50,2,"7°09'59.92""S 107°24'13.14""E",2192.38,19.259401,21.824913,24.571377,67.28145,-75.56001,12.21419,True,1h
2026-05-15 10:20:54,2,"7°09'59.92""S 107°24'13.14""E",2192.38,19.254913,21.82119,24.570326,67.28439,-75.56075,12.213927,True,1h
2026-05-15 10:20:58,2,"7°09'59.92""S 107°24'13.14""E",2192.38,19.250418,21.817465,24.569275,67.287346,-75.56149,12.213664,True,1h
2026-05-15 10:21:02,2,"7°09'59.92""S 107°24'13.14""E",2192.38,19.245924,21.81374,24.568226,67.29029,-75.562225,12.213402,True,1h
2026-05-15 10:21:06,2,"7°09'59.92""S 107°24'13.14""E",2192.38,19.241434,21.81002,24.567177,67.29324,-75.56296,12.213139,True,1h
2026-05-15 10:21:10,2,"7°09'59.92""S 107°24'13.14""E",2192.38,19.236946,21.806295,24.566122,67.2962,-75.563705,12.212875,True,1h
2026-05-15 10:21:14,2,"7°09'59.92""S 107°24'13.14""E",2192.38,19.232454,21.802572,24.565071,67.29916,-75.56444,12.212613,True,1h
2026-05-15 10:21:18,2,"7°09'59.92""S 107°24'13.14""E",2192.38,19.227962,21.79885,24.564018,67.30211,-75.56518,12.212351,True,1h
2026-05-15 10:21:22,2,"7°09'59.92""S 107°24'13.14""E",2192.38,19.223473,21.795128,24.562971,67.30507,-75.56592,12.212088,True,1h
2026-05-15 10:21:26,2,"7°09'59.92""S 107°24'13.14""E",2192.38,19.218988,21.791403,24.561916,67.30803,-75.56666,12.211825,True,1h
2026-05-15 10:21:30,2,"7°09'59.92""S 107°24'13.14""E",2192.38,19.214497,21.787682,24.560863,67.31099,-75.5674,12.211562,True,1h
2026-05-15 10:21:34,2,"7°09'59.92""S 107°24'13.14""E",2192.38,19.21001,21.783958,24.55981,67.31395,-75.568146,12.2113,True,1h
2026-05-15 10:21:38,2,"7°09'59.92""S 107°24'13.14""E",2192.38,19.205524,21.780237,24.558758,67.31692,-75.56888,12.211037,True,1h
2026-05-15 10:21:42,2,"7°09'59.92""S 107°24'13.14""E",2192.38,19.201036,21.776516,24.557707,67.31988,-75.56962,12.210773,True,1h
2026-05-15 10:21:46,2,"7°09'59.92""S 107°24'13.14""E",2192.38,19.196552,21.772793,24.556652,67.322845,-75.570366,12.21051,True,1h
2026-05-15 10:21:50,2,"7°09'59.92""S 107°24'13.14""E",2192.38,19.192066,21.76907,24.5556,67.325806,-75.57111,12.210248,True,1h
2026-05-15 10:21:54,2,"7°09'59.92""S 107°24'13.14""E",2192.38,19.18758,21.765348,24.554546,67.32877,-75.571846,12.209985,True,1h
2026-05-15 10:21:58,2,"7°09'59.92""S 107°24'13.14""E",2192.38,19.183098,21.761627,24.553495,67.33174,-75.572586,12.209721,True,1h
2026-05-15 10:22:02,2,"7°09'59.92""S 107°24'13.14""E",2192.38,19.17861,21.7579,24.55244,67.33471,-75.57333,12.209457,True,1h
2026-05-15 10:22:06,2,"7°09'59.92""S 107°24'13.14""E",2192.38,19.174128,21.75418,24.551386,67.337685,-75.57407,12.209195,True,1h
2026-05-15 10:22:10,2,"7°09'59.92""S 107°24'13.14""E",2192.38,19.169645,21.750458,24.550333,67.34066,-75.57482,12.208931,True,1h
2026-05-15 10:22:14,2,"7°09'59.92""S 107°24'13.14""E",2192.38,19.165165,21.746737,24.549278,67.34363,-75.57557,12.208669,True,1h
2026-05-15 10:22:18,2,"7°09'59.92""S 107°24'13.14""E",2192.38,19.160679,21.743013,24.548223,67.34661,-75.57631,12.2084055,True,1h
2026-05-15 10:22:22,2,"7°09'59.92""S 107°24'13.14""E",2192.38,19.156199,21.73929,24.547169,67.34958,-75.57706,12.208141,True,1h
2026-05-15 10:22:26,2,"7°09'59.92""S 107°24'13.14""E",2192.38,19.151722,21.73557,24.546116,67.35256,-75.577805,12.207878,True,1h
2026-05-15 10:22:30,2,"7°09'59.92""S 107°24'13.14""E",2192.38,19.147234,21.731848,24.545057,67.35554,-75.578545,12.207615,True,1h
2026-05-15 10:22:34,2,"7°09'59.92""S 107°24'13.14""E",2192.38,19.14276,21.728125,24.544004,67.35852,-75.5793,12.207352,True,1h
2026-05-15 10:22:38,2,"7°09'59.92""S 107°24'13.14""E",2192.38,19.138277,21.724403,24.54295,67.3615,-75.58005,12.2070875,True,1h
2026-05-15 10:22:42,2,"7°09'59.92""S 107°24'13.14""E",2192.38,19.133802,21.720684,24.541893,67.36448,-75.58079,12.206823,True,1h
2026-05-15 10:22:46,2,"7°09'59.92""S 107°24'13.14""E",2192.38,19.129318,21.716959,24.540838,67.36747,-75.58154,12.20656,True,1h
2026-05-15 10:22:50,2,"7°09'59.92""S 107°24'13.14""E",2192.38,19.124838,21.713238,24.539782,67.37045,-75.58229,12.206296,True,1h
2026-05-15 10:22:54,2,"7°09'59.92""S 107°24'13.14""E",2192.38,19.12036,21.709515,24.538725,67.37344,-75.58304,12.206033,True,1h
2026-05-15 10:22:58,2,"7°09'59.92""S 107°24'13.14""E",2192.38,19.115883,21.705795,24.53767,67.37643,-75.58378,12.205769,True,1h
2026-05-15 10:23:02,2,"7°09'59.92""S 107°24'13.14""E",2192.38,19.111403,21.702072,24.536613,67.37942,-75.58453,12.205505,True,1h
2026-05-15 10:23:06,2,"7°09'59.92""S 107°24'13.14""E",2192.38,19.10693,21.69835,24.535557,67.38241,-75.58528,12.205241,True,1h
2026-05-15 10:23:10,2,"7°09'59.92""S 107°24'13.14""E",2192.38,19.102453,21.694628,24.534498,67.3854,-75.58603,12.204978,True,1h
2026-05-15 10:23:14,2,"7°09'59.92""S 107°24'13.14""E",2192.38,19.09798,21.690908,24.533442,67.38839,-75.586784,12.204714,True,1h
2026-05-15 10:23:18,2,"7°09'59.92""S 107°24'13.14""E",2192.38,19.093498,21.687183,24.532385,67.39139,-75.58753,12.204451,True,1h
2026-05-15 10:23:22,2,"7°09'59.92""S 107°24'13.14""E",2192.38,19.08903,21.683462,24.531324,67.39438,-75.588295,12.204185,True,1h
2026-05-15 10:23:26,2,"7°09'59.92""S 107°24'13.14""E",2192.38,19.084555,21.679745,24.530268,67.39738,-75.589035,12.203921,True,1h
2026-05-15 10:23:30,2,"7°09'59.92""S 107°24'13.14""E",2192.38,19.080076,21.676022,24.529211,67.40038,-75.58979,12.203657,True,1h
2026-05-15 10:23:34,2,"7°09'59.92""S 107°24'13.14""E",2192.38,19.075605,21.672298,24.528154,67.40338,-75.590546,12.203393,True,1h
2026-05-15 10:23:38,2,"7°09'59.92""S 107°24'13.14""E",2192.38,19.07113,21.668575,24.527094,67.40638,-75.59129,12.20313,True,1h
2026-05-15 10:23:42,2,"7°09'59.92""S 107°24'13.14""E",2192.38,19.066656,21.664856,24.526037,67.40938,-75.59204,12.202865,True,1h
2026-05-15 10:23:46,2,"7°09'59.92""S 107°24'13.14""E",2192.38,19.06219,21.661135,24.524979,67.41238,-75.592804,12.2026005,True,1h
2026-05-15 10:23:50,2,"7°09'59.92""S 107°24'13.14""E",2192.38,19.057716,21.657412,24.523918,67.41538,-75.59356,12.202336,True,1h
2026-05-15 10:23:54,2,"7°09'59.92""S 107°24'13.14""E",2192.38,19.053244,21.65369,24.522861,67.41839,-75.594315,12.202072,True,1h
2026-05-15 10:23:58,2,"7°09'59.92""S 107°24'13.14""E",2192.38,19.048775,21.649971,24.521801,67.421394,-75.59506,12.201808,True,1h
2026-05-15 10:24:02,2,"7°09'59.92""S 107°24'13.14""E",2192.38,19.044302,21.646248,24.520742,67.42441,-75.59582,12.201543,True,1h
2026-05-15 10:24:06,2,"7°09'59.92""S 107°24'13.14""E",2192.38,19.039835,21.642527,24.519682,67.427414,-75.59658,12.201278,True,1h
2026-05-15 10:24:10,2,"7°09'59.92""S 107°24'13.14""E",2192.38,19.03536,21.638802,24.518621,67.43043,-75.597336,12.201014,True,1h
2026-05-15 10:24:14,2,"7°09'59.92""S 107°24'13.14""E",2192.38,19.030897,21.635084,24.517563,67.43344,-75.59808,12.200749,True,1h
2026-05-15 10:24:18,2,"7°09'59.92""S 107°24'13.14""E",2192.38,19.026423,21.631357,24.5165,67.436455,-75.59885,12.200484,True,1h
2026-05-15 10:24:22,2,"7°09'59.92""S 107°24'13.14""E",2192.38,19.021957,21.62764,24.51544,67.43947,-75.5996,12.200219,True,1h
2026-05-15 10:24:26,2,"7°09'59.92""S 107°24'13.14""E",2192.38,19.01749,21.623915,24.514381,67.44248,-75.600365,12.199955,True,1h
2026-05-15 10:24:30,2,"7°09'59.92""S 107°24'13.14""E",2192.38,19.013021,21.620193,24.51332,67.4455,-75.60112,12.19969,True,1h
2026-05-15 10:24:34,2,"7°09'59.92""S 107°24'13.14""E",2192.38,19.008554,21.616474,24.51226,67.44852,-75.60188,12.199425,True,1h
2026-05-15 10:24:38,2,"7°09'59.92""S 107°24'13.14""E",2192.38,19.004087,21.612753,24.511198,67.45154,-75.60264,12.199161,True,1h
2026-05-15 10:24:42,2,"7°09'59.92""S 107°24'13.14""E",2192.38,18.999622,21.60903,24.510136,67.45457,-75.6034,12.198895,True,1h
2026-05-15 10:24:46,2,"7°09'59.92""S 107°24'13.14""E",2192.38,18.995161,21.60531,24.509077,67.45758,-75.60416,12.19863,True,1h
2026-05-15 10:24:50,2,"7°09'59.92""S 107°24'13.14""E",2192.38,18.990692,21.601587,24.508015,67.46061,-75.60492,12.198366,True,1h
2026-05-15 10:24:54,2,"7°09'59.92""S 107°24'13.14""E",2192.38,18.986229,21.597866,24.506952,67.46363,-75.605675,12.198101,True,1h
2026-05-15 10:24:58,2,"7°09'59.92""S 107°24'13.14""E",2192.38,18.981762,21.594145,24.50589,67.46666,-75.60644,12.197836,True,1h
2026-05-15 10:25:02,2,"7°09'59.92""S 107°24'13.14""E",2192.38,18.977297,21.590424,24.504827,67.46969,-75.6072,12.197571,True,1h
2026-05-15 10:25:06,2,"7°09'59.92""S 107°24'13.14""E",2192.38,18.972832,21.5867,24.503765,67.47272,-75.60796,12.197306,True,1h
2026-05-15 10:25:10,2,"7°09'59.92""S 107°24'13.14""E",2192.38,18.968376,21.58298,24.502703,67.475746,-75.60872,12.19704,True,1h
2026-05-15 10:25:14,2,"7°09'59.92""S 107°24'13.14""E",2192.38,18.963907,21.579258,24.50164,67.478775,-75.60948,12.1967745,True,1h
2026-05-15 10:25:18,2,"7°09'59.92""S 107°24'13.14""E",2192.38,18.959448,21.575535,24.500578,67.48181,-75.610245,12.196509,True,1h
2026-05-15 10:25:22,2,"7°09'59.92""S 107°24'13.14""E",2192.38,18.954985,21.571812,24.499512,67.48485,-75.611015,12.196244,True,1h
2026-05-15 10:25:26,2,"7°09'59.92""S 107°24'13.14""E",2192.38,18.950527,21.56809,24.49845,67.487885,-75.61178,12.195979,True,1h
2026-05-15 10:25:30,2,"7°09'59.92""S 107°24'13.14""E",2192.38,18.946064,21.564371,24.497387,67.49091,-75.61253,12.195713,True,1h
2026-05-15 10:25:34,2,"7°09'59.92""S 107°24'13.14""E",2192.38,18.941603,21.56065,24.496323,67.49396,-75.613304,12.195448,True,1h
2026-05-15 10:25:38,2,"7°09'59.92""S 107°24'13.14""E",2192.38,18.93714,21.556925,24.49526,67.496994,-75.61407,12.195182,True,1h
2026-05-15 10:25:42,2,"7°09'59.92""S 107°24'13.14""E",2192.38,18.932686,21.553205,24.494198,67.50004,-75.61483,12.194917,True,1h
2026-05-15 10:25:46,2,"7°09'59.92""S 107°24'13.14""E",2192.38,18.928223,21.549482,24.49313,67.50308,-75.6156,12.194652,True,1h
2026-05-15 10:25:50,2,"7°09'59.92""S 107°24'13.14""E",2192.38,18.923765,21.545761,24.492067,67.50612,-75.61636,12.194386,True,1h
2026-05-15 10:25:54,2,"7°09'59.92""S 107°24'13.14""E",2192.38,18.919312,21.54204,24.491003,67.50916,-75.617134,12.194119,True,1h
2026-05-15 10:25:58,2,"7°09'59.92""S 107°24'13.14""E",2192.38,18.914848,21.538315,24.489935,67.512215,-75.6179,12.193854,True,1h
2026-05-15 10:26:02,2,"7°09'59.92""S 107°24'13.14""E",2192.38,18.91039,21.534594,24.488873,67.51527,-75.61867,12.193588,True,1h
2026-05-15 10:26:06,2,"7°09'59.92""S 107°24'13.14""E",2192.38,18.905935,21.530872,24.487806,67.51831,-75.61944,12.193323,True,1h
2026-05-15 10:26:10,2,"7°09'59.92""S 107°24'13.14""E",2192.38,18.901478,21.527153,24.486742,67.52136,-75.62019,12.193057,True,1h
2026-05-15 10:26:14,2,"7°09'59.92""S 107°24'13.14""E",2192.38,18.897024,21.523428,24.485674,67.524414,-75.62097,12.19279,True,1h
2026-05-15 10:26:18,2,"7°09'59.92""S 107°24'13.14""E",2192.38,18.892567,21.519709,24.48461,67.527466,-75.62174,12.192525,True,1h
2026-05-15 10:26:22,2,"7°09'59.92""S 107°24'13.14""E",2192.38,18.888107,21.515984,24.483541,67.53052,-75.622505,12.192258,True,1h
2026-05-15 10:26:26,2,"7°09'59.92""S 107°24'13.14""E",2192.38,18.883654,21.512262,24.482475,67.53357,-75.623276,12.191993,True,1h
2026-05-15 10:26:30,2,"7°09'59.92""S 107°24'13.14""E",2192.38,18.8792,21.50854,24.48141,67.53663,-75.62405,12.191726,True,1h
2026-05-15 10:26:34,2,"7°09'59.92""S 107°24'13.14""E",2192.38,18.874746,21.504822,24.480343,67.539696,-75.62482,12.19146,True,1h
2026-05-15 10:26:38,2,"7°09'59.92""S 107°24'13.14""E",2192.38,18.870296,21.501097,24.479275,67.54275,-75.625595,12.191194,True,1h
2026-05-15 10:26:42,2,"7°09'59.92""S 107°24'13.14""E",2192.38,18.865835,21.497372,24.47821,67.54581,-75.626366,12.190927,True,1h
2026-05-15 10:26:46,2,"7°09'59.92""S 107°24'13.14""E",2192.38,18.861385,21.49365,24.477142,67.548874,-75.62714,12.190661,True,1h
2026-05-15 10:26:50,2,"7°09'59.92""S 107°24'13.14""E",2192.38,18.856934,21.48993,24.476074,67.55193,-75.62791,12.190395,True,1h
2026-05-15 10:26:54,2,"7°09'59.92""S 107°24'13.14""E",2192.38,18.852478,21.486206,24.475006,67.555,-75.62868,12.190128,True,1h
2026-05-15 10:26:58,2,"7°09'59.92""S 107°24'13.14""E",2192.38,18.848028,21.482485,24.47394,67.55807,-75.62945,12.189861,True,1h
2026-05-15 10:27:02,2,"7°09'59.92""S 107°24'13.14""E",2192.38,18.843576,21.478762,24.472872,67.561134,-75.63022,12.189596,True,1h
2026-05-15 10:27:06,2,"7°09'59.92""S 107°24'13.14""E",2192.38,18.839127,21.475039,24.471804,67.5642,-75.63099,12.189328,True,1h
2026-05-15 10:27:10,2,"7°09'59.92""S 107°24'13.14""E",2192.38,18.834675,21.471317,24.470734,67.56727,-75.631775,12.189063,True,1h
2026-05-15 10:27:14,2,"7°09'59.92""S 107°24'13.14""E",2192.38,18.830225,21.467592,24.469666,67.57034,-75.632545,12.188796,True,1h
2026-05-15 10:27:18,2,"7°09'59.92""S 107°24'13.14""E",2192.38,18.825775,21.463871,24.468597,67.57342,-75.633316,12.188529,True,1h
2026-05-15 10:27:22,2,"7°09'59.92""S 107°24'13.14""E",2192.38,18.821323,21.460148,24.467527,67.576485,-75.634094,12.188262,True,1h
2026-05-15 10:27:26,2,"7°09'59.92""S 107°24'13.14""E",2192.38,18.816877,21.456427,24.46646,67.57957,-75.63487,12.187996,True,1h
2026-05-15 10:27:30,2,"7°09'59.92""S 107°24'13.14""E",2192.38,18.812428,21.452705,24.46539,67.582634,-75.63564,12.187729,True,1h
2026-05-15 10:27:34,2,"7°09'59.92""S 107°24'13.14""E",2192.38,18.807976,21.448982,24.464321,67.58572,-75.63642,12.187462,True,1h
2026-05-15 10:27:38,2,"7°09'59.92""S 107°24'13.14""E",2192.38,18.80353,21.445257,24.46325,67.58879,-75.6372,12.187195,True,1h
2026-05-15 10:27:42,2,"7°09'59.92""S 107°24'13.14""E",2192.38,18.799086,21.441536,24.46218,67.59187,-75.63798,12.186929,True,1h
2026-05-15 10:27:46,2,"7°09'59.92""S 107°24'13.14""E",2192.38,18.794638,21.437809,24.46111,67.594955,-75.63875,12.186662,True,1h
2026-05-15 10:27:50,2,"7°09'59.92""S 107°24'13.14""E",2192.38,18.790194,21.43409,24.46004,67.59804,-75.639534,12.186394,True,1h
2026-05-15 10:27:54,2,"7°09'59.92""S 107°24'13.14""E",2192.38,18.785746,21.430365,24.458967,67.60113,-75.64031,12.186127,True,1h
2026-05-15 10:27:58,2,"7°09'59.92""S 107°24'13.14""E",2192.38,18.781296,21.42664,24.457897,67.60422,-75.64109,12.18586,True,1h
2026-05-15 10:28:02,2,"7°09'59.92""S 107°24'13.14""E",2192.38,18.77685,21.422918,24.456827,67.6073,-75.64187,12.185593,True,1h
2026-05-15 10:28:06,2,"7°09'59.92""S 107°24'13.14""E",2192.38,18.772404,21.419195,24.455753,67.61039,-75.64265,12.185325,True,1h
2026-05-15 10:28:10,2,"7°09'59.92""S 107°24'13.14""E",2192.38,18.767962,21.41547,24.454683,67.61348,-75.643425,12.185058,True,1h
2026-05-15 10:28:14,2,"7°09'59.92""S 107°24'13.14""E",2192.38,18.763517,21.411747,24.45361,67.61657,-75.64421,12.184792,True,1h
2026-05-15 10:28:18,2,"7°09'59.92""S 107°24'13.14""E",2192.38,18.759073,21.408022,24.45254,67.61967,-75.64499,12.184524,True,1h
2026-05-15 10:28:22,2,"7°09'59.92""S 107°24'13.14""E",2192.38,18.754627,21.4043,24.451466,67.622765,-75.645775,12.184256,True,1h
2026-05-15 10:28:26,2,"7°09'59.92""S 107°24'13.14""E",2192.38,18.750185,21.400576,24.450394,67.625854,-75.64655,12.183989,True,1h
2026-05-15 10:28:30,2,"7°09'59.92""S 107°24'13.14""E",2192.38,18.745747,21.396854,24.449322,67.62895,-75.64734,12.183721,True,1h
2026-05-15 10:28:34,2,"7°09'59.92""S 107°24'13.14""E",2192.38,18.741302,21.39313,24.448252,67.63205,-75.64812,12.183454,True,1h
2026-05-15 10:28:38,2,"7°09'59.92""S 107°24'13.14""E",2192.38,18.736858,21.389406,24.447176,67.63515,-75.648895,12.183186,True,1h
2026-05-15 10:28:42,2,"7°09'59.92""S 107°24'13.14""E",2192.38,18.732414,21.385681,24.446106,67.63825,-75.64969,12.182918,True,1h
2026-05-15 10:28:46,2,"7°09'59.92""S 107°24'13.14""E",2192.38,18.727972,21.381956,24.44503,67.64135,-75.65047,12.182651,True,1h
2026-05-15 10:28:50,2,"7°09'59.92""S 107°24'13.14""E",2192.38,18.723536,21.378235,24.443956,67.644455,-75.651245,12.182384,True,1h
2026-05-15 10:28:54,2,"7°09'59.92""S 107°24'13.14""E",2192.38,18.719097,21.37451,24.442883,67.64756,-75.65203,12.182115,True,1h
2026-05-15 10:28:58,2,"7°09'59.92""S 107°24'13.14""E",2192.38,18.714655,21.370789,24.44181,67.650665,-75.65282,12.181848,True,1h
2026-05-15 10:29:02,2,"7°09'59.92""S 107°24'13.14""E",2192.38,18.710215,21.367062,24.440737,67.65378,-75.65361,12.18158,True,1h
2026-05-15 10:29:06,2,"7°09'59.92""S 107°24'13.14""E",2192.38,18.705774,21.363337,24.439661,67.65688,-75.65438,12.181312,True,1h
2026-05-15 10:29:10,2,"7°09'59.92""S 107°24'13.14""E",2192.38,18.701334,21.359615,24.438587,67.659996,-75.655174,12.181045,True,1h
2026-05-15 10:29:14,2,"7°09'59.92""S 107°24'13.14""E",2192.38,18.696898,21.355888,24.437511,67.66311,-75.65597,12.180775,True,1h
2026-05-15 10:29:18,2,"7°09'59.92""S 107°24'13.14""E",2192.38,18.69246,21.352163,24.436438,67.666214,-75.65675,12.180508,True,1h
2026-05-15 10:29:22,2,"7°09'59.92""S 107°24'13.14""E",2192.38,18.68802,21.34844,24.435362,67.669334,-75.65754,12.18024,True,1h
2026-05-15 10:29:26,2,"7°09'59.92""S 107°24'13.14""E",2192.38,18.683582,21.344713,24.434286,67.67245,-75.658325,12.179971,True,1h
2026-05-15 10:29:30,2,"7°09'59.92""S 107°24'13.14""E",2192.38,18.679144,21.34099,24.433214,67.67557,-75.65911,12.179703,True,1h
2026-05-15 10:29:34,2,"7°09'59.92""S 107°24'13.14""E",2192.38,18.674707,21.337265,24.432138,67.67868,-75.659904,12.179435,True,1h
2026-05-15 10:29:38,2,"7°09'59.92""S 107°24'13.14""E",2192.38,18.670273,21.33354,24.43106,67.6818,-75.66069,12.179166,True,1h
2026-05-15 10:29:42,2,"7°09'59.92""S 107°24'13.14""E",2192.38,18.665836,21.329813,24.429985,67.68493,-75.661476,12.178898,True,1h
2026-05-15 10:29:46,2,"7°09'59.92""S 107°24'13.14""E",2192.38,18.661402,21.32609,24.42891,67.68805,-75.66227,12.17863,True,1h
2026-05-15 10:29:50,2,"7°09'59.92""S 107°24'13.14""E",2192.38,18.656965,21.322363,24.427832,67.69117,-75.663055,12.178361,True,1h
2026-05-15 10:29:54,2,"7°09'59.92""S 107°24'13.14""E",2192.38,18.65253,21.31864,24.426756,67.6943,-75.66385,12.178093,True,1h
2026-05-15 10:29:58,2,"7°09'59.92""S 107°24'13.14""E",2192.38,18.648092,21.31491,24.42568,67.697426,-75.66464,12.177825,True,1h
2026-05-15 10:30:02,2,"7°09'59.92""S 107°24'13.14""E",2192.38,18.643661,21.311186,24.4246,67.70056,-75.665436,12.177555,True,1h
2026-05-15 10:30:06,2,"7°09'59.92""S 107°24'13.14""E",2192.38,18.639225,21.307463,24.423525,67.703674,-75.66622,12.177287,True,1h
2026-05-15 10:30:10,2,"7°09'59.92""S 107°24'13.14""E",2192.38,18.634798,21.30374,24.422445,67.70681,-75.667015,12.177019,True,1h
2026-05-15 10:30:14,2,"7°09'59.92""S 107°24'13.14""E",2192.38,18.630356,21.300009,24.42137,67.709946,-75.6678,12.17675,True,1h
2026-05-15 10:30:18,2,"7°09'59.92""S 107°24'13.14""E",2192.38,18.625925,21.296286,24.420292,67.71308,-75.6686,12.176481,True,1h
2026-05-15 10:30:22,2,"7°09'59.92""S 107°24'13.14""E",2192.38,18.621494,21.29256,24.419212,67.71622,-75.669395,12.176211,True,1h
2026-05-15 10:30:26,2,"7°09'59.92""S 107°24'13.14""E",2192.38,18.61706,21.288832,24.418137,67.71935,-75.67019,12.175943,True,1h
2026-05-15 10:30:30,2,"7°09'59.92""S 107°24'13.14""E",2192.38,18.612633,21.285105,24.417055,67.722496,-75.67098,12.175675,True,1h
2026-05-15 10:30:34,2,"7°09'59.92""S 107°24'13.14""E",2192.38,18.6082,21.281382,24.41598,67.72563,-75.671776,12.175406,True,1h
2026-05-15 10:30:38,2,"7°09'59.92""S 107°24'13.14""E",2192.38,18.603767,21.277655,24.414898,67.72877,-75.67257,12.175137,True,1h
2026-05-15 10:30:42,2,"7°09'59.92""S 107°24'13.14""E",2192.38,18.599335,21.273928,24.41382,67.73192,-75.67336,12.174868,True,1h
2026-05-15 10:30:46,2,"7°09'59.92""S 107°24'13.14""E",2192.38,18.594904,21.2702,24.41274,67.735054,-75.67416,12.174599,True,1h
2026-05-15 10:30:50,2,"7°09'59.92""S 107°24'13.14""E",2192.38,18.590477,21.266474,24.41166,67.7382,-75.67496,12.174329,True,1h
2026-05-15 10:30:54,2,"7°09'59.92""S 107°24'13.14""E",2192.38,18.586046,21.262749,24.410582,67.74135,-75.67575,12.174061,True,1h
2026-05-15 10:30:58,2,"7°09'59.92""S 107°24'13.14""E",2192.38,18.581615,21.25902,24.409502,67.7445,-75.67655,12.173791,True,1h
2026-05-15 10:31:02,2,"7°09'59.92""S 107°24'13.14""E",2192.38,18.577187,21.255293,24.40842,67.74764,-75.677345,12.173521,True,1h
2026-05-15 10:31:06,2,"7°09'59.92""S 107°24'13.14""E",2192.38,18.572756,21.251564,24.40734,67.75079,-75.67815,12.173252,True,1h
2026-05-15 10:31:10,2,"7°09'59.92""S 107°24'13.14""E",2192.38,18.568329,21.24784,24.406261,67.75395,-75.67895,12.172983,True,1h
2026-05-15 10:31:14,2,"7°09'59.92""S 107°24'13.14""E",2192.38,18.5639,21.244112,24.40518,67.7571,-75.67974,12.172713,True,1h
2026-05-15 10:31:18,2,"7°09'59.92""S 107°24'13.14""E",2192.38,18.559475,21.240383,24.404099,67.76026,-75.68054,12.172444,True,1h
2026-05-15 10:31:22,2,"7°09'59.92""S 107°24'13.14""E",2192.38,18.555044,21.236656,24.403017,67.76341,-75.68134,12.172174,True,1h
2026-05-15 10:31:26,2,"7°09'59.92""S 107°24'13.14""E",2192.38,18.550617,21.23293,24.401936,67.76657,-75.682144,12.1719055,True,1h
2026-05-15 10:31:30,2,"7°09'59.92""S 107°24'13.14""E",2192.38,18.546194,21.2292,24.400854,67.76972,-75.682945,12.171636,True,1h
2026-05-15 10:31:34,2,"7°09'59.92""S 107°24'13.14""E",2192.38,18.541763,21.225473,24.399773,67.77289,-75.68375,12.171366,True,1h
2026-05-15 10:31:38,2,"7°09'59.92""S 107°24'13.14""E",2192.38,18.53734,21.221745,24.398691,67.776054,-75.68455,12.171096,True,1h
2026-05-15 10:31:42,2,"7°09'59.92""S 107°24'13.14""E",2192.38,18.532913,21.218016,24.39761,67.77921,-75.68535,12.170826,True,1h
2026-05-15 10:31:46,2,"7°09'59.92""S 107°24'13.14""E",2192.38,18.528488,21.214289,24.396526,67.78238,-75.68615,12.170556,True,1h
2026-05-15 10:31:50,2,"7°09'59.92""S 107°24'13.14""E",2192.38,18.524063,21.21056,24.395445,67.785545,-75.68695,12.170286,True,1h
2026-05-15 10:31:54,2,"7°09'59.92""S 107°24'13.14""E",2192.38,18.51964,21.206831,24.394361,67.78871,-75.68775,12.170016,True,1h
2026-05-15 10:31:58,2,"7°09'59.92""S 107°24'13.14""E",2192.38,18.515213,21.203102,24.39328,67.791885,-75.68855,12.169746,True,1h
2026-05-15 10:32:02,2,"7°09'59.92""S 107°24'13.14""E",2192.38,18.510792,21.199375,24.392197,67.79505,-75.689354,12.1694765,True,1h
2026-05-15 10:32:06,2,"7°09'59.92""S 107°24'13.14""E",2192.38,18.506363,21.195644,24.391111,67.79822,-75.69016,12.169206,True,1h
2026-05-15 10:32:10,2,"7°09'59.92""S 107°24'13.14""E",2192.38,18.501942,21.191916,24.390028,67.80139,-75.69096,12.168937,True,1h
2026-05-15 10:32:14,2,"7°09'59.92""S 107°24'13.14""E",2192.38,18.497519,21.188187,24.388945,67.80457,-75.69177,12.168666,True,1h
2026-05-15 10:32:18,2,"7°09'59.92""S 107°24'13.14""E",2192.38,18.493097,21.184456,24.387863,67.80775,-75.69257,12.168396,True,1h
2026-05-15 10:32:22,2,"7°09'59.92""S 107°24'13.14""E",2192.38,18.488674,21.180729,24.386776,67.81092,-75.693375,12.168125,True,1h
2026-05-15 10:32:26,2,"7°09'59.92""S 107°24'13.14""E",2192.38,18.484251,21.177,24.385695,67.8141,-75.69418,12.167854,True,1h
2026-05-15 10:32:30,2,"7°09'59.92""S 107°24'13.14""E",2192.38,18.47983,21.17327,24.384607,67.817276,-75.69499,12.167585,True,1h
2026-05-15 10:32:34,2,"7°09'59.92""S 107°24'13.14""E",2192.38,18.475409,21.169538,24.383524,67.820465,-75.69579,12.1673155,True,1h
2026-05-15 10:32:38,2,"7°09'59.92""S 107°24'13.14""E",2192.38,18.47099,21.165808,24.382439,67.82365,-75.69661,12.167044,True,1h
2026-05-15 10:32:42,2,"7°09'59.92""S 107°24'13.14""E",2192.38,18.466566,21.162079,24.381353,67.82683,-75.69741,12.166774,True,1h
2026-05-15 10:32:46,2,"7°09'59.92""S 107°24'13.14""E",2192.38,18.462145,21.15835,24.380268,67.83002,-75.69822,12.166503,True,1h
2026-05-15 10:32:50,2,"7°09'59.92""S 107°24'13.14""E",2192.38,18.457726,21.154617,24.379179,67.8332,-75.69903,12.166232,True,1h
2026-05-15 10:32:54,2,"7°09'59.92""S 107°24'13.14""E",2192.38,18.453304,21.150888,24.378096,67.836395,-75.69984,12.165961,True,1h
2026-05-15 10:32:58,2,"7°09'59.92""S 107°24'13.14""E",2192.38,18.448887,21.147158,24.377008,67.839584,-75.700645,12.16569,True,1h
2026-05-15 10:33:02,2,"7°09'59.92""S 107°24'13.14""E",2192.38,18.44447,21.143429,24.375925,67.84277,-75.701454,12.165421,True,1h
2026-05-15 10:33:06,2,"7°09'59.92""S 107°24'13.14""E",2192.38,18.440048,21.139698,24.374838,67.84597,-75.70226,12.16515,True,1h
2026-05-15 10:33:10,2,"7°09'59.92""S 107°24'13.14""E",2192.38,18.435629,21.135965,24.37375,67.84917,-75.70307,12.164878,True,1h
2026-05-15 10:33:14,2,"7°09'59.92""S 107°24'13.14""E",2192.38,18.43121,21.132233,24.372663,67.852356,-75.70389,12.164608,True,1h
2026-05-15 10:33:18,2,"7°09'59.92""S 107°24'13.14""E",2192.38,18.42679,21.128502,24.371574,67.85555,-75.7047,12.164336,True,1h
2026-05-15 10:33:22,2,"7°09'59.92""S 107°24'13.14""E",2192.38,18.422373,21.124771,24.37049,67.85875,-75.70551,12.164065,True,1h
2026-05-15 10:33:26,2,"7°09'59.92""S 107°24'13.14""E",2192.38,18.41796,21.12104,24.369402,67.86195,-75.70633,12.163794,True,1h
2026-05-15 10:33:30,2,"7°09'59.92""S 107°24'13.14""E",2192.38,18.413542,21.117308,24.368315,67.86515,-75.70714,12.163523,True,1h
2026-05-15 10:33:34,2,"7°09'59.92""S 107°24'13.14""E",2192.38,18.409124,21.113575,24.367226,67.86836,-75.70795,12.163252,True,1h
2026-05-15 10:33:38,2,"7°09'59.92""S 107°24'13.14""E",2192.38,18.404709,21.109844,24.366138,67.87156,-75.708755,12.162981,True,1h
2026-05-15 10:33:42,2,"7°09'59.92""S 107°24'13.14""E",2192.38,18.40029,21.10611,24.36505,67.87477,-75.70958,12.162709,True,1h
2026-05-15 10:33:46,2,"7°09'59.92""S 107°24'13.14""E",2192.38,18.395874,21.102379,24.36396,67.877975,-75.71038,12.162438,True,1h
2026-05-15 10:33:50,2,"7°09'59.92""S 107°24'13.14""E",2192.38,18.391457,21.098646,24.362873,67.88119,-75.711205,12.162167,True,1h
2026-05-15 10:33:54,2,"7°09'59.92""S 107°24'13.14""E",2192.38,18.387045,21.094913,24.361784,67.88439,-75.71201,12.161896,True,1h
2026-05-15 10:33:58,2,"7°09'59.92""S 107°24'13.14""E",2192.38,18.38263,21.091183,24.360695,67.8876,-75.71283,12.161624,True,1h
2026-05-15 10:34:02,2,"7°09'59.92""S 107°24'13.14""E",2192.38,18.378216,21.08745,24.359604,67.89082,-75.713646,12.161353,True,1h
2026-05-15 10:34:06,2,"7°09'59.92""S 107°24'13.14""E",2192.38,18.3738,21.083714,24.358515,67.894035,-75.71446,12.161081,True,1h
2026-05-15 10:34:10,2,"7°09'59.92""S 107°24'13.14""E",2192.38,18.369383,21.07998,24.357426,67.89725,-75.71528,12.160809,True,1h
2026-05-15 10:34:14,2,"7°09'59.92""S 107°24'13.14""E",2192.38,18.364973,21.076246,24.356337,67.900475,-75.716095,12.160538,True,1h
2026-05-15 10:34:18,2,"7°09'59.92""S 107°24'13.14""E",2192.38,18.36056,21.072514,24.355244,67.90369,-75.71691,12.160266,True,1h
2026-05-15 10:34:22,2,"7°09'59.92""S 107°24'13.14""E",2192.38,18.356148,21.06878,24.354155,67.906906,-75.717735,12.159995,True,1h
2026-05-15 10:34:26,2,"7°09'59.92""S 107°24'13.14""E",2192.38,18.35173,21.065044,24.353065,67.91013,-75.71855,12.159722,True,1h
2026-05-15 10:34:30,2,"7°09'59.92""S 107°24'13.14""E",2192.38,18.347322,21.061312,24.351973,67.91335,-75.71937,12.1594515,True,1h
2026-05-15 10:34:34,2,"7°09'59.92""S 107°24'13.14""E",2192.38,18.342909,21.057577,24.350882,67.91657,-75.720184,12.15918,True,1h
2026-05-15 10:34:38,2,"7°09'59.92""S 107°24'13.14""E",2192.38,18.338495,21.053844,24.349789,67.9198,-75.72101,12.158906,True,1h
2026-05-15 10:34:42,2,"7°09'59.92""S 107°24'13.14""E",2192.38,18.334082,21.050106,24.348696,67.923035,-75.721825,12.158635,True,1h
2026-05-15 10:34:46,2,"7°09'59.92""S 107°24'13.14""E",2192.38,18.329674,21.046375,24.347607,67.92626,-75.72264,12.158363,True,1h
2026-05-15 10:34:50,2,"7°09'59.92""S 107°24'13.14""E",2192.38,18.325262,21.042639,24.346516,67.9295,-75.723465,12.158091,True,1h
2026-05-15 10:34:54,2,"7°09'59.92""S 107°24'13.14""E",2192.38,18.320852,21.038904,24.345423,67.932724,-75.72428,12.157819,True,1h
2026-05-15 10:34:58,2,"7°09'59.92""S 107°24'13.14""E",2192.38,18.316442,21.03517,24.344332,67.93596,-75.72511,12.157547,True,1h
2026-05-15 10:35:02,2,"7°09'59.92""S 107°24'13.14""E",2192.38,18.312033,21.031435,24.343237,67.939186,-75.72593,12.157274,True,1h
2026-05-15 10:35:06,2,"7°09'59.92""S 107°24'13.14""E",2192.38,18.30762,21.027699,24.342144,67.94243,-75.72676,12.1570015,True,1h
2026-05-15 10:35:10,2,"7°09'59.92""S 107°24'13.14""E",2192.38,18.303213,21.023962,24.341051,67.94566,-75.72757,12.15673,True,1h
2026-05-15 10:35:14,2,"7°09'59.92""S 107°24'13.14""E",2192.38,18.298803,21.020226,24.33996,67.948906,-75.7284,12.156457,True,1h
2026-05-15 10:35:18,2,"7°09'59.92""S 107°24'13.14""E",2192.38,18.294394,21.016489,24.338867,67.95215,-75.729225,12.156184,True,1h
2026-05-15 10:35:22,2,"7°09'59.92""S 107°24'13.14""E",2192.38,18.289988,21.012754,24.337772,67.95539,-75.73004,12.155912,True,1h
2026-05-15 10:35:26,2,"7°09'59.92""S 107°24'13.14""E",2192.38,18.285578,21.009018,24.336678,67.95863,-75.73087,12.15564,True,1h
2026-05-15 10:35:30,2,"7°09'59.92""S 107°24'13.14""E",2192.38,18.281168,21.005278,24.335585,67.961876,-75.7317,12.155367,True,1h
2026-05-15 10:35:34,2,"7°09'59.92""S 107°24'13.14""E",2192.38,18.276758,21.001543,24.33449,67.965126,-75.73252,12.155094,True,1h
2026-05-15 10:35:38,2,"7°09'59.92""S 107°24'13.14""E",2192.38,18.272352,20.997803,24.333395,67.968376,-75.733345,12.154821,True,1h
2026-05-15 10:35:42,2,"7°09'59.92""S 107°24'13.14""E",2192.38,18.267942,20.994066,24.3323,67.97163,-75.73417,12.154549,True,1h
2026-05-15 10:35:46,2,"7°09'59.92""S 107°24'13.14""E",2192.38,18.26354,20.990334,24.331205,67.97488,-75.73499,12.154275,True,1h
2026-05-15 10:35:50,2,"7°09'59.92""S 107°24'13.14""E",2192.38,18.259132,20.986591,24.330109,67.97813,-75.735825,12.154003,True,1h
2026-05-15 10:35:54,2,"7°09'59.92""S 107°24'13.14""E",2192.38,18.254726,20.982855,24.329016,67.98138,-75.73665,12.153729,True,1h
2026-05-15 10:35:58,2,"7°09'59.92""S 107°24'13.14""E",2192.38,18.250319,20.979116,24.327919,67.984634,-75.73747,12.153458,True,1h
2026-05-15 10:36:02,2,"7°09'59.92""S 107°24'13.14""E",2192.38,18.245913,20.975378,24.326824,67.98789,-75.738304,12.153184,True,1h
2026-05-15 10:36:06,2,"7°09'59.92""S 107°24'13.14""E",2192.38,18.241505,20.97164,24.325727,67.99115,-75.739136,12.152911,True,1h
2026-05-15 10:36:10,2,"7°09'59.92""S 107°24'13.14""E",2192.38,18.237103,20.967905,24.324633,67.99441,-75.73996,12.1526375,True,1h
2026-05-15 10:36:14,2,"7°09'59.92""S 107°24'13.14""E",2192.38,18.2327,20.964165,24.323534,67.99767,-75.7408,12.152365,True,1h
2026-05-15 10:36:18,2,"7°09'59.92""S 107°24'13.14""E",2192.38,18.228285,20.960423,24.32244,68.00094,-75.74162,12.152091,True,1h
2026-05-15 10:36:22,2,"7°09'59.92""S 107°24'13.14""E",2192.38,18.223886,20.956684,24.321342,68.0042,-75.742455,12.151817,True,1h
2026-05-15 10:36:26,2,"7°09'59.92""S 107°24'13.14""E",2192.38,18.219486,20.952946,24.320244,68.00746,-75.743286,12.151545,True,1h
2026-05-15 10:36:30,2,"7°09'59.92""S 107°24'13.14""E",2192.38,18.215076,20.949205,24.319149,68.010735,-75.74412,12.151271,True,1h
2026-05-15 10:36:34,2,"7°09'59.92""S 107°24'13.14""E",2192.38,18.210678,20.945469,24.318048,68.014,-75.74494,12.150998,True,1h
2026-05-15 10:36:38,2,"7°09'59.92""S 107°24'13.14""E",2192.38,18.206268,20.941725,24.316952,68.01727,-75.74577,12.150724,True,1h
2026-05-15 10:36:42,2,"7°09'59.92""S 107°24'13.14""E",2192.38,18.201866,20.937984,24.315853,68.020546,-75.746605,12.150451,True,1h
2026-05-15 10:36:46,2,"7°09'59.92""S 107°24'13.14""E",2192.38,18.197462,20.934246,24.314756,68.02382,-75.747444,12.150177,True,1h
2026-05-15 10:36:50,2,"7°09'59.92""S 107°24'13.14""E",2192.38,18.193062,20.930506,24.313656,68.02709,-75.748276,12.149903,True,1h
2026-05-15 10:36:54,2,"7°09'59.92""S 107°24'13.14""E",2192.38,18.18866,20.926764,24.31256,68.03037,-75.7491,12.149631,True,1h
2026-05-15 10:36:58,2,"7°09'59.92""S 107°24'13.14""E",2192.38,18.184256,20.923021,24.31146,68.033646,-75.74994,12.149356,True,1h
2026-05-15 10:37:02,2,"7°09'59.92""S 107°24'13.14""E",2192.38,18.179855,20.919283,24.31036,68.03693,-75.75078,12.149083,True,1h
2026-05-15 10:37:06,2,"7°09'59.92""S 107°24'13.14""E",2192.38,18.17545,20.91554,24.309263,68.04021,-75.7516,12.1488085,True,1h
2026-05-15 10:37:10,2,"7°09'59.92""S 107°24'13.14""E",2192.38,18.17105,20.911798,24.308163,68.04349,-75.75244,12.148534,True,1h
2026-05-15 10:37:14,2,"7°09'59.92""S 107°24'13.14""E",2192.38,18.16665,20.908056,24.307062,68.046776,-75.75328,12.14826,True,1h
2026-05-15 10:37:18,2,"7°09'59.92""S 107°24'13.14""E",2192.38,18.162249,20.904314,24.305962,68.050064,-75.75411,12.147986,True,1h
2026-05-15 10:37:22,2,"7°09'59.92""S 107°24'13.14""E",2192.38,18.157848,20.90057,24.304863,68.05335,-75.75495,12.147713,True,1h
2026-05-15 10:37:26,2,"7°09'59.92""S 107°24'13.14""E",2192.38,18.15345,20.896828,24.303762,68.05664,-75.75578,12.147438,True,1h
2026-05-15 10:37:30,2,"7°09'59.92""S 107°24'13.14""E",2192.38,18.149046,20.893087,24.302662,68.05993,-75.75662,12.147164,True,1h
2026-05-15 10:37:34,2,"7°09'59.92""S 107°24'13.14""E",2192.38,18.14465,20.889345,24.301561,68.06322,-75.75746,12.146891,True,1h
2026-05-15 10:37:38,2,"7°09'59.92""S 107°24'13.14""E",2192.38,18.140251,20.885603,24.300459,68.06651,-75.7583,12.146615,True,1h
2026-05-15 10:37:42,2,"7°09'59.92""S 107°24'13.14""E",2192.38,18.135849,20.881857,24.299358,68.06981,-75.75914,12.14634,True,1h
2026-05-15 10:37:46,2,"7°09'59.92""S 107°24'13.14""E",2192.38,18.13145,20.878115,24.298258,68.073105,-75.75997,12.146068,True,1h
2026-05-15 10:37:50,2,"7°09'59.92""S 107°24'13.14""E",2192.38,18.127052,20.87437,24.297155,68.0764,-75.76082,12.145793,True,1h
2026-05-15 10:37:54,2,"7°09'59.92""S 107°24'13.14""E",2192.38,18.122654,20.870625,24.296055,68.079704,-75.76166,12.145519,True,1h
2026-05-15 10:37:58,2,"7°09'59.92""S 107°24'13.14""E",2192.38,18.118258,20.866884,24.294952,68.083,-75.76249,12.145244,True,1h
2026-05-15 10:38:02,2,"7°09'59.92""S 107°24'13.14""E",2192.38,18.113861,20.86314,24.293848,68.0863,-75.763336,12.144968,True,1h
2026-05-15 10:38:06,2,"7°09'59.92""S 107°24'13.14""E",2192.38,18.10946,20.859394,24.292746,68.08961,-75.764175,12.144694,True,1h
2026-05-15 10:38:10,2,"7°09'59.92""S 107°24'13.14""E",2192.38,18.105062,20.855648,24.291643,68.09291,-75.76502,12.14442,True,1h
2026-05-15 10:38:14,2,"7°09'59.92""S 107°24'13.14""E",2192.38,18.100664,20.851902,24.290543,68.09622,-75.76586,12.144145,True,1h
2026-05-15 10:38:18,2,"7°09'59.92""S 107°24'13.14""E",2192.38,18.096268,20.848158,24.289436,68.099525,-75.76669,12.143871,True,1h
2026-05-15 10:38:22,2,"7°09'59.92""S 107°24'13.14""E",2192.38,18.091867,20.84441,24.288338,68.10284,-75.76754,12.143595,True,1h
2026-05-15 10:38:26,2,"7°09'59.92""S 107°24'13.14""E",2192.38,18.087471,20.840664,24.287231,68.106155,-75.76839,12.143321,True,1h
2026-05-15 10:38:30,2,"7°09'59.92""S 107°24'13.14""E",2192.38,18.083076,20.836922,24.286129,68.10946,-75.76923,12.143045,True,1h
2026-05-15 10:38:34,2,"7°09'59.92""S 107°24'13.14""E",2192.38,18.07868,20.833174,24.285023,68.11278,-75.77007,12.14277,True,1h
2026-05-15 10:38:38,2,"7°09'59.92""S 107°24'13.14""E",2192.38,18.074284,20.829428,24.28392,68.11609,-75.77091,12.142495,True,1h
2026-05-15 10:38:42,2,"7°09'59.92""S 107°24'13.14""E",2192.38,18.069891,20.82568,24.282814,68.11941,-75.77177,12.14222,True,1h
2026-05-15 10:38:46,2,"7°09'59.92""S 107°24'13.14""E",2192.38,18.065495,20.821936,24.281712,68.12273,-75.7726,12.141945,True,1h
2026-05-15 10:38:50,2,"7°09'59.92""S 107°24'13.14""E",2192.38,18.061096,20.818188,24.280605,68.12605,-75.77345,12.141669,True,1h
2026-05-15 10:38:54,2,"7°09'59.92""S 107°24'13.14""E",2192.38,18.056705,20.81444,24.2795,68.12937,-75.77429,12.141395,True,1h
2026-05-15 10:38:58,2,"7°09'59.92""S 107°24'13.14""E",2192.38,18.05231,20.81069,24.278395,68.1327,-75.77514,12.141119,True,1h
2026-05-15 10:39:02,2,"7°09'59.92""S 107°24'13.14""E",2192.38,18.047913,20.806944,24.277288,68.136024,-75.775986,12.140843,True,1h
2026-05-15 10:39:06,2,"7°09'59.92""S 107°24'13.14""E",2192.38,18.04352,20.803194,24.276182,68.13935,-75.77683,12.140568,True,1h
2026-05-15 10:39:10,2,"7°09'59.92""S 107°24'13.14""E",2192.38,18.03913,20.799446,24.275078,68.14268,-75.77768,12.140292,True,1h
2026-05-15 10:39:14,2,"7°09'59.92""S 107°24'13.14""E",2192.38,18.03473,20.795698,24.273972,68.146,-75.77853,12.1400175,True,1h
2026-05-15 10:39:18,2,"7°09'59.92""S 107°24'13.14""E",2192.38,18.030338,20.791952,24.272865,68.14934,-75.77938,12.139741,True,1h
2026-05-15 10:39:22,2,"7°09'59.92""S 107°24'13.14""E",2192.38,18.025948,20.7882,24.271757,68.15267,-75.78023,12.139466,True,1h
2026-05-15 10:39:26,2,"7°09'59.92""S 107°24'13.14""E",2192.38,18.021555,20.78445,24.270649,68.156006,-75.78108,12.13919,True,1h
2026-05-15 10:39:30,2,"7°09'59.92""S 107°24'13.14""E",2192.38,18.01716,20.7807,24.269543,68.15934,-75.78193,12.138914,True,1h
2026-05-15 10:39:34,2,"7°09'59.92""S 107°24'13.14""E",2192.38,18.012768,20.77695,24.268435,68.162674,-75.782776,12.1386385,True,1h
2026-05-15 10:39:38,2,"7°09'59.92""S 107°24'13.14""E",2192.38,18.008375,20.773205,24.26733,68.166016,-75.78362,12.138362,True,1h
2026-05-15 10:39:42,2,"7°09'59.92""S 107°24'13.14""E",2192.38,18.003984,20.769453,24.26622,68.16936,-75.78448,12.138086,True,1h
2026-05-15 10:39:46,2,"7°09'59.92""S 107°24'13.14""E",2192.38,17.999594,20.765701,24.265112,68.1727,-75.78533,12.137812,True,1h
2026-05-15 10:39:50,2,"7°09'59.92""S 107°24'13.14""E",2192.38,17.995201,20.761951,24.264004,68.17604,-75.78618,12.137535,True,1h
2026-05-15 10:39:54,2,"7°09'59.92""S 107°24'13.14""E",2192.38,17.990812,20.7582,24.262894,68.17938,-75.78703,12.137258,True,1h
2026-05-15 10:39:58,2,"7°09'59.92""S 107°24'13.14""E",2192.38,17.98642,20.754448,24.261787,68.18273,-75.78788,12.136983,True,1h
2026-05-15 10:40:02,2,"7°09'59.92""S 107°24'13.14""E",2192.38,17.982025,20.750696,24.260677,68.18608,-75.788734,12.136706,True,1h
2026-05-15 10:40:06,2,"7°09'59.92""S 107°24'13.14""E",2192.38,17.977638,20.746946,24.259567,68.18943,-75.78959,12.13643,True,1h
2026-05-15 10:40:10,2,"7°09'59.92""S 107°24'13.14""E",2192.38,17.973246,20.74319,24.25846,68.19279,-75.790436,12.136153,True,1h
2026-05-15 10:40:14,2,"7°09'59.92""S 107°24'13.14""E",2192.38,17.968855,20.739437,24.25735,68.19614,-75.7913,12.135877,True,1h
2026-05-15 10:40:18,2,"7°09'59.92""S 107°24'13.14""E",2192.38,17.964466,20.735685,24.25624,68.199486,-75.79215,12.135601,True,1h
2026-05-15 10:40:22,2,"7°09'59.92""S 107°24'13.14""E",2192.38,17.960075,20.731934,24.255129,68.20285,-75.79301,12.1353245,True,1h
2026-05-15 10:40:26,2,"7°09'59.92""S 107°24'13.14""E",2192.38,17.955687,20.728182,24.254019,68.20621,-75.79386,12.135048,True,1h
2026-05-15 10:40:30,2,"7°09'59.92""S 107°24'13.14""E",2192.38,17.951296,20.724426,24.252907,68.20957,-75.794716,12.13477,True,1h
2026-05-15 10:40:34,2,"7°09'59.92""S 107°24'13.14""E",2192.38,17.946907,20.720673,24.251799,68.21293,-75.79558,12.134494,True,1h
2026-05-15 10:40:38,2,"7°09'59.92""S 107°24'13.14""E",2192.38,17.942518,20.716919,24.250689,68.21629,-75.796425,12.134218,True,1h
2026-05-15 10:40:42,2,"7°09'59.92""S 107°24'13.14""E",2192.38,17.938131,20.713165,24.249575,68.21966,-75.79729,12.133942,True,1h
2026-05-15 10:40:46,2,"7°09'59.92""S 107°24'13.14""E",2192.38,17.933739,20.70941,24.248463,68.22302,-75.798134,12.133665,True,1h
2026-05-15 10:40:50,2,"7°09'59.92""S 107°24'13.14""E",2192.38,17.92935,20.705654,24.247353,68.22639,-75.799,12.133388,True,1h
2026-05-15 10:40:54,2,"7°09'59.92""S 107°24'13.14""E",2192.38,17.924965,20.7019,24.24624,68.22976,-75.79986,12.133111,True,1h
2026-05-15 10:40:58,2,"7°09'59.92""S 107°24'13.14""E",2192.38,17.920574,20.698143,24.245127,68.23313,-75.80072,12.1328335,True,1h
2026-05-15 10:41:02,2,"7°09'59.92""S 107°24'13.14""E",2192.38,17.91619,20.694387,24.244017,68.236496,-75.80158,12.132557,True,1h
2026-05-15 10:41:06,2,"7°09'59.92""S 107°24'13.14""E",2192.38,17.9118,20.690634,24.242905,68.239876,-75.80244,12.13228,True,1h
2026-05-15 10:41:10,2,"7°09'59.92""S 107°24'13.14""E",2192.38,17.907415,20.686878,24.24179,68.24325,-75.80329,12.132003,True,1h
2026-05-15 10:41:14,2,"7°09'59.92""S 107°24'13.14""E",2192.38,17.903027,20.683123,24.240677,68.24662,-75.80415,12.131725,True,1h
2026-05-15 10:41:18,2,"7°09'59.92""S 107°24'13.14""E",2192.38,17.898642,20.679363,24.239563,68.25,-75.805016,12.131448,True,1h
2026-05-15 10:41:22,2,"7°09'59.92""S 107°24'13.14""E",2192.38,17.894255,20.675608,24.238453,68.25338,-75.80588,12.131171,True,1h
2026-05-15 10:41:26,2,"7°09'59.92""S 107°24'13.14""E",2192.38,17.889868,20.67185,24.237339,68.25677,-75.80674,12.130893,True,1h
2026-05-15 10:41:30,2,"7°09'59.92""S 107°24'13.14""E",2192.38,17.88548,20.668093,24.236225,68.26015,-75.8076,12.130616,True,1h
2026-05-15 10:41:34,2,"7°09'59.92""S 107°24'13.14""E",2192.38,17.881094,20.664331,24.23511,68.26353,-75.808464,12.130339,True,1h
2026-05-15 10:41:38,2,"7°09'59.92""S 107°24'13.14""E",2192.38,17.876709,20.660576,24.233995,68.26692,-75.809326,12.13006,True,1h
2026-05-15 10:41:42,2,"7°09'59.92""S 107°24'13.14""E",2192.38,17.872322,20.656816,24.232882,68.27031,-75.81019,12.129784,True,1h
2026-05-15 10:41:46,2,"7°09'59.92""S 107°24'13.14""E",2192.38,17.867935,20.653057,24.231764,68.27369,-75.81105,12.129505,True,1h
2026-05-15 10:41:50,2,"7°09'59.92""S 107°24'13.14""E",2192.38,17.863552,20.649302,24.23065,68.277084,-75.81191,12.129229,True,1h
2026-05-15 10:41:54,2,"7°09'59.92""S 107°24'13.14""E",2192.38,17.859169,20.64554,24.229534,68.28048,-75.81278,12.12895,True,1h
2026-05-15 10:41:58,2,"7°09'59.92""S 107°24'13.14""E",2192.38,17.854784,20.641783,24.22842,68.283875,-75.813644,12.128673,True,1h
2026-05-15 10:42:02,2,"7°09'59.92""S 107°24'13.14""E",2192.38,17.850397,20.638023,24.227304,68.28727,-75.81452,12.128395,True,1h
2026-05-15 10:42:06,2,"7°09'59.92""S 107°24'13.14""E",2192.38,17.846016,20.634262,24.226187,68.290665,-75.815384,12.128117,True,1h
2026-05-15 10:42:10,2,"7°09'59.92""S 107°24'13.14""E",2192.38,17.84163,20.6305,24.22507,68.29406,-75.81624,12.127838,True,1h
2026-05-15 10:42:14,2,"7°09'59.92""S 107°24'13.14""E",2192.38,17.837244,20.62674,24.223955,68.29747,-75.817116,12.127561,True,1h
2026-05-15 10:42:18,2,"7°09'59.92""S 107°24'13.14""E",2192.38,17.832865,20.62298,24.222837,68.30087,-75.81798,12.127282,True,1h
2026-05-15 10:42:22,2,"7°09'59.92""S 107°24'13.14""E",2192.38,17.828476,20.619215,24.221722,68.304276,-75.81885,12.127005,True,1h
2026-05-15 10:42:26,2,"7°09'59.92""S 107°24'13.14""E",2192.38,17.824095,20.615458,24.220606,68.30768,-75.81971,12.126725,True,1h
2026-05-15 10:42:30,2,"7°09'59.92""S 107°24'13.14""E",2192.38,17.820293,20.611704,24.219398,68.31156,-75.82009,12.126444,True,1h
2026-05-15 10:42:34,2,"7°09'59.92""S 107°24'13.14""E",2192.38,17.817232,20.607965,24.218088,68.31605,-75.819824,12.126159,True,1h
2026-05-15 10:42:38,2,"7°09'59.92""S 107°24'13.14""E",2192.38,17.814173,20.604237,24.216784,68.32052,-75.81956,12.125874,True,1h
2026-05-15 10:42:42,2,"7°09'59.92""S 107°24'13.14""E",2192.38,17.811132,20.600517,24.215477,68.32499,-75.81929,12.12559,True,1h
2026-05-15 10:42:46,2,"7°09'59.92""S 107°24'13.14""E",2192.38,17.808102,20.596813,24.214174,68.329445,-75.81902,12.125307,True,1h
2026-05-15 10:42:50,2,"7°09'59.92""S 107°24'13.14""E",2192.38,17.805084,20.593115,24.212875,68.33389,-75.81875,12.125025,True,1h
2026-05-15 10:42:54,2,"7°09'59.92""S 107°24'13.14""E",2192.38,17.802078,20.58943,24.211582,68.33834,-75.81847,12.124744,True,1h
2026-05-15 10:42:58,2,"7°09'59.92""S 107°24'13.14""E",2192.38,17.799068,20.58575,24.210289,68.34278,-75.81819,12.124464,True,1h
2026-05-15 10:43:02,2,"7°09'59.92""S 107°24'13.14""E",2192.38,17.796072,20.582073,24.208998,68.347206,-75.81791,12.124186,True,1h
2026-05-15 10:43:06,2,"7°09'59.92""S 107°24'13.14""E",2192.38,17.79308,20.578407,24.20771,68.35163,-75.817635,12.123905,True,1h
2026-05-15 10:43:10,2,"7°09'59.92""S 107°24'13.14""E",2192.38,17.790087,20.57474,24.20642,68.35606,-75.81735,12.123627,True,1h
2026-05-15 10:43:14,2,"7°09'59.92""S 107°24'13.14""E",2192.38,17.787104,20.57108,24.205133,68.36048,-75.81708,12.123347,True,1h
2026-05-15 10:43:18,2,"7°09'59.92""S 107°24'13.14""E",2192.38,17.784117,20.567421,24.203848,68.3649,-75.816795,12.12307,True,1h
2026-05-15 10:43:22,2,"7°09'59.92""S 107°24'13.14""E",2192.38,17.781143,20.563763,24.202562,68.369316,-75.81652,12.122791,True,1h
2026-05-15 10:43:26,2,"7°09'59.92""S 107°24'13.14""E",2192.38,17.778162,20.560108,24.201277,68.373726,-75.81624,12.122512,True,1h
2026-05-15 10:43:30,2,"7°09'59.92""S 107°24'13.14""E",2192.38,17.775187,20.556456,24.199993,68.37815,-75.815956,12.122234,True,1h
2026-05-15 10:43:34,2,"7°09'59.92""S 107°24'13.14""E",2192.38,17.772211,20.552803,24.198708,68.38256,-75.81569,12.121956,True,1h
2026-05-15 10:43:38,2,"7°09'59.92""S 107°24'13.14""E",2192.38,17.76924,20.54915,24.197424,68.38697,-75.81541,12.121678,True,1h
2026-05-15 10:43:42,2,"7°09'59.92""S 107°24'13.14""E",2192.38,17.766268,20.545502,24.19614,68.39139,-75.81513,12.121399,True,1h
2026-05-15 10:43:46,2,"7°09'59.92""S 107°24'13.14""E",2192.38,17.763304,20.541853,24.194857,68.395805,-75.81485,12.121121,True,1h
2026-05-15 10:43:50,2,"7°09'59.92""S 107°24'13.14""E",2192.38,17.760336,20.538206,24.193571,68.40022,-75.81457,12.120844,True,1h
2026-05-15 10:43:54,2,"7°09'59.92""S 107°24'13.14""E",2192.38,17.757372,20.534557,24.192291,68.40464,-75.81429,12.120565,True,1h
2026-05-15 10:43:58,2,"7°09'59.92""S 107°24'13.14""E",2192.38,17.754408,20.53091,24.191006,68.40906,-75.81401,12.120286,True,1h
2026-05-15 10:44:02,2,"7°09'59.92""S 107°24'13.14""E",2192.38,17.75145,20.527264,24.189722,68.413475,-75.81373,12.120009,True,1h
2026-05-15 10:44:06,2,"7°09'59.92""S 107°24'13.14""E",2192.38,17.748484,20.523617,24.188435,68.4179,-75.81345,12.11973,True,1h
2026-05-15 10:44:10,2,"7°09'59.92""S 107°24'13.14""E",2192.38,17.745523,20.519966,24.187151,68.42232,-75.81318,12.1194515,True,1h
2026-05-15 10:44:14,2,"7°09'59.92""S 107°24'13.14""E",2192.38,17.742565,20.516321,24.185867,68.42675,-75.8129,12.119174,True,1h
2026-05-15 10:44:18,2,"7°09'59.92""S 107°24'13.14""E",2192.38,17.739607,20.512672,24.184584,68.431175,-75.812614,12.118896,True,1h
2026-05-15 10:44:22,2,"7°09'59.92""S 107°24'13.14""E",2192.38,17.736652,20.509026,24.1833,68.43561,-75.81233,12.118617,True,1h
2026-05-15 10:44:26,2,"7°09'59.92""S 107°24'13.14""E",2192.38,17.733698,20.50538,24.182013,68.44004,-75.81205,12.118339,True,1h
2026-05-15 10:44:30,2,"7°09'59.92""S 107°24'13.14""E",2192.38,17.730745,20.501734,24.180729,68.444466,-75.811775,12.118059,True,1h
2026-05-15 10:44:34,2,"7°09'59.92""S 107°24'13.14""E",2192.38,17.727793,20.498083,24.179441,68.4489,-75.811485,12.117782,True,1h
2026-05-15 10:44:38,2,"7°09'59.92""S 107°24'13.14""E",2192.38,17.72484,20.494434,24.178154,68.45334,-75.81121,12.117502,True,1h
2026-05-15 10:44:42,2,"7°09'59.92""S 107°24'13.14""E",2192.38,17.721891,20.49079,24.176868,68.45778,-75.81093,12.117224,True,1h
2026-05-15 10:44:46,2,"7°09'59.92""S 107°24'13.14""E",2192.38,17.718945,20.48714,24.175581,68.46223,-75.81063,12.116945,True,1h
2026-05-15 10:44:50,2,"7°09'59.92""S 107°24'13.14""E",2192.38,17.715992,20.483494,24.174294,68.46667,-75.810356,12.116668,True,1h
2026-05-15 10:44:54,2,"7°09'59.92""S 107°24'13.14""E",2192.38,17.713049,20.479845,24.173004,68.471115,-75.810074,12.116387,True,1h
2026-05-15 10:44:58,2,"7°09'59.92""S 107°24'13.14""E",2192.38,17.710102,20.476196,24.171719,68.475555,-75.80979,12.11611,True,1h
2026-05-15 10:45:02,2,"7°09'59.92""S 107°24'13.14""E",2192.38,17.707157,20.472546,24.17043,68.48001,-75.80951,12.115829,True,1h
2026-05-15 10:45:06,2,"7°09'59.92""S 107°24'13.14""E",2192.38,17.704216,20.468899,24.16914,68.48447,-75.80923,12.115552,True,1h
2026-05-15 10:45:10,2,"7°09'59.92""S 107°24'13.14""E",2192.38,17.701273,20.465248,24.16785,68.488914,-75.80893,12.115272,True,1h
2026-05-15 10:45:14,2,"7°09'59.92""S 107°24'13.14""E",2192.38,17.69833,20.461597,24.166563,68.49338,-75.80865,12.114992,True,1h
2026-05-15 10:45:18,2,"7°09'59.92""S 107°24'13.14""E",2192.38,17.695396,20.45795,24.16527,68.49783,-75.80837,12.114713,True,1h
2026-05-15 10:45:22,2,"7°09'59.92""S 107°24'13.14""E",2192.38,17.692455,20.454298,24.16398,68.502304,-75.808075,12.114434,True,1h
2026-05-15 10:45:26,2,"7°09'59.92""S 107°24'13.14""E",2192.38,17.689518,20.450647,24.16269,68.50677,-75.8078,12.114155,True,1h
2026-05-15 10:45:30,2,"7°09'59.92""S 107°24'13.14""E",2192.38,17.68658,20.446999,24.161402,68.51123,-75.80751,12.113875,True,1h
2026-05-15 10:45:34,2,"7°09'59.92""S 107°24'13.14""E",2192.38,17.683647,20.443346,24.16011,68.5157,-75.80721,12.113597,True,1h
2026-05-15 10:45:38,2,"7°09'59.92""S 107°24'13.14""E",2192.38,17.68071,20.439693,24.158817,68.52017,-75.80694,12.113317,True,1h
2026-05-15 10:45:42,2,"7°09'59.92""S 107°24'13.14""E",2192.38,17.67778,20.436045,24.157526,68.52464,-75.80665,12.113036,True,1h
2026-05-15 10:45:46,2,"7°09'59.92""S 107°24'13.14""E",2192.38,17.674847,20.43239,24.156233,68.52912,-75.80636,12.112758,True,1h
2026-05-15 10:45:50,2,"7°09'59.92""S 107°24'13.14""E",2192.38,17.671915,20.428738,24.154942,68.5336,-75.80606,12.112478,True,1h
2026-05-15 10:45:54,2,"7°09'59.92""S 107°24'13.14""E",2192.38,17.668985,20.425085,24.153646,68.53808,-75.80578,12.112199,True,1h
2026-05-15 10:45:58,2,"7°09'59.92""S 107°24'13.14""E",2192.38,17.666054,20.421429,24.152355,68.542564,-75.80549,12.1119175,True,1h
2026-05-15 10:46:02,2,"7°09'59.92""S 107°24'13.14""E",2192.38,17.66313,20.41778,24.151062,68.54705,-75.80519,12.111638,True,1h
2026-05-15 10:46:06,2,"7°09'59.92""S 107°24'13.14""E",2192.38,17.660202,20.414122,24.149765,68.55154,-75.80491,12.111359,True,1h
2026-05-15 10:46:10,2,"7°09'59.92""S 107°24'13.14""E",2192.38,17.657278,20.410471,24.148472,68.55602,-75.80462,12.111079,True,1h
2026-05-15 10:46:14,2,"7°09'59.92""S 107°24'13.14""E",2192.38,17.65435,20.406816,24.147177,68.56052,-75.80433,12.110799,True,1h
2026-05-15 10:46:18,2,"7°09'59.92""S 107°24'13.14""E",2192.38,17.651432,20.40316,24.145882,68.56502,-75.80403,12.110518,True,1h
2026-05-15 10:46:22,2,"7°09'59.92""S 107°24'13.14""E",2192.38,17.648508,20.399508,24.144588,68.56951,-75.80375,12.110237,True,1h
2026-05-15 10:46:26,2,"7°09'59.92""S 107°24'13.14""E",2192.38,17.645586,20.395851,24.14329,68.57401,-75.80345,12.109957,True,1h
2026-05-15 10:46:30,2,"7°09'59.92""S 107°24'13.14""E",2192.38,17.642666,20.392195,24.141994,68.578514,-75.803154,12.109678,True,1h
2026-05-15 10:46:34,2,"7°09'59.92""S 107°24'13.14""E",2192.38,17.639748,20.38854,24.140697,68.583015,-75.802864,12.109398,True,1h
2026-05-15 10:46:38,2,"7°09'59.92""S 107°24'13.14""E",2192.38,17.636827,20.38488,24.1394,68.587524,-75.802574,12.109117,True,1h
2026-05-15 10:46:42,2,"7°09'59.92""S 107°24'13.14""E",2192.38,17.633913,20.381226,24.138102,68.59204,-75.80228,12.108836,True,1h
2026-05-15 10:46:46,2,"7°09'59.92""S 107°24'13.14""E",2192.38,17.630999,20.377571,24.136805,68.59655,-75.801994,12.108556,True,1h
2026-05-15 10:46:50,2,"7°09'59.92""S 107°24'13.14""E",2192.38,17.628082,20.373915,24.135508,68.60106,-75.80169,12.108275,True,1h
2026-05-15 10:46:54,2,"7°09'59.92""S 107°24'13.14""E",2192.38,17.62517,20.370256,24.134207,68.605576,-75.8014,12.107995,True,1h
2026-05-15 10:46:58,2,"7°09'59.92""S 107°24'13.14""E",2192.38,17.622255,20.366598,24.13291,68.6101,-75.8011,12.107714,True,1h
2026-05-15 10:47:02,2,"7°09'59.92""S 107°24'13.14""E",2192.38,17.619347,20.36294,24.131609,68.614624,-75.800804,12.107434,True,1h
2026-05-15 10:47:06,2,"7°09'59.92""S 107°24'13.14""E",2192.38,17.616436,20.359282,24.130312,68.61914,-75.80051,12.107152,True,1h
2026-05-15 10:47:10,2,"7°09'59.92""S 107°24'13.14""E",2192.38,17.613525,20.355621,24.129011,68.62367,-75.80021,12.106872,True,1h
2026-05-15 10:47:14,2,"7°09'59.92""S 107°24'13.14""E",2192.38,17.610619,20.351963,24.12771,68.628204,-75.79992,12.10659,True,1h
2026-05-15 10:47:18,2,"7°09'59.92""S 107°24'13.14""E",2192.38,17.607712,20.348303,24.126408,68.63273,-75.799614,12.106309,True,1h
2026-05-15 10:47:22,2,"7°09'59.92""S 107°24'13.14""E",2192.38,17.604807,20.344643,24.125107,68.63726,-75.79932,12.106029,True,1h
2026-05-15 10:47:26,2,"7°09'59.92""S 107°24'13.14""E",2192.38,17.601902,20.340982,24.123808,68.6418,-75.79902,12.105747,True,1h
2026-05-15 10:47:30,2,"7°09'59.92""S 107°24'13.14""E",2192.38,17.598997,20.337322,24.122503,68.64633,-75.79873,12.105466,True,1h
2026-05-15 10:47:34,2,"7°09'59.92""S 107°24'13.14""E",2192.38,17.596092,20.33366,24.1212,68.65088,-75.79842,12.105185,True,1h
2026-05-15 10:47:38,2,"7°09'59.92""S 107°24'13.14""E",2192.38,17.593193,20.33,24.119902,68.655426,-75.79813,12.104903,True,1h
2026-05-15 10:47:42,2,"7°09'59.92""S 107°24'13.14""E",2192.38,17.590294,20.326338,24.118597,68.659966,-75.79783,12.104622,True,1h
2026-05-15 10:47:46,2,"7°09'59.92""S 107°24'13.14""E",2192.38,17.587393,20.322676,24.117292,68.66451,-75.79752,12.104341,True,1h
2026-05-15 10:47:50,2,"7°09'59.92""S 107°24'13.14""E",2192.38,17.584494,20.319014,24.11599,68.66907,-75.79722,12.104059,True,1h
2026-05-15 10:47:54,2,"7°09'59.92""S 107°24'13.14""E",2192.38,17.581596,20.315351,24.114687,68.67362,-75.79693,12.103777,True,1h
2026-05-15 10:47:58,2,"7°09'59.92""S 107°24'13.14""E",2192.38,17.578705,20.31169,24.11338,68.67818,-75.79662,12.103496,True,1h
2026-05-15 10:48:02,2,"7°09'59.92""S 107°24'13.14""E",2192.38,17.57581,20.308023,24.112074,68.68273,-75.79632,12.103213,True,1h
2026-05-15 10:48:06,2,"7°09'59.92""S 107°24'13.14""E",2192.38,17.57291,20.304361,24.110771,68.68729,-75.79602,12.102931,True,1h
2026-05-15 10:48:10,2,"7°09'59.92""S 107°24'13.14""E",2192.38,17.570023,20.300694,24.109467,68.69186,-75.795715,12.102651,True,1h
2026-05-15 10:48:14,2,"7°09'59.92""S 107°24'13.14""E",2192.38,17.567131,20.297031,24.108158,68.69643,-75.79542,12.102368,True,1h
2026-05-15 10:48:18,2,"7°09'59.92""S 107°24'13.14""E",2192.38,17.56424,20.29337,24.106852,68.70099,-75.79511,12.102086,True,1h
2026-05-15 10:48:22,2,"7°09'59.92""S 107°24'13.14""E",2192.38,17.561352,20.289701,24.105547,68.70556,-75.79481,12.101805,True,1h
2026-05-15 10:48:26,2,"7°09'59.92""S 107°24'13.14""E",2192.38,17.558462,20.286036,24.104239,68.71013,-75.79451,12.1015215,True,1h
2026-05-15 10:48:30,2,"7°09'59.92""S 107°24'13.14""E",2192.38,17.555576,20.28237,24.10293,68.7147,-75.794205,12.101239,True,1h
2026-05-15 10:48:34,2,"7°09'59.92""S 107°24'13.14""E",2192.38,17.55269,20.278704,24.101624,68.719284,-75.79389,12.100958,True,1h
2026-05-15 10:48:38,2,"7°09'59.92""S 107°24'13.14""E",2192.38,17.549805,20.275038,24.100315,68.72386,-75.79359,12.100675,True,1h
2026-05-15 10:48:42,2,"7°09'59.92""S 107°24'13.14""E",2192.38,17.546919,20.271372,24.099007,68.72844,-75.79329,12.100392,True,1h
2026-05-15 10:48:46,2,"7°09'59.92""S 107°24'13.14""E",2192.38,17.544039,20.267702,24.097698,68.73303,-75.79298,12.100111,True,1h
2026-05-15 10:48:50,2,"7°09'59.92""S 107°24'13.14""E",2192.38,17.54116,20.264038,24.096388,68.73762,-75.79267,12.099829,True,1h
2026-05-15 10:48:54,2,"7°09'59.92""S 107°24'13.14""E",2192.38,17.538277,20.260366,24.09508,68.74221,-75.79236,12.0995455,True,1h
2026-05-15 10:48:58,2,"7°09'59.92""S 107°24'13.14""E",2192.38,17.535397,20.2567,24.093767,68.7468,-75.792046,12.099262,True,1h
2026-05-15 10:49:02,2,"7°09'59.92""S 107°24'13.14""E",2192.38,17.532518,20.253033,24.092459,68.751396,-75.79174,12.09898,True,1h
2026-05-15 10:49:06,2,"7°09'59.92""S 107°24'13.14""E",2192.38,17.52964,20.249361,24.091146,68.75599,-75.79144,12.098697,True,1h
2026-05-15 10:49:10,2,"7°09'59.92""S 107°24'13.14""E",2192.38,17.526766,20.245693,24.089834,68.76059,-75.79113,12.098413,True,1h
2026-05-15 10:49:14,2,"7°09'59.92""S 107°24'13.14""E",2192.38,17.523891,20.242023,24.088524,68.76519,-75.790825,12.098132,True,1h
2026-05-15 10:49:18,2,"7°09'59.92""S 107°24'13.14""E",2192.38,17.521015,20.238354,24.087212,68.7698,-75.79051,12.097848,True,1h
2026-05-15 10:49:22,2,"7°09'59.92""S 107°24'13.14""E",2192.38,17.518145,20.234682,24.0859,68.7744,-75.79019,12.097566,True,1h
2026-05-15 10:49:26,2,"7°09'59.92""S 107°24'13.14""E",2192.38,17.51527,20.23101,24.084585,68.779015,-75.789894,12.097282,True,1h
2026-05-15 10:49:30,2,"7°09'59.92""S 107°24'13.14""E",2192.38,17.512402,20.22734,24.083273,68.78362,-75.78957,12.096999,True,1h
2026-05-15 10:49:34,2,"7°09'59.92""S 107°24'13.14""E",2192.38,17.509533,20.223667,24.081959,68.78824,-75.78927,12.096716,True,1h
2026-05-15 10:49:38,2,"7°09'59.92""S 107°24'13.14""E",2192.38,17.506662,20.219995,24.080647,68.792854,-75.78896,12.096433,True,1h
2026-05-15 10:49:42,2,"7°09'59.92""S 107°24'13.14""E",2192.38,17.503794,20.216322,24.079332,68.79748,-75.78865,12.0961485,True,1h
2026-05-15 10:49:46,2,"7°09'59.92""S 107°24'13.14""E",2192.38,17.500925,20.21265,24.078016,68.80209,-75.78834,12.095866,True,1h
2026-05-15 10:49:50,2,"7°09'59.92""S 107°24'13.14""E",2192.38,17.49806,20.208975,24.076702,68.80672,-75.788025,12.095582,True,1h
2026-05-15 10:49:54,2,"7°09'59.92""S 107°24'13.14""E",2192.38,17.4952,20.205303,24.075386,68.81135,-75.78771,12.095299,True,1h
2026-05-15 10:49:58,2,"7°09'59.92""S 107°24'13.14""E",2192.38,17.492332,20.201628,24.074072,68.81598,-75.7874,12.095016,True,1h
2026-05-15 10:50:02,2,"7°09'59.92""S 107°24'13.14""E",2192.38,17.489471,20.197956,24.072752,68.82061,-75.78708,12.094731,True,1h
2026-05-15 10:50:06,2,"7°09'59.92""S 107°24'13.14""E",2192.38,17.486614,20.194279,24.071436,68.82524,-75.78677,12.094447,True,1h
2026-05-15 10:50:10,2,"7°09'59.92""S 107°24'13.14""E",2192.38,17.483751,20.190605,24.07012,68.82988,-75.78646,12.094164,True,1h
2026-05-15 10:50:14,2,"7°09'59.92""S 107°24'13.14""E",2192.38,17.480892,20.186928,24.068802,68.83452,-75.78615,12.09388,True,1h
2026-05-15 10:50:18,2,"7°09'59.92""S 107°24'13.14""E",2192.38,17.478037,20.183252,24.067484,68.83916,-75.78582,12.0935955,True,1h
2026-05-15 10:50:22,2,"7°09'59.92""S 107°24'13.14""E",2192.38,17.475178,20.179577,24.066168,68.8438,-75.785515,12.093311,True,1h
2026-05-15 10:50:26,2,"7°09'59.92""S 107°24'13.14""E",2192.38,17.472322,20.1759,24.064848,68.84845,-75.785194,12.093028,True,1h
2026-05-15 10:50:30,2,"7°09'59.92""S 107°24'13.14""E",2192.38,17.46947,20.172222,24.063528,68.8531,-75.784874,12.092744,True,1h
2026-05-15 10:50:34,2,"7°09'59.92""S 107°24'13.14""E",2192.38,17.46662,20.168549,24.06221,68.85775,-75.78455,12.09246,True,1h
2026-05-15 10:50:38,2,"7°09'59.92""S 107°24'13.14""E",2192.38,17.463764,20.16487,24.06089,68.862404,-75.78423,12.0921755,True,1h
2026-05-15 10:50:42,2,"7°09'59.92""S 107°24'13.14""E",2192.38,17.460913,20.16119,24.059568,68.867065,-75.78393,12.091891,True,1h
2026-05-15 10:50:46,2,"7°09'59.92""S 107°24'13.14""E",2192.38,17.458061,20.15751,24.058249,68.87173,-75.7836,12.091606,True,1h
2026-05-15 10:50:50,2,"7°09'59.92""S 107°24'13.14""E",2192.38,17.455214,20.153831,24.056927,68.87639,-75.78329,12.091322,True,1h
2026-05-15 10:50:54,2,"7°09'59.92""S 107°24'13.14""E",2192.38,17.452366,20.150152,24.055607,68.88106,-75.78297,12.091037,True,1h
2026-05-15 10:50:58,2,"7°09'59.92""S 107°24'13.14""E",2192.38,17.449518,20.146471,24.054285,68.88572,-75.782646,12.090754,True,1h
2026-05-15 10:51:02,2,"7°09'59.92""S 107°24'13.14""E",2192.38,17.446676,20.142794,24.052963,68.89039,-75.782326,12.090468,True,1h
2026-05-15 10:51:06,2,"7°09'59.92""S 107°24'13.14""E",2192.38,17.443829,20.13911,24.05164,68.89506,-75.782005,12.090183,True,1h
2026-05-15 10:51:10,2,"7°09'59.92""S 107°24'13.14""E",2192.38,17.440985,20.135431,24.050318,68.899734,-75.78169,12.089898,True,1h
2026-05-15 10:51:14,2,"7°09'59.92""S 107°24'13.14""E",2192.38,17.43814,20.13175,24.048996,68.90441,-75.781364,12.089613,True,1h
2026-05-15 10:51:18,2,"7°09'59.92""S 107°24'13.14""E",2192.38,17.435299,20.128065,24.04767,68.909096,-75.781044,12.089329,True,1h
2026-05-15 10:51:22,2,"7°09'59.92""S 107°24'13.14""E",2192.38,17.43246,20.124388,24.046347,68.91377,-75.78072,12.089044,True,1h
2026-05-15 10:51:26,2,"7°09'59.92""S 107°24'13.14""E",2192.38,17.429619,20.120705,24.045025,68.91846,-75.780396,12.088759,True,1h
2026-05-15 10:51:30,2,"7°09'59.92""S 107°24'13.14""E",2192.38,17.426785,20.11702,24.043697,68.92314,-75.780075,12.088474,True,1h
2026-05-15 10:51:34,2,"7°09'59.92""S 107°24'13.14""E",2192.38,17.423946,20.113337,24.042372,68.92783,-75.77975,12.088188,True,1h
2026-05-15 10:51:38,2,"7°09'59.92""S 107°24'13.14""E",2192.38,17.421106,20.109652,24.041048,68.932526,-75.77943,12.087903,True,1h
2026-05-15 10:51:42,2,"7°09'59.92""S 107°24'13.14""E",2192.38,17.418272,20.105967,24.03972,68.937225,-75.779106,12.087618,True,1h
2026-05-15 10:51:46,2,"7°09'59.92""S 107°24'13.14""E",2192.38,17.41544,20.102282,24.038393,68.941925,-75.77878,12.087332,True,1h
2026-05-15 10:51:50,2,"7°09'59.92""S 107°24'13.14""E",2192.38,17.41261,20.098597,24.037066,68.94662,-75.77845,12.087047,True,1h
2026-05-15 10:51:54,2,"7°09'59.92""S 107°24'13.14""E",2192.38,17.409773,20.094913,24.035742,68.95132,-75.77813,12.086761,True,1h
2026-05-15 10:51:58,2,"7°09'59.92""S 107°24'13.14""E",2192.38,17.406944,20.091227,24.034414,68.956024,-75.777794,12.086476,True,1h
2026-05-15 10:52:02,2,"7°09'59.92""S 107°24'13.14""E",2192.38,17.404116,20.087538,24.033083,68.96074,-75.77747,12.086191,True,1h
2026-05-15 10:52:06,2,"7°09'59.92""S 107°24'13.14""E",2192.38,17.401285,20.083853,24.031755,68.96545,-75.77715,12.085904,True,1h
2026-05-15 10:52:10,2,"7°09'59.92""S 107°24'13.14""E",2192.38,17.398458,20.080164,24.03043,68.97015,-75.776825,12.085619,True,1h
2026-05-15 10:52:14,2,"7°09'59.92""S 107°24'13.14""E",2192.38,17.395632,20.076477,24.029099,68.97488,-75.7765,12.085333,True,1h
2026-05-15 10:52:18,2,"7°09'59.92""S 107°24'13.14""E",2192.38,17.392809,20.07279,24.02777,68.97959,-75.77617,12.085047,True,1h
2026-05-15 10:52:22,2,"7°09'59.92""S 107°24'13.14""E",2192.38,17.389986,20.069101,24.02644,68.984314,-75.77584,12.084761,True,1h
2026-05-15 10:52:26,2,"7°09'59.92""S 107°24'13.14""E",2192.38,17.38716,20.065413,24.025108,68.98904,-75.775505,12.0844755,True,1h
2026-05-15 10:52:30,2,"7°09'59.92""S 107°24'13.14""E",2192.38,17.384338,20.061726,24.023779,68.99376,-75.775185,12.084189,True,1h
2026-05-15 10:52:34,2,"7°09'59.92""S 107°24'13.14""E",2192.38,17.381517,20.058033,24.02245,68.99849,-75.77485,12.083903,True,1h
2026-05-15 10:52:38,2,"7°09'59.92""S 107°24'13.14""E",2192.38,17.378698,20.054342,24.021116,69.00322,-75.77452,12.083616,True,1h
2026-05-15 10:52:42,2,"7°09'59.92""S 107°24'13.14""E",2192.38,17.375881,20.050653,24.019787,69.00796,-75.774185,12.08333,True,1h
2026-05-15 10:52:46,2,"7°09'59.92""S 107°24'13.14""E",2192.38,17.37306,20.04696,24.018454,69.01269,-75.77386,12.083043,True,1h
2026-05-15 10:52:50,2,"7°09'59.92""S 107°24'13.14""E",2192.38,17.370247,20.04327,24.01712,69.017426,-75.77352,12.082757,True,1h
2026-05-15 10:52:54,2,"7°09'59.92""S 107°24'13.14""E",2192.38,17.367432,20.039577,24.015787,69.02216,-75.7732,12.082471,True,1h
2026-05-15 10:52:58,2,"7°09'59.92""S 107°24'13.14""E",2192.38,17.364618,20.035887,24.014452,69.02692,-75.772865,12.082184,True,1h
2026-05-15 10:53:02,2,"7°09'59.92""S 107°24'13.14""E",2192.38,17.361805,20.032194,24.013119,69.031654,-75.77253,12.081898,True,1h
2026-05-15 10:53:06,2,"7°09'59.92""S 107°24'13.14""E",2192.38,17.358992,20.0285,24.011784,69.03641,-75.7722,12.08161,True,1h
2026-05-15 10:53:10,2,"7°09'59.92""S 107°24'13.14""E",2192.38,17.356178,20.024805,24.010448,69.04115,-75.771866,12.081325,True,1h
2026-05-15 10:53:14,2,"7°09'59.92""S 107°24'13.14""E",2192.38,17.35337,20.021112,24.009115,69.04591,-75.77153,12.081037,True,1h
2026-05-15 10:53:18,2,"7°09'59.92""S 107°24'13.14""E",2192.38,17.350561,20.017418,24.00778,69.050674,-75.771194,12.08075,True,1h
2026-05-15 10:53:22,2,"7°09'59.92""S 107°24'13.14""E",2192.38,17.34775,20.013721,24.006445,69.05543,-75.77086,12.080463,True,1h
2026-05-15 10:53:26,2,"7°09'59.92""S 107°24'13.14""E",2192.38,17.344946,20.010029,24.00511,69.060196,-75.77052,12.080175,True,1h
2026-05-15 10:53:30,2,"7°09'59.92""S 107°24'13.14""E",2192.38,17.34214,20.006334,24.003769,69.06496,-75.770195,12.079889,True,1h
2026-05-15 10:53:34,2,"7°09'59.92""S 107°24'13.14""E",2192.38,17.339336,20.002636,24.002434,69.06972,-75.76986,12.079601,True,1h
2026-05-15 10:53:38,2,"7°09'59.92""S 107°24'13.14""E",2192.38,17.336533,19.99894,24.001099,69.07449,-75.769516,12.079314,True,1h
2026-05-15 10:53:42,2,"7°09'59.92""S 107°24'13.14""E",2192.38,17.333727,19.99524,23.999758,69.07926,-75.76918,12.079026,True,1h
2026-05-15 10:53:46,2,"7°09'59.92""S 107°24'13.14""E",2192.38,17.330927,19.991543,23.99842,69.08404,-75.768845,12.078739,True,1h
2026-05-15 10:53:50,2,"7°09'59.92""S 107°24'13.14""E",2192.38,17.328127,19.987848,23.99708,69.08881,-75.76851,12.078451,True,1h
2026-05-15 10:53:54,2,"7°09'59.92""S 107°24'13.14""E",2192.38,17.32533,19.984146,23.995743,69.0936,-75.768166,12.078165,True,1h
2026-05-15 10:53:58,2,"7°09'59.92""S 107°24'13.14""E",2192.38,17.322535,19.98045,23.994404,69.09837,-75.76784,12.077877,True,1h
2026-05-15 10:54:02,2,"7°09'59.92""S 107°24'13.14""E",2192.38,17.319733,19.97675,23.993063,69.10316,-75.76749,12.077589,True,1h
2026-05-15 10:54:06,2,"7°09'59.92""S 107°24'13.14""E",2192.38,17.316944,19.973051,23.991722,69.107956,-75.76714,12.077302,True,1h
2026-05-15 10:54:10,2,"7°09'59.92""S 107°24'13.14""E",2192.38,17.314144,19.96935,23.990381,69.11274,-75.76681,12.077014,True,1h
2026-05-15 10:54:14,2,"7°09'59.92""S 107°24'13.14""E",2192.38,17.311352,19.965647,23.989044,69.11753,-75.766464,12.076725,True,1h
2026-05-15 10:54:18,2,"7°09'59.92""S 107°24'13.14""E",2192.38,17.30856,19.96195,23.9877,69.12233,-75.76613,12.076437,True,1h
2026-05-15 10:54:22,2,"7°09'59.92""S 107°24'13.14""E",2192.38,17.305765,19.958244,23.986359,69.12713,-75.76579,12.07615,True,1h
2026-05-15 10:54:26,2,"7°09'59.92""S 107°24'13.14""E",2192.38,17.302977,19.954544,23.985016,69.13193,-75.76544,12.075862,True,1h
2026-05-15 10:54:30,2,"7°09'59.92""S 107°24'13.14""E",2192.38,17.300186,19.950842,23.983675,69.13674,-75.76511,12.075573,True,1h
2026-05-15 10:54:34,2,"7°09'59.92""S 107°24'13.14""E",2192.38,17.297398,19.94714,23.982332,69.14154,-75.76476,12.075285,True,1h
2026-05-15 10:54:38,2,"7°09'59.92""S 107°24'13.14""E",2192.38,17.294613,19.943436,23.980988,69.14635,-75.76441,12.074997,True,1h
2026-05-15 10:54:42,2,"7°09'59.92""S 107°24'13.14""E",2192.38,17.291826,19.939732,23.979645,69.15116,-75.76407,12.074709,True,1h
2026-05-15 10:54:46,2,"7°09'59.92""S 107°24'13.14""E",2192.38,17.289038,19.936026,23.9783,69.155975,-75.76373,12.074419,True,1h
2026-05-15 10:54:50,2,"7°09'59.92""S 107°24'13.14""E",2192.38,17.286259,19.932322,23.976955,69.1608,-75.76339,12.074131,True,1h
2026-05-15 10:54:54,2,"7°09'59.92""S 107°24'13.14""E",2192.38,17.283472,19.928617,23.97561,69.16561,-75.76305,12.073842,True,1h
2026-05-15 10:54:58,2,"7°09'59.92""S 107°24'13.14""E",2192.38,17.280691,19.924911,23.974264,69.17043,-75.7627,12.073554,True,1h
2026-05-15 10:55:02,2,"7°09'59.92""S 107°24'13.14""E",2192.38,17.277908,19.921206,23.972918,69.17526,-75.762344,12.073265,True,1h
2026-05-15 10:55:06,2,"7°09'59.92""S 107°24'13.14""E",2192.38,17.27513,19.9175,23.971573,69.180084,-75.76201,12.072976,True,1h
2026-05-15 10:55:10,2,"7°09'59.92""S 107°24'13.14""E",2192.38,17.27235,19.913792,23.970226,69.18492,-75.76166,12.072688,True,1h
2026-05-15 10:55:14,2,"7°09'59.92""S 107°24'13.14""E",2192.38,17.269571,19.910084,23.96888,69.18975,-75.76131,12.072398,True,1h
2026-05-15 10:55:18,2,"7°09'59.92""S 107°24'13.14""E",2192.38,17.2668,19.906378,23.967531,69.19459,-75.76097,12.07211,True,1h
2026-05-15 10:55:22,2,"7°09'59.92""S 107°24'13.14""E",2192.38,17.264023,19.902666,23.966185,69.199425,-75.76062,12.07182,True,1h
2026-05-15 10:55:26,2,"7°09'59.92""S 107°24'13.14""E",2192.38,17.261248,19.89896,23.964836,69.20426,-75.76027,12.071531,True,1h
2026-05-15 10:55:30,2,"7°09'59.92""S 107°24'13.14""E",2192.38,17.258476,19.89525,23.963486,69.20911,-75.75992,12.071241,True,1h
2026-05-15 10:55:34,2,"7°09'59.92""S 107°24'13.14""E",2192.38,17.255701,19.891537,23.962137,69.21396,-75.759575,12.070952,True,1h
2026-05-15 10:55:38,2,"7°09'59.92""S 107°24'13.14""E",2192.38,17.25293,19.887829,23.960789,69.2188,-75.759224,12.070663,True,1h
2026-05-15 10:55:42,2,"7°09'59.92""S 107°24'13.14""E",2192.38,17.250166,19.884119,23.959436,69.22365,-75.75887,12.0703745,True,1h
2026-05-15 10:55:46,2,"7°09'59.92""S 107°24'13.14""E",2192.38,17.247393,19.880407,23.958086,69.22851,-75.75852,12.070085,True,1h
2026-05-15 10:55:50,2,"7°09'59.92""S 107°24'13.14""E",2192.38,17.244625,19.876694,23.956736,69.23336,-75.75817,12.069795,True,1h
2026-05-15 10:55:54,2,"7°09'59.92""S 107°24'13.14""E",2192.38,17.24186,19.872982,23.955385,69.23823,-75.75781,12.069506,True,1h
2026-05-15 10:55:58,2,"7°09'59.92""S 107°24'13.14""E",2192.38,17.239096,19.869268,23.954035,69.24309,-75.75746,12.069216,True,1h
2026-05-15 10:56:02,2,"7°09'59.92""S 107°24'13.14""E",2192.38,17.236332,19.865557,23.95268,69.24795,-75.75711,12.068925,True,1h
2026-05-15 10:56:06,2,"7°09'59.92""S 107°24'13.14""E",2192.38,17.233566,19.861843,23.95133,69.25282,-75.75676,12.068636,True,1h
2026-05-15 10:56:10,2,"7°09'59.92""S 107°24'13.14""E",2192.38,17.230806,19.85813,23.949978,69.25769,-75.75641,12.068345,True,1h
2026-05-15 10:56:14,2,"7°09'59.92""S 107°24'13.14""E",2192.38,17.228045,19.854414,23.948624,69.26256,-75.75605,12.068056,True,1h
2026-05-15 10:56:18,2,"7°09'59.92""S 107°24'13.14""E",2192.38,17.225283,19.850702,23.947271,69.26744,-75.7557,12.067766,True,1h
2026-05-15 10:56:22,2,"7°09'59.92""S 107°24'13.14""E",2192.38,17.222523,19.846983,23.945917,69.272316,-75.75535,12.067475,True,1h
2026-05-15 10:56:26,2,"7°09'59.92""S 107°24'13.14""E",2192.38,17.219765,19.843267,23.944561,69.2772,-75.75499,12.067186,True,1h
2026-05-15 10:56:30,2,"7°09'59.92""S 107°24'13.14""E",2192.38,17.217009,19.83955,23.943207,69.28208,-75.75463,12.066895,True,1h
2026-05-15 10:56:34,2,"7°09'59.92""S 107°24'13.14""E",2192.38,17.214256,19.835835,23.941853,69.286964,-75.75428,12.066605,True,1h
2026-05-15 10:56:38,2,"7°09'59.92""S 107°24'13.14""E",2192.38,17.211498,19.832117,23.940498,69.29185,-75.75393,12.066314,True,1h
2026-05-15 10:56:42,2,"7°09'59.92""S 107°24'13.14""E",2192.38,17.208742,19.828398,23.93914,69.296745,-75.75356,12.066025,True,1h
2026-05-15 10:56:46,2,"7°09'59.92""S 107°24'13.14""E",2192.38,17.205992,19.82468,23.937784,69.30164,-75.75321,12.065733,True,1h
2026-05-15 10:56:50,2,"7°09'59.92""S 107°24'13.14""E",2192.38,17.203241,19.820961,23.936426,69.30654,-75.75285,12.065443,True,1h
2026-05-15 10:56:54,2,"7°09'59.92""S 107°24'13.14""E",2192.38,17.20049,19.817242,23.93507,69.31144,-75.752495,12.065152,True,1h
2026-05-15 10:56:58,2,"7°09'59.92""S 107°24'13.14""E",2192.38,17.197742,19.81352,23.933712,69.316345,-75.75214,12.064861,True,1h
2026-05-15 10:57:02,2,"7°09'59.92""S 107°24'13.14""E",2192.38,17.194992,19.809801,23.932352,69.32124,-75.751785,12.06457,True,1h
2026-05-15 10:57:06,2,"7°09'59.92""S 107°24'13.14""E",2192.38,17.192245,19.806078,23.930996,69.32616,-75.75142,12.064279,True,1h
2026-05-15 10:57:10,2,"7°09'59.92""S 107°24'13.14""E",2192.38,17.1895,19.802357,23.929636,69.33107,-75.751045,12.063989,True,1h
2026-05-15 10:57:14,2,"7°09'59.92""S 107°24'13.14""E",2192.38,17.186754,19.798634,23.928276,69.33598,-75.750694,12.063697,True,1h
2026-05-15 10:57:18,2,"7°09'59.92""S 107°24'13.14""E",2192.38,17.18401,19.794912,23.926916,69.3409,-75.750336,12.063405,True,1h
2026-05-15 10:57:22,2,"7°09'59.92""S 107°24'13.14""E",2192.38,17.181269,19.79119,23.925556,69.34582,-75.74998,12.063114,True,1h
2026-05-15 10:57:26,2,"7°09'59.92""S 107°24'13.14""E",2192.38,17.178526,19.787468,23.924196,69.35074,-75.74961,12.062824,True,1h
2026-05-15 10:57:30,2,"7°09'59.92""S 107°24'13.14""E",2192.38,17.175785,19.783741,23.922834,69.35566,-75.74925,12.062531,True,1h
2026-05-15 10:57:34,2,"7°09'59.92""S 107°24'13.14""E",2192.38,17.173048,19.780018,23.921474,69.36059,-75.748886,12.062241,True,1h
2026-05-15 10:57:38,2,"7°09'59.92""S 107°24'13.14""E",2192.38,17.17031,19.776295,23.920113,69.36552,-75.74853,12.06195,True,1h
2026-05-15 10:57:42,2,"7°09'59.92""S 107°24'13.14""E",2192.38,17.167572,19.772566,23.918749,69.37045,-75.74816,12.061659,True,1h
2026-05-15 10:57:46,2,"7°09'59.92""S 107°24'13.14""E",2192.38,17.164835,19.76884,23.917389,69.37539,-75.7478,12.061366,True,1h
2026-05-15 10:57:50,2,"7°09'59.92""S 107°24'13.14""E",2192.38,17.1621,19.765116,23.916025,69.380325,-75.74744,12.061074,True,1h
2026-05-15 10:57:54,2,"7°09'59.92""S 107°24'13.14""E",2192.38,17.159365,19.761389,23.914661,69.38527,-75.74708,12.060782,True,1h
2026-05-15 10:57:58,2,"7°09'59.92""S 107°24'13.14""E",2192.38,17.156631,19.757658,23.913296,69.390205,-75.74671,12.060491,True,1h
2026-05-15 10:58:02,2,"7°09'59.92""S 107°24'13.14""E",2192.38,17.153902,19.753931,23.911932,69.39516,-75.74634,12.060199,True,1h
2026-05-15 10:58:06,2,"7°09'59.92""S 107°24'13.14""E",2192.38,17.15117,19.750204,23.910566,69.4001,-75.74597,12.059907,True,1h
2026-05-15 10:58:10,2,"7°09'59.92""S 107°24'13.14""E",2192.38,17.14844,19.746475,23.9092,69.40506,-75.745605,12.059615,True,1h
2026-05-15 10:58:14,2,"7°09'59.92""S 107°24'13.14""E",2192.38,17.145712,19.742744,23.907835,69.41001,-75.74524,12.059322,True,1h
2026-05-15 10:58:18,2,"7°09'59.92""S 107°24'13.14""E",2192.38,17.142984,19.739014,23.906471,69.41497,-75.744865,12.059031,True,1h
2026-05-15 10:58:22,2,"7°09'59.92""S 107°24'13.14""E",2192.38,17.140257,19.735283,23.905104,69.41993,-75.74451,12.058739,True,1h
2026-05-15 10:58:26,2,"7°09'59.92""S 107°24'13.14""E",2192.38,17.137531,19.731554,23.903738,69.42489,-75.74413,12.058445,True,1h
2026-05-15 10:58:30,2,"7°09'59.92""S 107°24'13.14""E",2192.38,17.13481,19.727823,23.90237,69.429855,-75.74377,12.058154,True,1h
2026-05-15 10:58:34,2,"7°09'59.92""S 107°24'13.14""E",2192.38,17.132082,19.724085,23.901001,69.43483,-75.74339,12.057861,True,1h
2026-05-15 10:58:38,2,"7°09'59.92""S 107°24'13.14""E",2192.38,17.12936,19.720354,23.899633,69.4398,-75.74303,12.057569,True,1h
2026-05-15 10:58:42,2,"7°09'59.92""S 107°24'13.14""E",2192.38,17.126642,19.71662,23.898264,69.44477,-75.74265,12.057276,True,1h
2026-05-15 10:58:46,2,"7°09'59.92""S 107°24'13.14""E",2192.38,17.123919,19.712889,23.896896,69.44975,-75.74229,12.056983,True,1h
2026-05-15 10:58:50,2,"7°09'59.92""S 107°24'13.14""E",2192.38,17.121202,19.709154,23.895527,69.45473,-75.74191,12.05669,True,1h
2026-05-15 10:58:54,2,"7°09'59.92""S 107°24'13.14""E",2192.38,17.118486,19.705421,23.894157,69.45971,-75.74154,12.056397,True,1h
2026-05-15 10:58:58,2,"7°09'59.92""S 107°24'13.14""E",2192.38,17.115768,19.701683,23.892786,69.4647,-75.74117,12.056104,True,1h
2026-05-15 10:59:02,2,"7°09'59.92""S 107°24'13.14""E",2192.38,17.113052,19.697945,23.891417,69.46968,-75.7408,12.055811,True,1h
2026-05-15 10:59:06,2,"7°09'59.92""S 107°24'13.14""E",2192.38,17.11034,19.694212,23.890045,69.47467,-75.74043,12.055518,True,1h
2026-05-15 10:59:10,2,"7°09'59.92""S 107°24'13.14""E",2192.38,17.107624,19.690474,23.888672,69.47967,-75.74006,12.055224,True,1h
2026-05-15 10:59:14,2,"7°09'59.92""S 107°24'13.14""E",2192.38,17.104912,19.686735,23.887302,69.484665,-75.73968,12.054931,True,1h
2026-05-15 10:59:18,2,"7°09'59.92""S 107°24'13.14""E",2192.38,17.102201,19.682999,23.885931,69.48966,-75.7393,12.054639,True,1h
2026-05-15 10:59:22,2,"7°09'59.92""S 107°24'13.14""E",2192.38,17.09949,19.67926,23.884556,69.49467,-75.73893,12.054344,True,1h
2026-05-15 10:59:26,2,"7°09'59.92""S 107°24'13.14""E",2192.38,17.09678,19.675522,23.883184,69.49967,-75.73855,12.054051,True,1h
2026-05-15 10:59:30,2,"7°09'59.92""S 107°24'13.14""E",2192.38,17.094074,19.671782,23.88181,69.50467,-75.73818,12.053758,True,1h
2026-05-15 10:59:34,2,"7°09'59.92""S 107°24'13.14""E",2192.38,17.091366,19.668041,23.880436,69.50969,-75.7378,12.053465,True,1h
2026-05-15 10:59:38,2,"7°09'59.92""S 107°24'13.14""E",2192.38,17.088657,19.664299,23.879059,69.5147,-75.73743,12.05317,True,1h
2026-05-15 10:59:42,2,"7°09'59.92""S 107°24'13.14""E",2192.38,17.085955,19.660557,23.877686,69.519714,-75.737045,12.052876,True,1h
2026-05-15 10:59:46,2,"7°09'59.92""S 107°24'13.14""E",2192.38,17.083256,19.656816,23.87631,69.524734,-75.736664,12.052584,True,1h
2026-05-15 10:59:50,2,"7°09'59.92""S 107°24'13.14""E",2192.38,17.08055,19.653074,23.874933,69.52976,-75.73629,12.052289,True,1h
2026-05-15 10:59:54,2,"7°09'59.92""S 107°24'13.14""E",2192.38,17.077848,19.64933,23.87356,69.53478,-75.73591,12.051995,True,1h
2026-05-15 10:59:58,2,"7°09'59.92""S 107°24'13.14""E",2192.38,17.07515,19.64559,23.87218,69.53981,-75.73553,12.051701,True,1h
