timestamp,node_id,location,elevation,SO2,H2S,Temp_C,Humidity_pct,RSSI_dBm,SNR_dB,ack_success,horizon
2026-05-15 10:00:02,2,"7°09'59.92""S 107°24'13.14""E",2192.38,22.064095,24.220678,25.247246,65.47024,-74.91973,12.395126,True,1h
2026-05-15 10:00:06,2,"7°09'59.92""S 107°24'13.14""E",2192.38,21.950125,24.11568,25.216259,65.53293,-74.97786,12.383622,True,1h
2026-05-15 10:00:10,2,"7°09'59.92""S 107°24'13.14""E",2192.38,21.83158,24.007883,25.185266,65.60633,-75.026505,12.3733635,True,1h
2026-05-15 10:00:14,2,"7°09'59.92""S 107°24'13.14""E",2192.38,21.716465,23.903753,25.155176,65.67955,-75.07062,12.363908,True,1h
2026-05-15 10:00:18,2,"7°09'59.92""S 107°24'13.14""E",2192.38,21.60768,23.805859,25.126757,65.75079,-75.109695,12.355345,True,1h
2026-05-15 10:00:22,2,"7°09'59.92""S 107°24'13.14""E",2192.38,21.506521,23.715302,25.100407,65.81864,-75.14375,12.347682,True,1h
2026-05-15 10:00:26,2,"7°09'59.92""S 107°24'13.14""E",2192.38,21.413858,23.632685,25.076315,65.88208,-75.17324,12.340878,True,1h
2026-05-15 10:00:30,2,"7°09'59.92""S 107°24'13.14""E",2192.38,21.328796,23.557203,25.054323,65.94118,-75.1986,12.334837,True,1h
2026-05-15 10:00:34,2,"7°09'59.92""S 107°24'13.14""E",2192.38,21.250984,23.488482,25.034338,65.99582,-75.22036,12.329483,True,1h
2026-05-15 10:00:38,2,"7°09'59.92""S 107°24'13.14""E",2192.38,21.180353,23.426289,25.01626,66.045944,-75.239136,12.324736,True,1h
2026-05-15 10:00:42,2,"7°09'59.92""S 107°24'13.14""E",2192.38,21.116701,23.370453,25.00007,66.09132,-75.25521,12.320553,True,1h
2026-05-15 10:00:46,2,"7°09'59.92""S 107°24'13.14""E",2192.38,21.058874,23.31989,24.98545,66.13273,-75.26908,12.316838,True,1h
2026-05-15 10:00:50,2,"7°09'59.92""S 107°24'13.14""E",2192.38,21.006233,23.274025,24.972237,66.17047,-75.28104,12.313533,True,1h
2026-05-15 10:00:54,2,"7°09'59.92""S 107°24'13.14""E",2192.38,20.958054,23.232141,24.960192,66.205185,-75.29152,12.310559,True,1h
2026-05-15 10:00:58,2,"7°09'59.92""S 107°24'13.14""E",2192.38,20.915504,23.195213,24.94959,66.2358,-75.30058,12.307953,True,1h
2026-05-15 10:01:02,2,"7°09'59.92""S 107°24'13.14""E",2192.38,20.87772,23.162502,24.940222,66.262886,-75.30845,12.305658,True,1h
2026-05-15 10:01:06,2,"7°09'59.92""S 107°24'13.14""E",2192.38,20.842226,23.131832,24.931461,66.28846,-75.31545,12.303545,True,1h
2026-05-15 10:01:10,2,"7°09'59.92""S 107°24'13.14""E",2192.38,20.8106,23.104572,24.923695,66.311134,-75.32156,12.301677,True,1h
2026-05-15 10:01:14,2,"7°09'59.92""S 107°24'13.14""E",2192.38,20.781832,23.079845,24.916681,66.331665,-75.3269,12.300001,True,1h
2026-05-15 10:01:18,2,"7°09'59.92""S 107°24'13.14""E",2192.38,20.7555,23.05725,24.91028,66.35045,-75.33167,12.298481,True,1h
2026-05-15 10:01:22,2,"7°09'59.92""S 107°24'13.14""E",2192.38,20.732065,23.037136,24.90458,66.36715,-75.335945,12.297121,True,1h
2026-05-15 10:01:26,2,"7°09'59.92""S 107°24'13.14""E",2192.38,20.710838,23.018986,24.899464,66.382126,-75.33968,12.295904,True,1h
2026-05-15 10:01:30,2,"7°09'59.92""S 107°24'13.14""E",2192.38,20.690859,23.00192,24.894657,66.39628,-75.34307,12.294773,True,1h
2026-05-15 10:01:34,2,"7°09'59.92""S 107°24'13.14""E",2192.38,20.67318,22.986803,24.890394,66.408775,-75.34616,12.29376,True,1h
2026-05-15 10:01:38,2,"7°09'59.92""S 107°24'13.14""E",2192.38,20.656992,22.97299,24.886507,66.42015,-75.34896,12.292837,True,1h
2026-05-15 10:01:42,2,"7°09'59.92""S 107°24'13.14""E",2192.38,20.642673,22.960802,24.883085,66.430046,-75.35148,12.292013,True,1h
2026-05-15 10:01:46,2,"7°09'59.92""S 107°24'13.14""E",2192.38,20.629284,22.949396,24.879875,66.43936,-75.35381,12.291245,True,1h
2026-05-15 10:01:50,2,"7°09'59.92""S 107°24'13.14""E",2192.38,20.617424,22.939383,24.87709,66.44732,-75.3558,12.29057,True,1h
2026-05-15 10:01:54,2,"7°09'59.92""S 107°24'13.14""E",2192.38,20.606077,22.929792,24.874418,66.45502,-75.35767,12.28993,True,1h
2026-05-15 10:01:58,2,"7°09'59.92""S 107°24'13.14""E",2192.38,20.595709,22.921083,24.872015,66.46187,-75.35933,12.2893505,True,1h
2026-05-15 10:02:02,2,"7°09'59.92""S 107°24'13.14""E",2192.38,20.585417,22.91238,24.86958,66.46892,-75.361015,12.28877,True,1h
2026-05-15 10:02:06,2,"7°09'59.92""S 107°24'13.14""E",2192.38,20.57645,22.904833,24.867481,66.474846,-75.362526,12.288259,True,1h
2026-05-15 10:02:10,2,"7°09'59.92""S 107°24'13.14""E",2192.38,20.567974,22.897724,24.865513,66.48039,-75.363914,12.287778,True,1h
2026-05-15 10:02:14,2,"7°09'59.92""S 107°24'13.14""E",2192.38,20.55995,22.891008,24.863655,66.4856,-75.36523,12.287325,True,1h
2026-05-15 10:02:18,2,"7°09'59.92""S 107°24'13.14""E",2192.38,20.552332,22.884645,24.861904,66.49052,-75.36643,12.286896,True,1h
2026-05-15 10:02:22,2,"7°09'59.92""S 107°24'13.14""E",2192.38,20.545067,22.878592,24.860239,66.495155,-75.36758,12.286489,True,1h
2026-05-15 10:02:26,2,"7°09'59.92""S 107°24'13.14""E",2192.38,20.538113,22.872812,24.858658,66.49955,-75.36866,12.2861,True,1h
2026-05-15 10:02:30,2,"7°09'59.92""S 107°24'13.14""E",2192.38,20.531437,22.867277,24.857145,66.50374,-75.369675,12.285729,True,1h
2026-05-15 10:02:34,2,"7°09'59.92""S 107°24'13.14""E",2192.38,20.52501,22.861958,24.855694,66.50774,-75.37065,12.285373,True,1h
2026-05-15 10:02:38,2,"7°09'59.92""S 107°24'13.14""E",2192.38,20.518793,22.856823,24.8543,66.51157,-75.37158,12.285028,True,1h
2026-05-15 10:02:42,2,"7°09'59.92""S 107°24'13.14""E",2192.38,20.51277,22.851858,24.852951,66.51527,-75.372475,12.284697,True,1h
2026-05-15 10:02:46,2,"7°09'59.92""S 107°24'13.14""E",2192.38,20.50691,22.847034,24.851645,66.51883,-75.37334,12.284374,True,1h
2026-05-15 10:02:50,2,"7°09'59.92""S 107°24'13.14""E",2192.38,20.5012,22.842342,24.850374,66.522285,-75.37417,12.28406,True,1h
2026-05-15 10:02:54,2,"7°09'59.92""S 107°24'13.14""E",2192.38,20.49562,22.83776,24.849136,66.525635,-75.37497,12.283753,True,1h
2026-05-15 10:02:58,2,"7°09'59.92""S 107°24'13.14""E",2192.38,20.490156,22.833282,24.84793,66.5289,-75.375755,12.283453,True,1h
2026-05-15 10:03:02,2,"7°09'59.92""S 107°24'13.14""E",2192.38,20.484783,22.828884,24.846746,66.5321,-75.376526,12.283159,True,1h
2026-05-15 10:03:06,2,"7°09'59.92""S 107°24'13.14""E",2192.38,20.479504,22.824566,24.845587,66.535225,-75.37727,12.28287,True,1h
2026-05-15 10:03:10,2,"7°09'59.92""S 107°24'13.14""E",2192.38,20.474298,22.820316,24.844442,66.53829,-75.378006,12.282586,True,1h
2026-05-15 10:03:14,2,"7°09'59.92""S 107°24'13.14""E",2192.38,20.469168,22.81612,24.843319,66.54131,-75.37873,12.282305,True,1h
2026-05-15 10:03:18,2,"7°09'59.92""S 107°24'13.14""E",2192.38,20.46409,22.811981,24.842207,66.54428,-75.37944,12.282028,True,1h
2026-05-15 10:03:22,2,"7°09'59.92""S 107°24'13.14""E",2192.38,20.459064,22.807884,24.84111,66.54722,-75.38015,12.2817545,True,1h
2026-05-15 10:03:26,2,"7°09'59.92""S 107°24'13.14""E",2192.38,20.454086,22.80383,24.840025,66.55012,-75.380844,12.281483,True,1h
2026-05-15 10:03:30,2,"7°09'59.92""S 107°24'13.14""E",2192.38,20.449152,22.799809,24.83895,66.55299,-75.38153,12.281214,True,1h
2026-05-15 10:03:34,2,"7°09'59.92""S 107°24'13.14""E",2192.38,20.444252,22.795816,24.837883,66.555824,-75.38221,12.280947,True,1h
2026-05-15 10:03:38,2,"7°09'59.92""S 107°24'13.14""E",2192.38,20.439377,22.791853,24.83682,66.558655,-75.38288,12.280681,True,1h
2026-05-15 10:03:42,2,"7°09'59.92""S 107°24'13.14""E",2192.38,20.434534,22.787914,24.835768,66.561455,-75.38355,12.280417,True,1h
2026-05-15 10:03:46,2,"7°09'59.92""S 107°24'13.14""E",2192.38,20.429716,22.783998,24.834719,66.56424,-75.384224,12.280155,True,1h
2026-05-15 10:03:50,2,"7°09'59.92""S 107°24'13.14""E",2192.38,20.424917,22.780096,24.83368,66.56701,-75.38489,12.279893,True,1h
2026-05-15 10:03:54,2,"7°09'59.92""S 107°24'13.14""E",2192.38,20.420141,22.77621,24.832638,66.56976,-75.38555,12.2796335,True,1h
2026-05-15 10:03:58,2,"7°09'59.92""S 107°24'13.14""E",2192.38,20.415377,22.77234,24.831606,66.57252,-75.38621,12.279374,True,1h
2026-05-15 10:04:02,2,"7°09'59.92""S 107°24'13.14""E",2192.38,20.41063,22.768484,24.830576,66.57525,-75.386856,12.279116,True,1h
2026-05-15 10:04:06,2,"7°09'59.92""S 107°24'13.14""E",2192.38,20.405895,22.764637,24.829548,66.57798,-75.38751,12.278857,True,1h
2026-05-15 10:04:10,2,"7°09'59.92""S 107°24'13.14""E",2192.38,20.401167,22.760798,24.82852,66.5807,-75.38816,12.2786,True,1h
2026-05-15 10:04:14,2,"7°09'59.92""S 107°24'13.14""E",2192.38,20.396452,22.75697,24.8275,66.58341,-75.38881,12.278343,True,1h
2026-05-15 10:04:18,2,"7°09'59.92""S 107°24'13.14""E",2192.38,20.39175,22.753147,24.826477,66.58612,-75.389465,12.278087,True,1h
2026-05-15 10:04:22,2,"7°09'59.92""S 107°24'13.14""E",2192.38,20.387053,22.749332,24.825455,66.58883,-75.390114,12.277831,True,1h
2026-05-15 10:04:26,2,"7°09'59.92""S 107°24'13.14""E",2192.38,20.382362,22.745523,24.824438,66.59153,-75.390755,12.2775755,True,1h
2026-05-15 10:04:30,2,"7°09'59.92""S 107°24'13.14""E",2192.38,20.377678,22.74172,24.823421,66.59422,-75.3914,12.27732,True,1h
2026-05-15 10:04:34,2,"7°09'59.92""S 107°24'13.14""E",2192.38,20.373,22.73792,24.822405,66.59692,-75.39205,12.277065,True,1h
2026-05-15 10:04:38,2,"7°09'59.92""S 107°24'13.14""E",2192.38,20.368324,22.734125,24.821388,66.59961,-75.3927,12.27681,True,1h
2026-05-15 10:04:42,2,"7°09'59.92""S 107°24'13.14""E",2192.38,20.363657,22.730331,24.820375,66.6023,-75.39334,12.276556,True,1h
2026-05-15 10:04:46,2,"7°09'59.92""S 107°24'13.14""E",2192.38,20.35899,22.726542,24.81936,66.604996,-75.39398,12.2763,True,1h
2026-05-15 10:04:50,2,"7°09'59.92""S 107°24'13.14""E",2192.38,20.354328,22.722755,24.818348,66.60768,-75.39464,12.276046,True,1h
2026-05-15 10:04:54,2,"7°09'59.92""S 107°24'13.14""E",2192.38,20.34967,22.718971,24.817337,66.61037,-75.39528,12.275792,True,1h
2026-05-15 10:04:58,2,"7°09'59.92""S 107°24'13.14""E",2192.38,20.345022,22.715193,24.816326,66.61305,-75.39593,12.2755375,True,1h
2026-05-15 10:05:02,2,"7°09'59.92""S 107°24'13.14""E",2192.38,20.340364,22.71141,24.815311,66.61574,-75.39657,12.275284,True,1h
2026-05-15 10:05:06,2,"7°09'59.92""S 107°24'13.14""E",2192.38,20.335718,22.707636,24.8143,66.61842,-75.39721,12.27503,True,1h
2026-05-15 10:05:10,2,"7°09'59.92""S 107°24'13.14""E",2192.38,20.331066,22.703857,24.81329,66.62111,-75.397865,12.2747755,True,1h
2026-05-15 10:05:14,2,"7°09'59.92""S 107°24'13.14""E",2192.38,20.32642,22.700083,24.812279,66.623795,-75.398506,12.274522,True,1h
2026-05-15 10:05:18,2,"7°09'59.92""S 107°24'13.14""E",2192.38,20.321777,22.69631,24.811268,66.62648,-75.39915,12.274267,True,1h
2026-05-15 10:05:22,2,"7°09'59.92""S 107°24'13.14""E",2192.38,20.317135,22.692537,24.810255,66.629166,-75.39979,12.2740135,True,1h
2026-05-15 10:05:26,2,"7°09'59.92""S 107°24'13.14""E",2192.38,20.312492,22.688768,24.809242,66.63185,-75.40044,12.27376,True,1h
2026-05-15 10:05:30,2,"7°09'59.92""S 107°24'13.14""E",2192.38,20.30785,22.684998,24.808235,66.634544,-75.401085,12.273505,True,1h
2026-05-15 10:05:34,2,"7°09'59.92""S 107°24'13.14""E",2192.38,20.303219,22.68123,24.807224,66.63723,-75.40173,12.2732525,True,1h
2026-05-15 10:05:38,2,"7°09'59.92""S 107°24'13.14""E",2192.38,20.29858,22.67746,24.80621,66.639915,-75.402374,12.272999,True,1h
2026-05-15 10:05:42,2,"7°09'59.92""S 107°24'13.14""E",2192.38,20.293943,22.673693,24.805202,66.6426,-75.40302,12.272745,True,1h
2026-05-15 10:05:46,2,"7°09'59.92""S 107°24'13.14""E",2192.38,20.289312,22.669926,24.80419,66.645294,-75.40367,12.2724905,True,1h
2026-05-15 10:05:50,2,"7°09'59.92""S 107°24'13.14""E",2192.38,20.284676,22.666159,24.803179,66.64799,-75.40432,12.272236,True,1h
2026-05-15 10:05:54,2,"7°09'59.92""S 107°24'13.14""E",2192.38,20.280045,22.662394,24.802168,66.65068,-75.40496,12.271982,True,1h
2026-05-15 10:05:58,2,"7°09'59.92""S 107°24'13.14""E",2192.38,20.275412,22.658627,24.801155,66.653366,-75.40561,12.2717285,True,1h
2026-05-15 10:06:02,2,"7°09'59.92""S 107°24'13.14""E",2192.38,20.270784,22.654863,24.800144,66.65606,-75.406265,12.271474,True,1h
2026-05-15 10:06:06,2,"7°09'59.92""S 107°24'13.14""E",2192.38,20.266153,22.6511,24.799133,66.65875,-75.40691,12.27122,True,1h
2026-05-15 10:06:10,2,"7°09'59.92""S 107°24'13.14""E",2192.38,20.261526,22.647335,24.798122,66.66145,-75.40756,12.270967,True,1h
2026-05-15 10:06:14,2,"7°09'59.92""S 107°24'13.14""E",2192.38,20.256895,22.643572,24.797112,66.664154,-75.40821,12.270712,True,1h
2026-05-15 10:06:18,2,"7°09'59.92""S 107°24'13.14""E",2192.38,20.25227,22.639807,24.796097,66.66684,-75.40887,12.270458,True,1h
2026-05-15 10:06:22,2,"7°09'59.92""S 107°24'13.14""E",2192.38,20.247644,22.636045,24.795086,66.66954,-75.409515,12.270204,True,1h
2026-05-15 10:06:26,2,"7°09'59.92""S 107°24'13.14""E",2192.38,20.243021,22.632282,24.794071,66.67224,-75.410164,12.26995,True,1h
2026-05-15 10:06:30,2,"7°09'59.92""S 107°24'13.14""E",2192.38,20.238396,22.628521,24.79306,66.67494,-75.41081,12.269696,True,1h
2026-05-15 10:06:34,2,"7°09'59.92""S 107°24'13.14""E",2192.38,20.233772,22.624762,24.792048,66.67764,-75.41147,12.269442,True,1h
2026-05-15 10:06:38,2,"7°09'59.92""S 107°24'13.14""E",2192.38,20.229155,22.621,24.791033,66.68034,-75.41212,12.269188,True,1h
2026-05-15 10:06:42,2,"7°09'59.92""S 107°24'13.14""E",2192.38,20.22453,22.617239,24.790022,66.683044,-75.41277,12.268933,True,1h
2026-05-15 10:06:46,2,"7°09'59.92""S 107°24'13.14""E",2192.38,20.219912,22.61348,24.78901,66.685745,-75.41342,12.268679,True,1h
2026-05-15 10:06:50,2,"7°09'59.92""S 107°24'13.14""E",2192.38,20.215292,22.609718,24.787994,66.688446,-75.41407,12.268424,True,1h
2026-05-15 10:06:54,2,"7°09'59.92""S 107°24'13.14""E",2192.38,20.210672,22.605959,24.786982,66.691154,-75.414734,12.26817,True,1h
2026-05-15 10:06:58,2,"7°09'59.92""S 107°24'13.14""E",2192.38,20.206055,22.6022,24.785967,66.69387,-75.41538,12.267916,True,1h
2026-05-15 10:07:02,2,"7°09'59.92""S 107°24'13.14""E",2192.38,20.201439,22.598442,24.784954,66.69657,-75.41604,12.267661,True,1h
2026-05-15 10:07:06,2,"7°09'59.92""S 107°24'13.14""E",2192.38,20.19682,22.594683,24.783943,66.69928,-75.416695,12.267407,True,1h
2026-05-15 10:07:10,2,"7°09'59.92""S 107°24'13.14""E",2192.38,20.192204,22.590925,24.782927,66.70199,-75.41735,12.267153,True,1h
2026-05-15 10:07:14,2,"7°09'59.92""S 107°24'13.14""E",2192.38,20.187588,22.587166,24.781912,66.704704,-75.41801,12.266897,True,1h
2026-05-15 10:07:18,2,"7°09'59.92""S 107°24'13.14""E",2192.38,20.182972,22.58341,24.7809,66.70741,-75.41866,12.266644,True,1h
2026-05-15 10:07:22,2,"7°09'59.92""S 107°24'13.14""E",2192.38,20.178358,22.57965,24.779884,66.71013,-75.41931,12.26639,True,1h
2026-05-15 10:07:26,2,"7°09'59.92""S 107°24'13.14""E",2192.38,20.173746,22.575897,24.778868,66.71284,-75.419975,12.266134,True,1h
2026-05-15 10:07:30,2,"7°09'59.92""S 107°24'13.14""E",2192.38,20.169132,22.572138,24.777855,66.71556,-75.42063,12.26588,True,1h
2026-05-15 10:07:34,2,"7°09'59.92""S 107°24'13.14""E",2192.38,20.164522,22.568382,24.77684,66.71827,-75.42128,12.265625,True,1h
2026-05-15 10:07:38,2,"7°09'59.92""S 107°24'13.14""E",2192.38,20.159906,22.564623,24.775826,66.72099,-75.42194,12.265369,True,1h
2026-05-15 10:07:42,2,"7°09'59.92""S 107°24'13.14""E",2192.38,20.155298,22.560871,24.77481,66.72371,-75.4226,12.265115,True,1h
2026-05-15 10:07:46,2,"7°09'59.92""S 107°24'13.14""E",2192.38,20.15069,22.557114,24.773794,66.72643,-75.42326,12.26486,True,1h
2026-05-15 10:07:50,2,"7°09'59.92""S 107°24'13.14""E",2192.38,20.146082,22.553358,24.772778,66.72915,-75.42392,12.2646055,True,1h
2026-05-15 10:07:54,2,"7°09'59.92""S 107°24'13.14""E",2192.38,20.141474,22.549603,24.77176,66.731865,-75.424576,12.264351,True,1h
2026-05-15 10:07:58,2,"7°09'59.92""S 107°24'13.14""E",2192.38,20.136868,22.545849,24.770744,66.7346,-75.42525,12.264095,True,1h
2026-05-15 10:08:02,2,"7°09'59.92""S 107°24'13.14""E",2192.38,20.13226,22.542095,24.769728,66.73732,-75.425896,12.263841,True,1h
2026-05-15 10:08:06,2,"7°09'59.92""S 107°24'13.14""E",2192.38,20.127653,22.538338,24.768713,66.74004,-75.42657,12.263586,True,1h
2026-05-15 10:08:10,2,"7°09'59.92""S 107°24'13.14""E",2192.38,20.123049,22.534586,24.767696,66.74277,-75.427216,12.263331,True,1h
2026-05-15 10:08:14,2,"7°09'59.92""S 107°24'13.14""E",2192.38,20.118444,22.530832,24.76668,66.7455,-75.42789,12.263075,True,1h
2026-05-15 10:08:18,2,"7°09'59.92""S 107°24'13.14""E",2192.38,20.113838,22.527079,24.765665,66.74822,-75.42854,12.26282,True,1h
2026-05-15 10:08:22,2,"7°09'59.92""S 107°24'13.14""E",2192.38,20.109238,22.523329,24.764647,66.75095,-75.42921,12.262567,True,1h
2026-05-15 10:08:26,2,"7°09'59.92""S 107°24'13.14""E",2192.38,20.104635,22.519575,24.76363,66.753685,-75.42987,12.262311,True,1h
2026-05-15 10:08:30,2,"7°09'59.92""S 107°24'13.14""E",2192.38,20.100033,22.51582,24.762613,66.75642,-75.430534,12.262055,True,1h
2026-05-15 10:08:34,2,"7°09'59.92""S 107°24'13.14""E",2192.38,20.095432,22.51207,24.761597,66.75915,-75.43119,12.2618,True,1h
2026-05-15 10:08:38,2,"7°09'59.92""S 107°24'13.14""E",2192.38,20.090834,22.508316,24.760578,66.76188,-75.43186,12.261545,True,1h
2026-05-15 10:08:42,2,"7°09'59.92""S 107°24'13.14""E",2192.38,20.086231,22.504564,24.75956,66.76462,-75.43252,12.26129,True,1h
2026-05-15 10:08:46,2,"7°09'59.92""S 107°24'13.14""E",2192.38,20.081633,22.500814,24.758543,66.76736,-75.43319,12.261034,True,1h
2026-05-15 10:08:50,2,"7°09'59.92""S 107°24'13.14""E",2192.38,20.077032,22.49706,24.757523,66.77009,-75.433846,12.260778,True,1h
2026-05-15 10:08:54,2,"7°09'59.92""S 107°24'13.14""E",2192.38,20.072435,22.493309,24.756504,66.77283,-75.434525,12.260523,True,1h
2026-05-15 10:08:58,2,"7°09'59.92""S 107°24'13.14""E",2192.38,20.067835,22.489561,24.755487,66.775566,-75.43518,12.260268,True,1h
2026-05-15 10:09:02,2,"7°09'59.92""S 107°24'13.14""E",2192.38,20.063242,22.48581,24.754469,66.778305,-75.43585,12.260012,True,1h
2026-05-15 10:09:06,2,"7°09'59.92""S 107°24'13.14""E",2192.38,20.058647,22.48206,24.753448,66.78106,-75.436516,12.259757,True,1h
2026-05-15 10:09:10,2,"7°09'59.92""S 107°24'13.14""E",2192.38,20.054058,22.478312,24.75243,66.7838,-75.43719,12.259501,True,1h
2026-05-15 10:09:14,2,"7°09'59.92""S 107°24'13.14""E",2192.38,20.04946,22.47456,24.751411,66.78654,-75.43786,12.259245,True,1h
2026-05-15 10:09:18,2,"7°09'59.92""S 107°24'13.14""E",2192.38,20.044865,22.47081,24.750391,66.78928,-75.43853,12.25899,True,1h
2026-05-15 10:09:22,2,"7°09'59.92""S 107°24'13.14""E",2192.38,20.04027,22.46706,24.74937,66.79202,-75.439186,12.258735,True,1h
2026-05-15 10:09:26,2,"7°09'59.92""S 107°24'13.14""E",2192.38,20.035677,22.46331,24.74835,66.79477,-75.43986,12.258477,True,1h
2026-05-15 10:09:30,2,"7°09'59.92""S 107°24'13.14""E",2192.38,20.031088,22.459562,24.747332,66.79752,-75.44053,12.258223,True,1h
2026-05-15 10:09:34,2,"7°09'59.92""S 107°24'13.14""E",2192.38,20.026497,22.455814,24.746313,66.80027,-75.44119,12.257967,True,1h
2026-05-15 10:09:38,2,"7°09'59.92""S 107°24'13.14""E",2192.38,20.02191,22.452066,24.74529,66.803024,-75.441864,12.257711,True,1h
2026-05-15 10:09:42,2,"7°09'59.92""S 107°24'13.14""E",2192.38,20.01732,22.44832,24.744272,66.80577,-75.442535,12.257456,True,1h
2026-05-15 10:09:46,2,"7°09'59.92""S 107°24'13.14""E",2192.38,20.012728,22.44457,24.74325,66.808525,-75.44321,12.2572,True,1h
2026-05-15 10:09:50,2,"7°09'59.92""S 107°24'13.14""E",2192.38,20.008137,22.44082,24.74223,66.81128,-75.44388,12.256944,True,1h
2026-05-15 10:09:54,2,"7°09'59.92""S 107°24'13.14""E",2192.38,20.003551,22.437077,24.741209,66.81403,-75.44454,12.256688,True,1h
2026-05-15 10:09:58,2,"7°09'59.92""S 107°24'13.14""E",2192.38,19.998962,22.433327,24.740187,66.816795,-75.44522,12.256432,True,1h
2026-05-15 10:10:02,2,"7°09'59.92""S 107°24'13.14""E",2192.38,19.994379,22.42958,24.739164,66.81955,-75.44589,12.256176,True,1h
2026-05-15 10:10:06,2,"7°09'59.92""S 107°24'13.14""E",2192.38,19.989788,22.42583,24.738144,66.82231,-75.44656,12.255919,True,1h
2026-05-15 10:10:10,2,"7°09'59.92""S 107°24'13.14""E",2192.38,19.985209,22.422089,24.737123,66.82507,-75.44724,12.255664,True,1h
2026-05-15 10:10:14,2,"7°09'59.92""S 107°24'13.14""E",2192.38,19.980621,22.418343,24.736101,66.82783,-75.447914,12.255407,True,1h
2026-05-15 10:10:18,2,"7°09'59.92""S 107°24'13.14""E",2192.38,19.976036,22.414595,24.73508,66.83059,-75.448586,12.255152,True,1h
2026-05-15 10:10:22,2,"7°09'59.92""S 107°24'13.14""E",2192.38,19.971457,22.41085,24.734056,66.83335,-75.449265,12.254894,True,1h
2026-05-15 10:10:26,2,"7°09'59.92""S 107°24'13.14""E",2192.38,19.966877,22.407106,24.733034,66.83611,-75.449936,12.254639,True,1h
2026-05-15 10:10:30,2,"7°09'59.92""S 107°24'13.14""E",2192.38,19.962296,22.403358,24.732012,66.83888,-75.45061,12.254382,True,1h
2026-05-15 10:10:34,2,"7°09'59.92""S 107°24'13.14""E",2192.38,19.95771,22.399612,24.73099,66.841644,-75.451294,12.254127,True,1h
2026-05-15 10:10:38,2,"7°09'59.92""S 107°24'13.14""E",2192.38,19.953129,22.395868,24.729965,66.84441,-75.451965,12.253869,True,1h
2026-05-15 10:10:42,2,"7°09'59.92""S 107°24'13.14""E",2192.38,19.948551,22.392126,24.728943,66.84718,-75.45264,12.253613,True,1h
2026-05-15 10:10:46,2,"7°09'59.92""S 107°24'13.14""E",2192.38,19.943974,22.38838,24.727919,66.84995,-75.453316,12.253356,True,1h
2026-05-15 10:10:50,2,"7°09'59.92""S 107°24'13.14""E",2192.38,19.939394,22.384636,24.726896,66.85272,-75.453995,12.2531,True,1h
2026-05-15 10:10:54,2,"7°09'59.92""S 107°24'13.14""E",2192.38,19.934814,22.38089,24.725872,66.85549,-75.454666,12.252843,True,1h
2026-05-15 10:10:58,2,"7°09'59.92""S 107°24'13.14""E",2192.38,19.930244,22.37715,24.724848,66.85826,-75.45534,12.252587,True,1h
2026-05-15 10:11:02,2,"7°09'59.92""S 107°24'13.14""E",2192.38,19.925665,22.373405,24.723825,66.86104,-75.45603,12.252331,True,1h
2026-05-15 10:11:06,2,"7°09'59.92""S 107°24'13.14""E",2192.38,19.921087,22.369661,24.722801,66.86381,-75.4567,12.252074,True,1h
2026-05-15 10:11:10,2,"7°09'59.92""S 107°24'13.14""E",2192.38,19.916513,22.365917,24.721777,66.86659,-75.45738,12.251818,True,1h
2026-05-15 10:11:14,2,"7°09'59.92""S 107°24'13.14""E",2192.38,19.911938,22.362177,24.720753,66.86937,-75.45807,12.251559,True,1h
2026-05-15 10:11:18,2,"7°09'59.92""S 107°24'13.14""E",2192.38,19.90736,22.358433,24.719728,66.87215,-75.45874,12.251303,True,1h
2026-05-15 10:11:22,2,"7°09'59.92""S 107°24'13.14""E",2192.38,19.902794,22.35469,24.718704,66.87492,-75.45942,12.251047,True,1h
2026-05-15 10:11:26,2,"7°09'59.92""S 107°24'13.14""E",2192.38,19.898218,22.350948,24.717678,66.87771,-75.46009,12.25079,True,1h
2026-05-15 10:11:30,2,"7°09'59.92""S 107°24'13.14""E",2192.38,19.893648,22.347206,24.716654,66.880486,-75.460785,12.250533,True,1h
2026-05-15 10:11:34,2,"7°09'59.92""S 107°24'13.14""E",2192.38,19.889076,22.343464,24.715628,66.88327,-75.461464,12.250277,True,1h
2026-05-15 10:11:38,2,"7°09'59.92""S 107°24'13.14""E",2192.38,19.884508,22.339725,24.714602,66.886055,-75.46214,12.25002,True,1h
2026-05-15 10:11:42,2,"7°09'59.92""S 107°24'13.14""E",2192.38,19.879936,22.335983,24.713575,66.88884,-75.46282,12.249763,True,1h
2026-05-15 10:11:46,2,"7°09'59.92""S 107°24'13.14""E",2192.38,19.875368,22.332243,24.712551,66.891624,-75.46351,12.249506,True,1h
2026-05-15 10:11:50,2,"7°09'59.92""S 107°24'13.14""E",2192.38,19.8708,22.3285,24.711527,66.89441,-75.464195,12.2492485,True,1h
2026-05-15 10:11:54,2,"7°09'59.92""S 107°24'13.14""E",2192.38,19.866228,22.32476,24.710499,66.89721,-75.464874,12.248991,True,1h
2026-05-15 10:11:58,2,"7°09'59.92""S 107°24'13.14""E",2192.38,19.861658,22.321018,24.70947,66.899994,-75.46556,12.2487335,True,1h
2026-05-15 10:12:02,2,"7°09'59.92""S 107°24'13.14""E",2192.38,19.857094,22.317278,24.708447,66.90278,-75.46625,12.248477,True,1h
2026-05-15 10:12:06,2,"7°09'59.92""S 107°24'13.14""E",2192.38,19.852531,22.31354,24.70742,66.90558,-75.46693,12.2482195,True,1h
2026-05-15 10:12:10,2,"7°09'59.92""S 107°24'13.14""E",2192.38,19.847965,22.309801,24.706392,66.90837,-75.46761,12.247962,True,1h
2026-05-15 10:12:14,2,"7°09'59.92""S 107°24'13.14""E",2192.38,19.843395,22.306059,24.705364,66.91116,-75.4683,12.247705,True,1h
2026-05-15 10:12:18,2,"7°09'59.92""S 107°24'13.14""E",2192.38,19.838839,22.30232,24.704338,66.91396,-75.46898,12.247448,True,1h
2026-05-15 10:12:22,2,"7°09'59.92""S 107°24'13.14""E",2192.38,19.834272,22.29858,24.70331,66.91676,-75.469666,12.24719,True,1h
2026-05-15 10:12:26,2,"7°09'59.92""S 107°24'13.14""E",2192.38,19.829706,22.29484,24.702284,66.919556,-75.47035,12.246933,True,1h
2026-05-15 10:12:30,2,"7°09'59.92""S 107°24'13.14""E",2192.38,19.825146,22.291103,24.701254,66.922356,-75.47105,12.2466755,True,1h
2026-05-15 10:12:34,2,"7°09'59.92""S 107°24'13.14""E",2192.38,19.820581,22.287363,24.700226,66.92515,-75.471725,12.246418,True,1h
2026-05-15 10:12:38,2,"7°09'59.92""S 107°24'13.14""E",2192.38,19.81602,22.283627,24.6992,66.927956,-75.47242,12.246161,True,1h
2026-05-15 10:12:42,2,"7°09'59.92""S 107°24'13.14""E",2192.38,19.811462,22.279888,24.698172,66.930756,-75.47311,12.245903,True,1h
2026-05-15 10:12:46,2,"7°09'59.92""S 107°24'13.14""E",2192.38,19.806904,22.276152,24.697142,66.933556,-75.47379,12.245646,True,1h
2026-05-15 10:12:50,2,"7°09'59.92""S 107°24'13.14""E",2192.38,19.802343,22.272411,24.696114,66.93636,-75.47449,12.245389,True,1h
2026-05-15 10:12:54,2,"7°09'59.92""S 107°24'13.14""E",2192.38,19.79779,22.268677,24.695084,66.93916,-75.475174,12.2451315,True,1h
2026-05-15 10:12:58,2,"7°09'59.92""S 107°24'13.14""E",2192.38,19.793222,22.264935,24.694054,66.94197,-75.47586,12.244873,True,1h
2026-05-15 10:13:02,2,"7°09'59.92""S 107°24'13.14""E",2192.38,19.788668,22.261198,24.693027,66.94478,-75.476555,12.244616,True,1h
2026-05-15 10:13:06,2,"7°09'59.92""S 107°24'13.14""E",2192.38,19.784111,22.257462,24.691998,66.94759,-75.47724,12.244357,True,1h
2026-05-15 10:13:10,2,"7°09'59.92""S 107°24'13.14""E",2192.38,19.779558,22.253725,24.690968,66.9504,-75.47793,12.2441,True,1h
2026-05-15 10:13:14,2,"7°09'59.92""S 107°24'13.14""E",2192.38,19.774996,22.249987,24.689938,66.95322,-75.47863,12.243841,True,1h
2026-05-15 10:13:18,2,"7°09'59.92""S 107°24'13.14""E",2192.38,19.770447,22.24625,24.68891,66.956024,-75.47932,12.243584,True,1h
2026-05-15 10:13:22,2,"7°09'59.92""S 107°24'13.14""E",2192.38,19.765892,22.242516,24.687878,66.95884,-75.48001,12.243326,True,1h
2026-05-15 10:13:26,2,"7°09'59.92""S 107°24'13.14""E",2192.38,19.761337,22.238777,24.686848,66.961655,-75.4807,12.243068,True,1h
2026-05-15 10:13:30,2,"7°09'59.92""S 107°24'13.14""E",2192.38,19.756784,22.23504,24.685818,66.96447,-75.481384,12.242809,True,1h
2026-05-15 10:13:34,2,"7°09'59.92""S 107°24'13.14""E",2192.38,19.752232,22.231302,24.684788,66.96729,-75.48209,12.242552,True,1h
2026-05-15 10:13:38,2,"7°09'59.92""S 107°24'13.14""E",2192.38,19.747679,22.22757,24.683754,66.97011,-75.48278,12.242293,True,1h
2026-05-15 10:13:42,2,"7°09'59.92""S 107°24'13.14""E",2192.38,19.743128,22.223833,24.682724,66.97292,-75.483475,12.242037,True,1h
2026-05-15 10:13:46,2,"7°09'59.92""S 107°24'13.14""E",2192.38,19.738575,22.220098,24.681694,66.975746,-75.48417,12.241777,True,1h
2026-05-15 10:13:50,2,"7°09'59.92""S 107°24'13.14""E",2192.38,19.734026,22.216364,24.680662,66.97857,-75.48486,12.24152,True,1h
2026-05-15 10:13:54,2,"7°09'59.92""S 107°24'13.14""E",2192.38,19.729479,22.212627,24.679632,66.98139,-75.485565,12.241261,True,1h
2026-05-15 10:13:58,2,"7°09'59.92""S 107°24'13.14""E",2192.38,19.72493,22.208895,24.6786,66.984215,-75.48625,12.241003,True,1h
2026-05-15 10:14:02,2,"7°09'59.92""S 107°24'13.14""E",2192.38,19.72038,22.205162,24.677567,66.98704,-75.48695,12.240744,True,1h
2026-05-15 10:14:06,2,"7°09'59.92""S 107°24'13.14""E",2192.38,19.715836,22.201427,24.676537,66.98987,-75.48765,12.240486,True,1h
2026-05-15 10:14:10,2,"7°09'59.92""S 107°24'13.14""E",2192.38,19.711283,22.19769,24.675505,66.99269,-75.48834,12.240228,True,1h
2026-05-15 10:14:14,2,"7°09'59.92""S 107°24'13.14""E",2192.38,19.706738,22.193954,24.67447,66.99552,-75.489044,12.239969,True,1h
2026-05-15 10:14:18,2,"7°09'59.92""S 107°24'13.14""E",2192.38,19.702196,22.190224,24.673439,66.99835,-75.48974,12.239711,True,1h
2026-05-15 10:14:22,2,"7°09'59.92""S 107°24'13.14""E",2192.38,19.697645,22.18649,24.672407,67.00118,-75.49043,12.239452,True,1h
2026-05-15 10:14:26,2,"7°09'59.92""S 107°24'13.14""E",2192.38,19.693102,22.182756,24.671373,67.00401,-75.491135,12.239194,True,1h
2026-05-15 10:14:30,2,"7°09'59.92""S 107°24'13.14""E",2192.38,19.688559,22.179022,24.670341,67.00685,-75.49183,12.238935,True,1h
2026-05-15 10:14:34,2,"7°09'59.92""S 107°24'13.14""E",2192.38,19.684015,22.175287,24.669306,67.00968,-75.49253,12.238677,True,1h
2026-05-15 10:14:38,2,"7°09'59.92""S 107°24'13.14""E",2192.38,19.679474,22.171555,24.668272,67.01252,-75.49323,12.238418,True,1h
2026-05-15 10:14:42,2,"7°09'59.92""S 107°24'13.14""E",2192.38,19.67493,22.167822,24.66724,67.01536,-75.493935,12.238159,True,1h
2026-05-15 10:14:46,2,"7°09'59.92""S 107°24'13.14""E",2192.38,19.67039,22.16409,24.666208,67.01819,-75.49463,12.237901,True,1h
2026-05-15 10:14:50,2,"7°09'59.92""S 107°24'13.14""E",2192.38,19.665848,22.160358,24.665173,67.021034,-75.49534,12.237641,True,1h
2026-05-15 10:14:54,2,"7°09'59.92""S 107°24'13.14""E",2192.38,19.661306,22.156624,24.664139,67.02387,-75.49603,12.237383,True,1h
2026-05-15 10:14:58,2,"7°09'59.92""S 107°24'13.14""E",2192.38,19.656769,22.152891,24.663105,67.02671,-75.496735,12.237124,True,1h
2026-05-15 10:15:02,2,"7°09'59.92""S 107°24'13.14""E",2192.38,19.65223,22.149158,24.66207,67.02956,-75.49744,12.236865,True,1h
2026-05-15 10:15:06,2,"7°09'59.92""S 107°24'13.14""E",2192.38,19.647684,22.145426,24.661036,67.0324,-75.49814,12.236606,True,1h
2026-05-15 10:15:10,2,"7°09'59.92""S 107°24'13.14""E",2192.38,19.643148,22.141695,24.66,67.03525,-75.49885,12.236347,True,1h
2026-05-15 10:15:14,2,"7°09'59.92""S 107°24'13.14""E",2192.38,19.638609,22.137962,24.658966,67.03809,-75.49955,12.236088,True,1h
2026-05-15 10:15:18,2,"7°09'59.92""S 107°24'13.14""E",2192.38,19.634075,22.13423,24.65793,67.04094,-75.500244,12.235829,True,1h
2026-05-15 10:15:22,2,"7°09'59.92""S 107°24'13.14""E",2192.38,19.629536,22.1305,24.656895,67.04379,-75.50095,12.23557,True,1h
2026-05-15 10:15:26,2,"7°09'59.92""S 107°24'13.14""E",2192.38,19.625004,22.126768,24.655859,67.04664,-75.501656,12.2353115,True,1h
2026-05-15 10:15:30,2,"7°09'59.92""S 107°24'13.14""E",2192.38,19.620464,22.123035,24.654823,67.04949,-75.50236,12.235052,True,1h
2026-05-15 10:15:34,2,"7°09'59.92""S 107°24'13.14""E",2192.38,19.61593,22.119307,24.653786,67.052345,-75.50306,12.234793,True,1h
2026-05-15 10:15:38,2,"7°09'59.92""S 107°24'13.14""E",2192.38,19.611399,22.115574,24.65275,67.0552,-75.50378,12.234533,True,1h
2026-05-15 10:15:42,2,"7°09'59.92""S 107°24'13.14""E",2192.38,19.606861,22.111843,24.651714,67.05805,-75.504486,12.234274,True,1h
2026-05-15 10:15:46,2,"7°09'59.92""S 107°24'13.14""E",2192.38,19.602333,22.108112,24.65068,67.060905,-75.50519,12.234015,True,1h
2026-05-15 10:15:50,2,"7°09'59.92""S 107°24'13.14""E",2192.38,19.5978,22.104382,24.649641,67.06376,-75.50589,12.233756,True,1h
2026-05-15 10:15:54,2,"7°09'59.92""S 107°24'13.14""E",2192.38,19.593264,22.100653,24.648605,67.06662,-75.5066,12.233496,True,1h
2026-05-15 10:15:58,2,"7°09'59.92""S 107°24'13.14""E",2192.38,19.588734,22.09692,24.647568,67.06948,-75.5073,12.233237,True,1h
2026-05-15 10:16:02,2,"7°09'59.92""S 107°24'13.14""E",2192.38,19.584202,22.093191,24.64653,67.07234,-75.50801,12.232978,True,1h
2026-05-15 10:16:06,2,"7°09'59.92""S 107°24'13.14""E",2192.38,19.579672,22.089462,24.645494,67.0752,-75.50872,12.2327175,True,1h
2026-05-15 10:16:10,2,"7°09'59.92""S 107°24'13.14""E",2192.38,19.575144,22.085733,24.644457,67.078064,-75.50943,12.232459,True,1h
2026-05-15 10:16:14,2,"7°09'59.92""S 107°24'13.14""E",2192.38,19.570612,22.082,24.64342,67.08093,-75.51014,12.232199,True,1h
2026-05-15 10:16:18,2,"7°09'59.92""S 107°24'13.14""E",2192.38,19.566088,22.078272,24.64238,67.083786,-75.51085,12.231938,True,1h
2026-05-15 10:16:22,2,"7°09'59.92""S 107°24'13.14""E",2192.38,19.561556,22.074543,24.641342,67.086655,-75.51155,12.23168,True,1h
2026-05-15 10:16:26,2,"7°09'59.92""S 107°24'13.14""E",2192.38,19.55703,22.070814,24.640305,67.08953,-75.51227,12.231419,True,1h
2026-05-15 10:16:30,2,"7°09'59.92""S 107°24'13.14""E",2192.38,19.552505,22.067083,24.639267,67.0924,-75.51298,12.23116,True,1h
2026-05-15 10:16:34,2,"7°09'59.92""S 107°24'13.14""E",2192.38,19.547977,22.063354,24.638226,67.09526,-75.51369,12.2309,True,1h
2026-05-15 10:16:38,2,"7°09'59.92""S 107°24'13.14""E",2192.38,19.543453,22.059628,24.637188,67.09814,-75.5144,12.23064,True,1h
2026-05-15 10:16:42,2,"7°09'59.92""S 107°24'13.14""E",2192.38,19.538925,22.055897,24.636148,67.10101,-75.515114,12.23038,True,1h
2026-05-15 10:16:46,2,"7°09'59.92""S 107°24'13.14""E",2192.38,19.5344,22.05217,24.635109,67.10388,-75.51582,12.230121,True,1h
2026-05-15 10:16:50,2,"7°09'59.92""S 107°24'13.14""E",2192.38,19.529879,22.04844,24.634071,67.10676,-75.51653,12.22986,True,1h
2026-05-15 10:16:54,2,"7°09'59.92""S 107°24'13.14""E",2192.38,19.525352,22.044712,24.633032,67.109634,-75.51725,12.2296,True,1h
2026-05-15 10:16:58,2,"7°09'59.92""S 107°24'13.14""E",2192.38,19.520832,22.040985,24.631992,67.11251,-75.51796,12.229341,True,1h
2026-05-15 10:17:02,2,"7°09'59.92""S 107°24'13.14""E",2192.38,19.516306,22.037256,24.630953,67.11539,-75.51868,12.22908,True,1h
2026-05-15 10:17:06,2,"7°09'59.92""S 107°24'13.14""E",2192.38,19.511786,22.033525,24.629913,67.11826,-75.51939,12.228821,True,1h
2026-05-15 10:17:10,2,"7°09'59.92""S 107°24'13.14""E",2192.38,19.507261,22.029797,24.628872,67.12115,-75.520096,12.22856,True,1h
2026-05-15 10:17:14,2,"7°09'59.92""S 107°24'13.14""E",2192.38,19.502743,22.026072,24.62783,67.12402,-75.52082,12.2283,True,1h
2026-05-15 10:17:18,2,"7°09'59.92""S 107°24'13.14""E",2192.38,19.498226,22.022346,24.626791,67.126915,-75.52154,12.22804,True,1h
2026-05-15 10:17:22,2,"7°09'59.92""S 107°24'13.14""E",2192.38,19.4937,22.018616,24.62575,67.12979,-75.522255,12.227778,True,1h
2026-05-15 10:17:26,2,"7°09'59.92""S 107°24'13.14""E",2192.38,19.489185,22.014889,24.624708,67.132675,-75.522964,12.227519,True,1h
2026-05-15 10:17:30,2,"7°09'59.92""S 107°24'13.14""E",2192.38,19.484663,22.011158,24.623669,67.13557,-75.52368,12.227259,True,1h
2026-05-15 10:17:34,2,"7°09'59.92""S 107°24'13.14""E",2192.38,19.480146,22.007435,24.622627,67.13846,-75.5244,12.226998,True,1h
2026-05-15 10:17:38,2,"7°09'59.92""S 107°24'13.14""E",2192.38,19.47563,22.003706,24.621584,67.14134,-75.52512,12.226738,True,1h
2026-05-15 10:17:42,2,"7°09'59.92""S 107°24'13.14""E",2192.38,19.47111,21.999979,24.620543,67.14424,-75.52583,12.226478,True,1h
2026-05-15 10:17:46,2,"7°09'59.92""S 107°24'13.14""E",2192.38,19.466593,21.99625,24.6195,67.147125,-75.52655,12.226217,True,1h
2026-05-15 10:17:50,2,"7°09'59.92""S 107°24'13.14""E",2192.38,19.46208,21.992525,24.618458,67.150024,-75.52727,12.225957,True,1h
2026-05-15 10:17:54,2,"7°09'59.92""S 107°24'13.14""E",2192.38,19.457565,21.9888,24.617418,67.152916,-75.527985,12.225696,True,1h
2026-05-15 10:17:58,2,"7°09'59.92""S 107°24'13.14""E",2192.38,19.453053,21.985073,24.616375,67.1558,-75.52871,12.225435,True,1h
2026-05-15 10:18:02,2,"7°09'59.92""S 107°24'13.14""E",2192.38,19.448536,21.981346,24.615332,67.15871,-75.529434,12.225175,True,1h
2026-05-15 10:18:06,2,"7°09'59.92""S 107°24'13.14""E",2192.38,19.444021,21.977621,24.61429,67.161606,-75.53016,12.224913,True,1h
2026-05-15 10:18:10,2,"7°09'59.92""S 107°24'13.14""E",2192.38,19.439508,21.973894,24.613247,67.1645,-75.53087,12.224652,True,1h
2026-05-15 10:18:14,2,"7°09'59.92""S 107°24'13.14""E",2192.38,19.434994,21.970165,24.612204,67.167404,-75.53159,12.224392,True,1h
2026-05-15 10:18:18,2,"7°09'59.92""S 107°24'13.14""E",2192.38,19.430485,21.96644,24.61116,67.1703,-75.53231,12.224132,True,1h
2026-05-15 10:18:22,2,"7°09'59.92""S 107°24'13.14""E",2192.38,19.425974,21.962713,24.610117,67.1732,-75.53303,12.22387,True,1h
2026-05-15 10:18:26,2,"7°09'59.92""S 107°24'13.14""E",2192.38,19.421461,21.958988,24.609074,67.17611,-75.53376,12.223609,True,1h
2026-05-15 10:18:30,2,"7°09'59.92""S 107°24'13.14""E",2192.38,19.416948,21.955263,24.608028,67.17901,-75.53448,12.223349,True,1h
2026-05-15 10:18:34,2,"7°09'59.92""S 107°24'13.14""E",2192.38,19.412437,21.951534,24.606983,67.181915,-75.53521,12.223087,True,1h
2026-05-15 10:18:38,2,"7°09'59.92""S 107°24'13.14""E",2192.38,19.40793,21.94781,24.60594,67.18482,-75.53593,12.222826,True,1h
2026-05-15 10:18:42,2,"7°09'59.92""S 107°24'13.14""E",2192.38,19.403423,21.944088,24.604897,67.18773,-75.53665,12.222566,True,1h
2026-05-15 10:18:46,2,"7°09'59.92""S 107°24'13.14""E",2192.38,19.39891,21.94036,24.603853,67.19064,-75.53738,12.222303,True,1h
2026-05-15 10:18:50,2,"7°09'59.92""S 107°24'13.14""E",2192.38,19.394405,21.936636,24.602806,67.19355,-75.5381,12.222043,True,1h
2026-05-15 10:18:54,2,"7°09'59.92""S 107°24'13.14""E",2192.38,19.389898,21.932909,24.60176,67.19646,-75.538826,12.221782,True,1h
2026-05-15 10:18:58,2,"7°09'59.92""S 107°24'13.14""E",2192.38,19.385387,21.929188,24.600718,67.19938,-75.53955,12.22152,True,1h
2026-05-15 10:19:02,2,"7°09'59.92""S 107°24'13.14""E",2192.38,19.380882,21.925459,24.59967,67.20229,-75.540276,12.221259,True,1h
2026-05-15 10:19:06,2,"7°09'59.92""S 107°24'13.14""E",2192.38,19.376373,21.921734,24.598627,67.20521,-75.541,12.220998,True,1h
2026-05-15 10:19:10,2,"7°09'59.92""S 107°24'13.14""E",2192.38,19.37187,21.918009,24.597582,67.20812,-75.541725,12.220737,True,1h
2026-05-15 10:19:14,2,"7°09'59.92""S 107°24'13.14""E",2192.38,19.367367,21.914286,24.596535,67.211044,-75.54245,12.220475,True,1h
2026-05-15 10:19:18,2,"7°09'59.92""S 107°24'13.14""E",2192.38,19.362864,21.910559,24.59549,67.21396,-75.54318,12.220214,True,1h
2026-05-15 10:19:22,2,"7°09'59.92""S 107°24'13.14""E",2192.38,19.358362,21.906836,24.594442,67.21688,-75.54391,12.219953,True,1h
2026-05-15 10:19:26,2,"7°09'59.92""S 107°24'13.14""E",2192.38,19.353859,21.903112,24.593397,67.2198,-75.54464,12.21969,True,1h
2026-05-15 10:19:30,2,"7°09'59.92""S 107°24'13.14""E",2192.38,19.349352,21.899385,24.59235,67.222725,-75.54536,12.219429,True,1h
2026-05-15 10:19:34,2,"7°09'59.92""S 107°24'13.14""E",2192.38,19.34485,21.895664,24.591301,67.22565,-75.54609,12.219167,True,1h
2026-05-15 10:19:38,2,"7°09'59.92""S 107°24'13.14""E",2192.38,19.34035,21.891937,24.590256,67.22858,-75.54682,12.218906,True,1h
2026-05-15 10:19:42,2,"7°09'59.92""S 107°24'13.14""E",2192.38,19.335848,21.888212,24.589209,67.23151,-75.547554,12.218644,True,1h
2026-05-15 10:19:46,2,"7°09'59.92""S 107°24'13.14""E",2192.38,19.331347,21.88449,24.58816,67.234436,-75.54828,12.218382,True,1h
2026-05-15 10:19:50,2,"7°09'59.92""S 107°24'13.14""E",2192.38,19.326843,21.880766,24.587114,67.23736,-75.54901,12.218121,True,1h
2026-05-15 10:19:54,2,"7°09'59.92""S 107°24'13.14""E",2192.38,19.322346,21.87704,24.586065,67.24029,-75.54974,12.217858,True,1h
2026-05-15 10:19:58,2,"7°09'59.92""S 107°24'13.14""E",2192.38,19.317846,21.873316,24.585018,67.243225,-75.550476,12.217597,True,1h
2026-05-15 10:20:02,2,"7°09'59.92""S 107°24'13.14""E",2192.38,19.313349,21.869595,24.58397,67.24615,-75.55121,12.217336,True,1h
2026-05-15 10:20:06,2,"7°09'59.92""S 107°24'13.14""E",2192.38,19.308851,21.86587,24.58292,67.24909,-75.55193,12.2170725,True,1h
2026-05-15 10:20:10,2,"7°09'59.92""S 107°24'13.14""E",2192.38,19.304354,21.862146,24.581871,67.25202,-75.552666,12.21681,True,1h
2026-05-15 10:20:14,2,"7°09'59.92""S 107°24'13.14""E",2192.38,19.299856,21.858421,24.580824,67.25496,-75.553406,12.21655,True,1h
2026-05-15 10:20:18,2,"7°09'59.92""S 107°24'13.14""E",2192.38,19.295359,21.854698,24.579777,67.2579,-75.55413,12.216288,True,1h
2026-05-15 10:20:22,2,"7°09'59.92""S 107°24'13.14""E",2192.38,19.290861,21.850975,24.578726,67.26083,-75.55487,12.216024,True,1h
2026-05-15 10:20:26,2,"7°09'59.92""S 107°24'13.14""E",2192.38,19.286364,21.84725,24.577677,67.26377,-75.555595,12.215763,True,1h
2026-05-15 10:20:30,2,"7°09'59.92""S 107°24'13.14""E",2192.38,19.281872,21.843527,24.576628,67.266716,-75.556335,12.215501,True,1h
2026-05-15 10:20:34,2,"7°09'59.92""S 107°24'13.14""E",2192.38,19.277374,21.839804,24.575579,67.26966,-75.55707,12.215239,True,1h
2026-05-15 10:20:38,2,"7°09'59.92""S 107°24'13.14""E",2192.38,19.27288,21.836082,24.574528,67.272606,-75.55781,12.214975,True,1h
2026-05-15 10:20:42,2,"7°09'59.92""S 107°24'13.14""E",2192.38,19.268387,21.832355,24.573479,67.27554,-75.55854,12.214713,True,1h
2026-05-15 10:20:46,2,"7°09'59.92""S 107°24'13.14""E",2192.38,19.263891,21.828632,24.572426,67.278496,-75.55928,12.214451,True,1h
2026-05-15 10:20:50,2,"7°09'59.92""S 107°24'13.14""E",2192.38,19.259401,21.824913,24.571377,67.28145,-75.56001,12.21419,True,1h
2026-05-15 10:20:54,2,"7°09'59.92""S 107°24'13.14""E",2192.38,19.254913,21.82119,24.570326,67.28439,-75.56075,12.213927,True,1h
2026-05-15 10:20:58,2,"7°09'59.92""S 107°24'13.14""E",2192.38,19.250418,21.817465,24.569275,67.287346,-75.56149,12.213664,True,1h
2026-05-15 10:21:02,2,"7°09'59.92""S 107°24'13.14""E",2192.38,19.245924,21.81374,24.568226,67.29029,-75.562225,12.213402,True,1h
2026-05-15 10:21:06,2,"7°09'59.92""S 107°24'13.14""E",2192.38,19.241434,21.81002,24.567177,67.29324,-75.56296,12.213139,True,1h
2026-05-15 10:21:10,2,"7°09'59.92""S 107°24'13.14""E",2192.38,19.236946,21.806295,24.566122,67.2962,-75.563705,12.212875,True,1h
2026-05-15 10:21:14,2,"7°09'59.92""S 107°24'13.14""E",2192.38,19.232454,21.802572,24.565071,67.29916,-75.56444,12.212613,True,1h
2026-05-15 10:21:18,2,"7°09'59.92""S 107°24'13.14""E",2192.38,19.227962,21.79885,24.564018,67.30211,-75.56518,12.212351,True,1h
2026-05-15 10:21:22,2,"7°09'59.92""S 107°24'13.14""E",2192.38,19.223473,21.795128,24.562971,67.30507,-75.56592,12.212088,True,1h
2026-05-15 10:21:26,2,"7°09'59.92""S 107°24'13.14""E",2192.38,19.218988,21.791403,24.561916,67.30803,-75.56666,12.211825,True,1h
2026-05-15 10:21:30,2,"7°09'59.92""S 107°24'13.14""E",2192.38,19.214497,21.787682,24.560863,67.31099,-75.5674,12.211562,True,1h
2026-05-15 10:21:34,2,"7°09'59.92""S 107°24'13.14""E",2192.38,19.21001,21.783958,24.55981,67.31395,-75.568146,12.2113,True,1h
2026-05-15 10:21:38,2,"7°09'59.92""S 107°24'13.14""E",2192.38,19.205524,21.780237,24.558758,67.31692,-75.56888,12.211037,True,1h
2026-05-15 10:21:42,2,"7°09'59.92""S 107°24'13.14""E",2192.38,19.201036,21.776516,24.557707,67.31988,-75.56962,12.210773,True,1h
2026-05-15 10:21:46,2,"7°09'59.92""S 107°24'13.14""E",2192.38,19.196552,21.772793,24.556652,67.322845,-75.570366,12.21051,True,1h
2026-05-15 10:21:50,2,"7°09'59.92""S 107°24'13.14""E",2192.38,19.192066,21.76907,24.5556,67.325806,-75.57111,12.210248,True,1h
2026-05-15 10:21:54,2,"7°09'59.92""S 107°24'13.14""E",2192.38,19.18758,21.765348,24.554546,67.32877,-75.571846,12.209985,True,1h
2026-05-15 10:21:58,2,"7°09'59.92""S 107°24'13.14""E",2192.38,19.183098,21.761627,24.553495,67.33174,-75.572586,12.209721,True,1h
2026-05-15 10:22:02,2,"7°09'59.92""S 107°24'13.14""E",2192.38,19.17861,21.7579,24.55244,67.33471,-75.57333,12.209457,True,1h
2026-05-15 10:22:06,2,"7°09'59.92""S 107°24'13.14""E",2192.38,19.174128,21.75418,24.551386,67.337685,-75.57407,12.209195,True,1h
2026-05-15 10:22:10,2,"7°09'59.92""S 107°24'13.14""E",2192.38,19.169645,21.750458,24.550333,67.34066,-75.57482,12.208931,True,1h
2026-05-15 10:22:14,2,"7°09'59.92""S 107°24'13.14""E",2192.38,19.165165,21.746737,24.549278,67.34363,-75.57557,12.208669,True,1h
2026-05-15 10:22:18,2,"7°09'59.92""S 107°24'13.14""E",2192.38,19.160679,21.743013,24.548223,67.34661,-75.57631,12.2084055,True,1h
2026-05-15 10:22:22,2,"7°09'59.92""S 107°24'13.14""E",2192.38,19.156199,21.73929,24.547169,67.34958,-75.57706,12.208141,True,1h
2026-05-15 10:22:26,2,"7°09'59.92""S 107°24'13.14""E",2192.38,19.151722,21.73557,24.546116,67.35256,-75.577805,12.207878,True,1h
2026-05-15 10:22:30,2,"7°09'59.92""S 107°24'13.14""E",2192.38,19.147234,21.731848,24.545057,67.35554,-75.578545,12.207615,True,1h
2026-05-15 10:22:34,2,"7°09'59.92""S 107°24'13.14""E",2192.38,19.14276,21.728125,24.544004,67.35852,-75.5793,12.207352,True,1h
2026-05-15 10:22:38,2,"7°09'59.92""S 107°24'13.14""E",2192.38,19.138277,21.724403,24.54295,67.3615,-75.58005,12.2070875,True,1h
2026-05-15 10:22:42,2,"7°09'59.92""S 107°24'13.14""E",2192.38,19.133802,21.720684,24.541893,67.36448,-75.58079,12.206823,True,1h
2026-05-15 10:22:46,2,"7°09'59.92""S 107°24'13.14""E",2192.38,19.129318,21.716959,24.540838,67.36747,-75.58154,12.20656,True,1h
2026-05-15 10:22:50,2,"7°09'59.92""S 107°24'13.14""E",2192.38,19.124838,21.713238,24.539782,67.37045,-75.58229,12.206296,True,1h
2026-05-15 10:22:54,2,"7°09'59.92""S 107°24'13.14""E",2192.38,19.12036,21.709515,24.538725,67.37344,-75.58304,12.206033,True,1h
2026-05-15 10:22:58,2,"7°09'59.92""S 107°24'13.14""E",2192.38,19.115883,21.705795,24.53767,67.37643,-75.58378,12.205769,True,1h
2026-05-15 10:23:02,2,"7°09'59.92""S 107°24'13.14""E",2192.38,19.111403,21.702072,24.536613,67.37942,-75.58453,12.205505,True,1h
2026-05-15 10:23:06,2,"7°09'59.92""S 107°24'13.14""E",2192.38,19.10693,21.69835,24.535557,67.38241,-75.58528,12.205241,True,1h
2026-05-15 10:23:10,2,"7°09'59.92""S 107°24'13.14""E",2192.38,19.102453,21.694628,24.534498,67.3854,-75.58603,12.204978,True,1h
2026-05-15 10:23:14,2,"7°09'59.92""S 107°24'13.14""E",2192.38,19.09798,21.690908,24.533442,67.38839,-75.586784,12.204714,True,1h
2026-05-15 10:23:18,2,"7°09'59.92""S 107°24'13.14""E",2192.38,19.093498,21.687183,24.532385,67.39139,-75.58753,12.204451,True,1h
2026-05-15 10:23:22,2,"7°09'59.92""S 107°24'13.14""E",2192.38,19.08903,21.683462,24.531324,67.39438,-75.588295,12.204185,True,1h
2026-05-15 10:23:26,2,"7°09'59.92""S 107°24'13.14""E",2192.38,19.084555,21.679745,24.530268,67.39738,-75.589035,12.203921,True,1h
2026-05-15 10:23:30,2,"7°09'59.92""S 107°24'13.14""E",2192.38,19.080076,21.676022,24.529211,67.40038,-75.58979,12.203657,True,1h
2026-05-15 10:23:34,2,"7°09'59.92""S 107°24'13.14""E",2192.38,19.075605,21.672298,24.528154,67.40338,-75.590546,12.203393,True,1h
2026-05-15 10:23:38,2,"7°09'59.92""S 107°24'13.14""E",2192.38,19.07113,21.668575,24.527094,67.40638,-75.59129,12.20313,True,1h
2026-05-15 10:23:42,2,"7°09'59.92""S 107°24'13.14""E",2192.38,19.066656,21.664856,24.526037,67.40938,-75.59204,12.202865,True,1h
2026-05-15 10:23:46,2,"7°09'59.92""S 107°24'13.14""E",2192.38,19.06219,21.661135,24.524979,67.41238,-75.592804,12.2026005,True,1h
2026-05-15 10:23:50,2,"7°09'59.92""S 107°24'13.14""E",2192.38,19.057716,21.657412,24.523918,67.41538,-75.59356,12.202336,True,1h
2026-05-15 10:23:54,2,"7°09'59.92""S 107°24'13.14""E",2192.38,19.053244,21.65369,24.522861,67.41839,-75.594315,12.202072,True,1h
2026-05-15 10:23:58,2,"7°09'59.92""S 107°24'13.14""E",2192.38,19.048775,21.649971,24.521801,67.421394,-75.59506,12.201808,True,1h
2026-05-15 10:24:02,2,"7°09'59.92""S 107°24'13.14""E",2192.38,19.044302,21.646248,24.520742,67.42441,-75.59582,12.201543,True,1h
2026-05-15 10:24:06,2,"7°09'59.92""S 107°24'13.14""E",2192.38,19.039835,21.642527,24.519682,67.427414,-75.59658,12.201278,True,1h
2026-05-15 10:24:10,2,"7°09'59.92""S 107°24'13.14""E",2192.38,19.03536,21.638802,24.518621,67.43043,-75.597336,12.201014,True,1h
2026-05-15 10:24:14,2,"7°09'59.92""S 107°24'13.14""E",2192.38,19.030897,21.635084,24.517563,67.43344,-75.59808,12.200749,True,1h
2026-05-15 10:24:18,2,"7°09'59.92""S 107°24'13.14""E",2192.38,19.026423,21.631357,24.5165,67.436455,-75.59885,12.200484,True,1h
2026-05-15 10:24:22,2,"7°09'59.92""S 107°24'13.14""E",2192.38,19.021957,21.62764,24.51544,67.43947,-75.5996,12.200219,True,1h
2026-05-15 10:24:26,2,"7°09'59.92""S 107°24'13.14""E",2192.38,19.01749,21.623915,24.514381,67.44248,-75.600365,12.199955,True,1h
2026-05-15 10:24:30,2,"7°09'59.92""S 107°24'13.14""E",2192.38,19.013021,21.620193,24.51332,67.4455,-75.60112,12.19969,True,1h
2026-05-15 10:24:34,2,"7°09'59.92""S 107°24'13.14""E",2192.38,19.008554,21.616474,24.51226,67.44852,-75.60188,12.199425,True,1h
2026-05-15 10:24:38,2,"7°09'59.92""S 107°24'13.14""E",2192.38,19.004087,21.612753,24.511198,67.45154,-75.60264,12.199161,True,1h
2026-05-15 10:24:42,2,"7°09'59.92""S 107°24'13.14""E",2192.38,18.999622,21.60903,24.510136,67.45457,-75.6034,12.198895,True,1h
2026-05-15 10:24:46,2,"7°09'59.92""S 107°24'13.14""E",2192.38,18.995161,21.60531,24.509077,67.45758,-75.60416,12.19863,True,1h
2026-05-15 10:24:50,2,"7°09'59.92""S 107°24'13.14""E",2192.38,18.990692,21.601587,24.508015,67.46061,-75.60492,12.198366,True,1h
2026-05-15 10:24:54,2,"7°09'59.92""S 107°24'13.14""E",2192.38,18.986229,21.597866,24.506952,67.46363,-75.605675,12.198101,True,1h
2026-05-15 10:24:58,2,"7°09'59.92""S 107°24'13.14""E",2192.38,18.981762,21.594145,24.50589,67.46666,-75.60644,12.197836,True,1h
2026-05-15 10:25:02,2,"7°09'59.92""S 107°24'13.14""E",2192.38,18.977297,21.590424,24.504827,67.46969,-75.6072,12.197571,True,1h
2026-05-15 10:25:06,2,"7°09'59.92""S 107°24'13.14""E",2192.38,18.972832,21.5867,24.503765,67.47272,-75.60796,12.197306,True,1h
2026-05-15 10:25:10,2,"7°09'59.92""S 107°24'13.14""E",2192.38,18.968376,21.58298,24.502703,67.475746,-75.60872,12.19704,True,1h
2026-05-15 10:25:14,2,"7°09'59.92""S 107°24'13.14""E",2192.38,18.963907,21.579258,24.50164,67.478775,-75.60948,12.1967745,True,1h
2026-05-15 10:25:18,2,"7°09'59.92""S 107°24'13.14""E",2192.38,18.959448,21.575535,24.500578,67.48181,-75.610245,12.196509,True,1h
2026-05-15 10:25:22,2,"7°09'59.92""S 107°24'13.14""E",2192.38,18.954985,21.571812,24.499512,67.48485,-75.611015,12.196244,True,1h
2026-05-15 10:25:26,2,"7°09'59.92""S 107°24'13.14""E",2192.38,18.950527,21.56809,24.49845,67.487885,-75.61178,12.195979,True,1h
2026-05-15 10:25:30,2,"7°09'59.92""S 107°24'13.14""E",2192.38,18.946064,21.564371,24.497387,67.49091,-75.61253,12.195713,True,1h
2026-05-15 10:25:34,2,"7°09'59.92""S 107°24'13.14""E",2192.38,18.941603,21.56065,24.496323,67.49396,-75.613304,12.195448,True,1h
2026-05-15 10:25:38,2,"7°09'59.92""S 107°24'13.14""E",2192.38,18.93714,21.556925,24.49526,67.496994,-75.61407,12.195182,True,1h
2026-05-15 10:25:42,2,"7°09'59.92""S 107°24'13.14""E",2192.38,18.932686,21.553205,24.494198,67.50004,-75.61483,12.194917,True,1h
2026-05-15 10:25:46,2,"7°09'59.92""S 107°24'13.14""E",2192.38,18.928223,21.549482,24.49313,67.50308,-75.6156,12.194652,True,1h
2026-05-15 10:25:50,2,"7°09'59.92""S 107°24'13.14""E",2192.38,18.923765,21.545761,24.492067,67.50612,-75.61636,12.194386,True,1h
2026-05-15 10:25:54,2,"7°09'59.92""S 107°24'13.14""E",2192.38,18.919312,21.54204,24.491003,67.50916,-75.617134,12.194119,True,1h
2026-05-15 10:25:58,2,"7°09'59.92""S 107°24'13.14""E",2192.38,18.914848,21.538315,24.489935,67.512215,-75.6179,12.193854,True,1h
2026-05-15 10:26:02,2,"7°09'59.92""S 107°24'13.14""E",2192.38,18.91039,21.534594,24.488873,67.51527,-75.61867,12.193588,True,1h
2026-05-15 10:26:06,2,"7°09'59.92""S 107°24'13.14""E",2192.38,18.905935,21.530872,24.487806,67.51831,-75.61944,12.193323,True,1h
2026-05-15 10:26:10,2,"7°09'59.92""S 107°24'13.14""E",2192.38,18.901478,21.527153,24.486742,67.52136,-75.62019,12.193057,True,1h
2026-05-15 10:26:14,2,"7°09'59.92""S 107°24'13.14""E",2192.38,18.897024,21.523428,24.485674,67.524414,-75.62097,12.19279,True,1h
2026-05-15 10:26:18,2,"7°09'59.92""S 107°24'13.14""E",2192.38,18.892567,21.519709,24.48461,67.527466,-75.62174,12.192525,True,1h
2026-05-15 10:26:22,2,"7°09'59.92""S 107°24'13.14""E",2192.38,18.888107,21.515984,24.483541,67.53052,-75.622505,12.192258,True,1h
2026-05-15 10:26:26,2,"7°09'59.92""S 107°24'13.14""E",2192.38,18.883654,21.512262,24.482475,67.53357,-75.623276,12.191993,True,1h
2026-05-15 10:26:30,2,"7°09'59.92""S 107°24'13.14""E",2192.38,18.8792,21.50854,24.48141,67.53663,-75.62405,12.191726,True,1h
2026-05-15 10:26:34,2,"7°09'59.92""S 107°24'13.14""E",2192.38,18.874746,21.504822,24.480343,67.539696,-75.62482,12.19146,True,1h
2026-05-15 10:26:38,2,"7°09'59.92""S 107°24'13.14""E",2192.38,18.870296,21.501097,24.479275,67.54275,-75.625595,12.191194,True,1h
2026-05-15 10:26:42,2,"7°09'59.92""S 107°24'13.14""E",2192.38,18.865835,21.497372,24.47821,67.54581,-75.626366,12.190927,True,1h
2026-05-15 10:26:46,2,"7°09'59.92""S 107°24'13.14""E",2192.38,18.861385,21.49365,24.477142,67.548874,-75.62714,12.190661,True,1h
2026-05-15 10:26:50,2,"7°09'59.92""S 107°24'13.14""E",2192.38,18.856934,21.48993,24.476074,67.55193,-75.62791,12.190395,True,1h
2026-05-15 10:26:54,2,"7°09'59.92""S 107°24'13.14""E",2192.38,18.852478,21.486206,24.475006,67.555,-75.62868,12.190128,True,1h
2026-05-15 10:26:58,2,"7°09'59.92""S 107°24'13.14""E",2192.38,18.848028,21.482485,24.47394,67.55807,-75.62945,12.189861,True,1h
2026-05-15 10:27:02,2,"7°09'59.92""S 107°24'13.14""E",2192.38,18.843576,21.478762,24.472872,67.561134,-75.63022,12.189596,True,1h
2026-05-15 10:27:06,2,"7°09'59.92""S 107°24'13.14""E",2192.38,18.839127,21.475039,24.471804,67.5642,-75.63099,12.189328,True,1h
2026-05-15 10:27:10,2,"7°09'59.92""S 107°24'13.14""E",2192.38,18.834675,21.471317,24.470734,67.56727,-75.631775,12.189063,True,1h
2026-05-15 10:27:14,2,"7°09'59.92""S 107°24'13.14""E",2192.38,18.830225,21.467592,24.469666,67.57034,-75.632545,12.188796,True,1h
2026-05-15 10:27:18,2,"7°09'59.92""S 107°24'13.14""E",2192.38,18.825775,21.463871,24.468597,67.57342,-75.633316,12.188529,True,1h
2026-05-15 10:27:22,2,"7°09'59.92""S 107°24'13.14""E",2192.38,18.821323,21.460148,24.467527,67.576485,-75.634094,12.188262,True,1h
2026-05-15 10:27:26,2,"7°09'59.92""S 107°24'13.14""E",2192.38,18.816877,21.456427,24.46646,67.57957,-75.63487,12.187996,True,1h
2026-05-15 10:27:30,2,"7°09'59.92""S 107°24'13.14""E",2192.38,18.812428,21.452705,24.46539,67.582634,-75.63564,12.187729,True,1h
2026-05-15 10:27:34,2,"7°09'59.92""S 107°24'13.14""E",2192.38,18.807976,21.448982,24.464321,67.58572,-75.63642,12.187462,True,1h
2026-05-15 10:27:38,2,"7°09'59.92""S 107°24'13.14""E",2192.38,18.80353,21.445257,24.46325,67.58879,-75.6372,12.187195,True,1h
2026-05-15 10:27:42,2,"7°09'59.92""S 107°24'13.14""E",2192.38,18.799086,21.441536,24.46218,67.59187,-75.63798,12.186929,True,1h
2026-05-15 10:27:46,2,"7°09'59.92""S 107°24'13.14""E",2192.38,18.794638,21.437809,24.46111,67.594955,-75.63875,12.186662,True,1h
2026-05-15 10:27:50,2,"7°09'59.92""S 107°24'13.14""E",2192.38,18.790194,21.43409,24.46004,67.59804,-75.639534,12.186394,True,1h
2026-05-15 10:27:54,2,"7°09'59.92""S 107°24'13.14""E",2192.38,18.785746,21.430365,24.458967,67.60113,-75.64031,12.186127,True,1h
2026-05-15 10:27:58,2,"7°09'59.92""S 107°24'13.14""E",2192.38,18.781296,21.42664,24.457897,67.60422,-75.64109,12.18586,True,1h
2026-05-15 10:28:02,2,"7°09'59.92""S 107°24'13.14""E",2192.38,18.77685,21.422918,24.456827,67.6073,-75.64187,12.185593,True,1h
2026-05-15 10:28:06,2,"7°09'59.92""S 107°24'13.14""E",2192.38,18.772404,21.419195,24.455753,67.61039,-75.64265,12.185325,True,1h
2026-05-15 10:28:10,2,"7°09'59.92""S 107°24'13.14""E",2192.38,18.767962,21.41547,24.454683,67.61348,-75.643425,12.185058,True,1h
2026-05-15 10:28:14,2,"7°09'59.92""S 107°24'13.14""E",2192.38,18.763517,21.411747,24.45361,67.61657,-75.64421,12.184792,True,1h
2026-05-15 10:28:18,2,"7°09'59.92""S 107°24'13.14""E",2192.38,18.759073,21.408022,24.45254,67.61967,-75.64499,12.184524,True,1h
2026-05-15 10:28:22,2,"7°09'59.92""S 107°24'13.14""E",2192.38,18.754627,21.4043,24.451466,67.622765,-75.645775,12.184256,True,1h
2026-05-15 10:28:26,2,"7°09'59.92""S 107°24'13.14""E",2192.38,18.750185,21.400576,24.450394,67.625854,-75.64655,12.183989,True,1h
2026-05-15 10:28:30,2,"7°09'59.92""S 107°24'13.14""E",2192.38,18.745747,21.396854,24.449322,67.62895,-75.64734,12.183721,True,1h
2026-05-15 10:28:34,2,"7°09'59.92""S 107°24'13.14""E",2192.38,18.741302,21.39313,24.448252,67.63205,-75.64812,12.183454,True,1h
2026-05-15 10:28:38,2,"7°09'59.92""S 107°24'13.14""E",2192.38,18.736858,21.389406,24.447176,67.63515,-75.648895,12.183186,True,1h
2026-05-15 10:28:42,2,"7°09'59.92""S 107°24'13.14""E",2192.38,18.732414,21.385681,24.446106,67.63825,-75.64969,12.182918,True,1h
2026-05-15 10:28:46,2,"7°09'59.92""S 107°24'13.14""E",2192.38,18.727972,21.381956,24.44503,67.64135,-75.65047,12.182651,True,1h
2026-05-15 10:28:50,2,"7°09'59.92""S 107°24'13.14""E",2192.38,18.723536,21.378235,24.443956,67.644455,-75.651245,12.182384,True,1h
2026-05-15 10:28:54,2,"7°09'59.92""S 107°24'13.14""E",2192.38,18.719097,21.37451,24.442883,67.64756,-75.65203,12.182115,True,1h
2026-05-15 10:28:58,2,"7°09'59.92""S 107°24'13.14""E",2192.38,18.714655,21.370789,24.44181,67.650665,-75.65282,12.181848,True,1h
2026-05-15 10:29:02,2,"7°09'59.92""S 107°24'13.14""E",2192.38,18.710215,21.367062,24.440737,67.65378,-75.65361,12.18158,True,1h
2026-05-15 10:29:06,2,"7°09'59.92""S 107°24'13.14""E",2192.38,18.705774,21.363337,24.439661,67.65688,-75.65438,12.181312,True,1h
2026-05-15 10:29:10,2,"7°09'59.92""S 107°24'13.14""E",2192.38,18.701334,21.359615,24.438587,67.659996,-75.655174,12.181045,True,1h
2026-05-15 10:29:14,2,"7°09'59.92""S 107°24'13.14""E",2192.38,18.696898,21.355888,24.437511,67.66311,-75.65597,12.180775,True,1h
2026-05-15 10:29:18,2,"7°09'59.92""S 107°24'13.14""E",2192.38,18.69246,21.352163,24.436438,67.666214,-75.65675,12.180508,True,1h
2026-05-15 10:29:22,2,"7°09'59.92""S 107°24'13.14""E",2192.38,18.68802,21.34844,24.435362,67.669334,-75.65754,12.18024,True,1h
2026-05-15 10:29:26,2,"7°09'59.92""S 107°24'13.14""E",2192.38,18.683582,21.344713,24.434286,67.67245,-75.658325,12.179971,True,1h
2026-05-15 10:29:30,2,"7°09'59.92""S 107°24'13.14""E",2192.38,18.679144,21.34099,24.433214,67.67557,-75.65911,12.179703,True,1h
2026-05-15 10:29:34,2,"7°09'59.92""S 107°24'13.14""E",2192.38,18.674707,21.337265,24.432138,67.67868,-75.659904,12.179435,True,1h
2026-05-15 10:29:38,2,"7°09'59.92""S 107°24'13.14""E",2192.38,18.670273,21.33354,24.43106,67.6818,-75.66069,12.179166,True,1h
2026-05-15 10:29:42,2,"7°09'59.92""S 107°24'13.14""E",2192.38,18.665836,21.329813,24.429985,67.68493,-75.661476,12.178898,True,1h
2026-05-15 10:29:46,2,"7°09'59.92""S 107°24'13.14""E",2192.38,18.661402,21.32609,24.42891,67.68805,-75.66227,12.17863,True,1h
2026-05-15 10:29:50,2,"7°09'59.92""S 107°24'13.14""E",2192.38,18.656965,21.322363,24.427832,67.69117,-75.663055,12.178361,True,1h
2026-05-15 10:29:54,2,"7°09'59.92""S 107°24'13.14""E",2192.38,18.65253,21.31864,24.426756,67.6943,-75.66385,12.178093,True,1h
2026-05-15 10:29:58,2,"7°09'59.92""S 107°24'13.14""E",2192.38,18.648092,21.31491,24.42568,67.697426,-75.66464,12.177825,True,1h
2026-05-15 10:30:02,2,"7°09'59.92""S 107°24'13.14""E",2192.38,18.643661,21.311186,24.4246,67.70056,-75.665436,12.177555,True,1h
2026-05-15 10:30:06,2,"7°09'59.92""S 107°24'13.14""E",2192.38,18.639225,21.307463,24.423525,67.703674,-75.66622,12.177287,True,1h
2026-05-15 10:30:10,2,"7°09'59.92""S 107°24'13.14""E",2192.38,18.634798,21.30374,24.422445,67.70681,-75.667015,12.177019,True,1h
2026-05-15 10:30:14,2,"7°09'59.92""S 107°24'13.14""E",2192.38,18.630356,21.300009,24.42137,67.709946,-75.6678,12.17675,True,1h
2026-05-15 10:30:18,2,"7°09'59.92""S 107°24'13.14""E",2192.38,18.625925,21.296286,24.420292,67.71308,-75.6686,12.176481,True,1h
2026-05-15 10:30:22,2,"7°09'59.92""S 107°24'13.14""E",2192.38,18.621494,21.29256,24.419212,67.71622,-75.669395,12.176211,True,1h
2026-05-15 10:30:26,2,"7°09'59.92""S 107°24'13.14""E",2192.38,18.61706,21.288832,24.418137,67.71935,-75.67019,12.175943,True,1h
2026-05-15 10:30:30,2,"7°09'59.92""S 107°24'13.14""E",2192.38,18.612633,21.285105,24.417055,67.722496,-75.67098,12.175675,True,1h
2026-05-15 10:30:34,2,"7°09'59.92""S 107°24'13.14""E",2192.38,18.6082,21.281382,24.41598,67.72563,-75.671776,12.175406,True,1h
2026-05-15 10:30:38,2,"7°09'59.92""S 107°24'13.14""E",2192.38,18.603767,21.277655,24.414898,67.72877,-75.67257,12.175137,True,1h
2026-05-15 10:30:42,2,"7°09'59.92""S 107°24'13.14""E",2192.38,18.599335,21.273928,24.41382,67.73192,-75.67336,12.174868,True,1h
2026-05-15 10:30:46,2,"7°09'59.92""S 107°24'13.14""E",2192.38,18.594904,21.2702,24.41274,67.735054,-75.67416,12.174599,True,1h
2026-05-15 10:30:50,2,"7°09'59.92""S 107°24'13.14""E",2192.38,18.590477,21.266474,24.41166,67.7382,-75.67496,12.174329,True,1h
2026-05-15 10:30:54,2,"7°09'59.92""S 107°24'13.14""E",2192.38,18.586046,21.262749,24.410582,67.74135,-75.67575,12.174061,True,1h
2026-05-15 10:30:58,2,"7°09'59.92""S 107°24'13.14""E",2192.38,18.581615,21.25902,24.409502,67.7445,-75.67655,12.173791,True,1h
2026-05-15 10:31:02,2,"7°09'59.92""S 107°24'13.14""E",2192.38,18.577187,21.255293,24.40842,67.74764,-75.677345,12.173521,True,1h
2026-05-15 10:31:06,2,"7°09'59.92""S 107°24'13.14""E",2192.38,18.572756,21.251564,24.40734,67.75079,-75.67815,12.173252,True,1h
2026-05-15 10:31:10,2,"7°09'59.92""S 107°24'13.14""E",2192.38,18.568329,21.24784,24.406261,67.75395,-75.67895,12.172983,True,1h
2026-05-15 10:31:14,2,"7°09'59.92""S 107°24'13.14""E",2192.38,18.5639,21.244112,24.40518,67.7571,-75.67974,12.172713,True,1h
2026-05-15 10:31:18,2,"7°09'59.92""S 107°24'13.14""E",2192.38,18.559475,21.240383,24.404099,67.76026,-75.68054,12.172444,True,1h
2026-05-15 10:31:22,2,"7°09'59.92""S 107°24'13.14""E",2192.38,18.555044,21.236656,24.403017,67.76341,-75.68134,12.172174,True,1h
2026-05-15 10:31:26,2,"7°09'59.92""S 107°24'13.14""E",2192.38,18.550617,21.23293,24.401936,67.76657,-75.682144,12.1719055,True,1h
2026-05-15 10:31:30,2,"7°09'59.92""S 107°24'13.14""E",2192.38,18.546194,21.2292,24.400854,67.76972,-75.682945,12.171636,True,1h
2026-05-15 10:31:34,2,"7°09'59.92""S 107°24'13.14""E",2192.38,18.541763,21.225473,24.399773,67.77289,-75.68375,12.171366,True,1h
2026-05-15 10:31:38,2,"7°09'59.92""S 107°24'13.14""E",2192.38,18.53734,21.221745,24.398691,67.776054,-75.68455,12.171096,True,1h
2026-05-15 10:31:42,2,"7°09'59.92""S 107°24'13.14""E",2192.38,18.532913,21.218016,24.39761,67.77921,-75.68535,12.170826,True,1h
2026-05-15 10:31:46,2,"7°09'59.92""S 107°24'13.14""E",2192.38,18.528488,21.214289,24.396526,67.78238,-75.68615,12.170556,True,1h
2026-05-15 10:31:50,2,"7°09'59.92""S 107°24'13.14""E",2192.38,18.524063,21.21056,24.395445,67.785545,-75.68695,12.170286,True,1h
2026-05-15 10:31:54,2,"7°09'59.92""S 107°24'13.14""E",2192.38,18.51964,21.206831,24.394361,67.78871,-75.68775,12.170016,True,1h
2026-05-15 10:31:58,2,"7°09'59.92""S 107°24'13.14""E",2192.38,18.515213,21.203102,24.39328,67.791885,-75.68855,12.169746,True,1h
2026-05-15 10:32:02,2,"7°09'59.92""S 107°24'13.14""E",2192.38,18.510792,21.199375,24.392197,67.79505,-75.689354,12.1694765,True,1h
2026-05-15 10:32:06,2,"7°09'59.92""S 107°24'13.14""E",2192.38,18.506363,21.195644,24.391111,67.79822,-75.69016,12.169206,True,1h
2026-05-15 10:32:10,2,"7°09'59.92""S 107°24'13.14""E",2192.38,18.501942,21.191916,24.390028,67.80139,-75.69096,12.168937,True,1h
2026-05-15 10:32:14,2,"7°09'59.92""S 107°24'13.14""E",2192.38,18.497519,21.188187,24.388945,67.80457,-75.69177,12.168666,True,1h
2026-05-15 10:32:18,2,"7°09'59.92""S 107°24'13.14""E",2192.38,18.493097,21.184456,24.387863,67.80775,-75.69257,12.168396,True,1h
2026-05-15 10:32:22,2,"7°09'59.92""S 107°24'13.14""E",2192.38,18.488674,21.180729,24.386776,67.81092,-75.693375,12.168125,True,1h
2026-05-15 10:32:26,2,"7°09'59.92""S 107°24'13.14""E",2192.38,18.484251,21.177,24.385695,67.8141,-75.69418,12.167854,True,1h
2026-05-15 10:32:30,2,"7°09'59.92""S 107°24'13.14""E",2192.38,18.47983,21.17327,24.384607,67.817276,-75.69499,12.167585,True,1h
2026-05-15 10:32:34,2,"7°09'59.92""S 107°24'13.14""E",2192.38,18.475409,21.169538,24.383524,67.820465,-75.69579,12.1673155,True,1h
2026-05-15 10:32:38,2,"7°09'59.92""S 107°24'13.14""E",2192.38,18.47099,21.165808,24.382439,67.82365,-75.69661,12.167044,True,1h
2026-05-15 10:32:42,2,"7°09'59.92""S 107°24'13.14""E",2192.38,18.466566,21.162079,24.381353,67.82683,-75.69741,12.166774,True,1h
2026-05-15 10:32:46,2,"7°09'59.92""S 107°24'13.14""E",2192.38,18.462145,21.15835,24.380268,67.83002,-75.69822,12.166503,True,1h
2026-05-15 10:32:50,2,"7°09'59.92""S 107°24'13.14""E",2192.38,18.457726,21.154617,24.379179,67.8332,-75.69903,12.166232,True,1h
2026-05-15 10:32:54,2,"7°09'59.92""S 107°24'13.14""E",2192.38,18.453304,21.150888,24.378096,67.836395,-75.69984,12.165961,True,1h
2026-05-15 10:32:58,2,"7°09'59.92""S 107°24'13.14""E",2192.38,18.448887,21.147158,24.377008,67.839584,-75.700645,12.16569,True,1h
2026-05-15 10:33:02,2,"7°09'59.92""S 107°24'13.14""E",2192.38,18.44447,21.143429,24.375925,67.84277,-75.701454,12.165421,True,1h
2026-05-15 10:33:06,2,"7°09'59.92""S 107°24'13.14""E",2192.38,18.440048,21.139698,24.374838,67.84597,-75.70226,12.16515,True,1h
2026-05-15 10:33:10,2,"7°09'59.92""S 107°24'13.14""E",2192.38,18.435629,21.135965,24.37375,67.84917,-75.70307,12.164878,True,1h
2026-05-15 10:33:14,2,"7°09'59.92""S 107°24'13.14""E",2192.38,18.43121,21.132233,24.372663,67.852356,-75.70389,12.164608,True,1h
2026-05-15 10:33:18,2,"7°09'59.92""S 107°24'13.14""E",2192.38,18.42679,21.128502,24.371574,67.85555,-75.7047,12.164336,True,1h
2026-05-15 10:33:22,2,"7°09'59.92""S 107°24'13.14""E",2192.38,18.422373,21.124771,24.37049,67.85875,-75.70551,12.164065,True,1h
2026-05-15 10:33:26,2,"7°09'59.92""S 107°24'13.14""E",2192.38,18.41796,21.12104,24.369402,67.86195,-75.70633,12.163794,True,1h
2026-05-15 10:33:30,2,"7°09'59.92""S 107°24'13.14""E",2192.38,18.413542,21.117308,24.368315,67.86515,-75.70714,12.163523,True,1h
2026-05-15 10:33:34,2,"7°09'59.92""S 107°24'13.14""E",2192.38,18.409124,21.113575,24.367226,67.86836,-75.70795,12.163252,True,1h
2026-05-15 10:33:38,2,"7°09'59.92""S 107°24'13.14""E",2192.38,18.404709,21.109844,24.366138,67.87156,-75.708755,12.162981,True,1h
2026-05-15 10:33:42,2,"7°09'59.92""S 107°24'13.14""E",2192.38,18.40029,21.10611,24.36505,67.87477,-75.70958,12.162709,True,1h
2026-05-15 10:33:46,2,"7°09'59.92""S 107°24'13.14""E",2192.38,18.395874,21.102379,24.36396,67.877975,-75.71038,12.162438,True,1h
2026-05-15 10:33:50,2,"7°09'59.92""S 107°24'13.14""E",2192.38,18.391457,21.098646,24.362873,67.88119,-75.711205,12.162167,True,1h
2026-05-15 10:33:54,2,"7°09'59.92""S 107°24'13.14""E",2192.38,18.387045,21.094913,24.361784,67.88439,-75.71201,12.161896,True,1h
2026-05-15 10:33:58,2,"7°09'59.92""S 107°24'13.14""E",2192.38,18.38263,21.091183,24.360695,67.8876,-75.71283,12.161624,True,1h
2026-05-15 10:34:02,2,"7°09'59.92""S 107°24'13.14""E",2192.38,18.378216,21.08745,24.359604,67.89082,-75.713646,12.161353,True,1h
2026-05-15 10:34:06,2,"7°09'59.92""S 107°24'13.14""E",2192.38,18.3738,21.083714,24.358515,67.894035,-75.71446,12.161081,True,1h
2026-05-15 10:34:10,2,"7°09'59.92""S 107°24'13.14""E",2192.38,18.369383,21.07998,24.357426,67.89725,-75.71528,12.160809,True,1h
2026-05-15 10:34:14,2,"7°09'59.92""S 107°24'13.14""E",2192.38,18.364973,21.076246,24.356337,67.900475,-75.716095,12.160538,True,1h
2026-05-15 10:34:18,2,"7°09'59.92""S 107°24'13.14""E",2192.38,18.36056,21.072514,24.355244,67.90369,-75.71691,12.160266,True,1h
2026-05-15 10:34:22,2,"7°09'59.92""S 107°24'13.14""E",2192.38,18.356148,21.06878,24.354155,67.906906,-75.717735,12.159995,True,1h
2026-05-15 10:34:26,2,"7°09'59.92""S 107°24'13.14""E",2192.38,18.35173,21.065044,24.353065,67.91013,-75.71855,12.159722,True,1h
2026-05-15 10:34:30,2,"7°09'59.92""S 107°24'13.14""E",2192.38,18.347322,21.061312,24.351973,67.91335,-75.71937,12.1594515,True,1h
2026-05-15 10:34:34,2,"7°09'59.92""S 107°24'13.14""E",2192.38,18.342909,21.057577,24.350882,67.91657,-75.720184,12.15918,True,1h
2026-05-15 10:34:38,2,"7°09'59.92""S 107°24'13.14""E",2192.38,18.338495,21.053844,24.349789,67.9198,-75.72101,12.158906,True,1h
2026-05-15 10:34:42,2,"7°09'59.92""S 107°24'13.14""E",2192.38,18.334082,21.050106,24.348696,67.923035,-75.721825,12.158635,True,1h
2026-05-15 10:34:46,2,"7°09'59.92""S 107°24'13.14""E",2192.38,18.329674,21.046375,24.347607,67.92626,-75.72264,12.158363,True,1h
2026-05-15 10:34:50,2,"7°09'59.92""S 107°24'13.14""E",2192.38,18.325262,21.042639,24.346516,67.9295,-75.723465,12.158091,True,1h
2026-05-15 10:34:54,2,"7°09'59.92""S 107°24'13.14""E",2192.38,18.320852,21.038904,24.345423,67.932724,-75.72428,12.157819,True,1h
2026-05-15 10:34:58,2,"7°09'59.92""S 107°24'13.14""E",2192.38,18.316442,21.03517,24.344332,67.93596,-75.72511,12.157547,True,1h
2026-05-15 10:35:02,2,"7°09'59.92""S 107°24'13.14""E",2192.38,18.312033,21.031435,24.343237,67.939186,-75.72593,12.157274,True,1h
2026-05-15 10:35:06,2,"7°09'59.92""S 107°24'13.14""E",2192.38,18.30762,21.027699,24.342144,67.94243,-75.72676,12.1570015,True,1h
2026-05-15 10:35:10,2,"7°09'59.92""S 107°24'13.14""E",2192.38,18.303213,21.023962,24.341051,67.94566,-75.72757,12.15673,True,1h
2026-05-15 10:35:14,2,"7°09'59.92""S 107°24'13.14""E",2192.38,18.298803,21.020226,24.33996,67.948906,-75.7284,12.156457,True,1h
2026-05-15 10:35:18,2,"7°09'59.92""S 107°24'13.14""E",2192.38,18.294394,21.016489,24.338867,67.95215,-75.729225,12.156184,True,1h
2026-05-15 10:35:22,2,"7°09'59.92""S 107°24'13.14""E",2192.38,18.289988,21.012754,24.337772,67.95539,-75.73004,12.155912,True,1h
2026-05-15 10:35:26,2,"7°09'59.92""S 107°24'13.14""E",2192.38,18.285578,21.009018,24.336678,67.95863,-75.73087,12.15564,True,1h
2026-05-15 10:35:30,2,"7°09'59.92""S 107°24'13.14""E",2192.38,18.281168,21.005278,24.335585,67.961876,-75.7317,12.155367,True,1h
2026-05-15 10:35:34,2,"7°09'59.92""S 107°24'13.14""E",2192.38,18.276758,21.001543,24.33449,67.965126,-75.73252,12.155094,True,1h
2026-05-15 10:35:38,2,"7°09'59.92""S 107°24'13.14""E",2192.38,18.272352,20.997803,24.333395,67.968376,-75.733345,12.154821,True,1h
2026-05-15 10:35:42,2,"7°09'59.92""S 107°24'13.14""E",2192.38,18.267942,20.994066,24.3323,67.97163,-75.73417,12.154549,True,1h
2026-05-15 10:35:46,2,"7°09'59.92""S 107°24'13.14""E",2192.38,18.26354,20.990334,24.331205,67.97488,-75.73499,12.154275,True,1h
2026-05-15 10:35:50,2,"7°09'59.92""S 107°24'13.14""E",2192.38,18.259132,20.986591,24.330109,67.97813,-75.735825,12.154003,True,1h
2026-05-15 10:35:54,2,"7°09'59.92""S 107°24'13.14""E",2192.38,18.254726,20.982855,24.329016,67.98138,-75.73665,12.153729,True,1h
2026-05-15 10:35:58,2,"7°09'59.92""S 107°24'13.14""E",2192.38,18.250319,20.979116,24.327919,67.984634,-75.73747,12.153458,True,1h
2026-05-15 10:36:02,2,"7°09'59.92""S 107°24'13.14""E",2192.38,18.245913,20.975378,24.326824,67.98789,-75.738304,12.153184,True,1h
2026-05-15 10:36:06,2,"7°09'59.92""S 107°24'13.14""E",2192.38,18.241505,20.97164,24.325727,67.99115,-75.739136,12.152911,True,1h
2026-05-15 10:36:10,2,"7°09'59.92""S 107°24'13.14""E",2192.38,18.237103,20.967905,24.324633,67.99441,-75.73996,12.1526375,True,1h
2026-05-15 10:36:14,2,"7°09'59.92""S 107°24'13.14""E",2192.38,18.2327,20.964165,24.323534,67.99767,-75.7408,12.152365,True,1h
2026-05-15 10:36:18,2,"7°09'59.92""S 107°24'13.14""E",2192.38,18.228285,20.960423,24.32244,68.00094,-75.74162,12.152091,True,1h
2026-05-15 10:36:22,2,"7°09'59.92""S 107°24'13.14""E",2192.38,18.223886,20.956684,24.321342,68.0042,-75.742455,12.151817,True,1h
2026-05-15 10:36:26,2,"7°09'59.92""S 107°24'13.14""E",2192.38,18.219486,20.952946,24.320244,68.00746,-75.743286,12.151545,True,1h
2026-05-15 10:36:30,2,"7°09'59.92""S 107°24'13.14""E",2192.38,18.215076,20.949205,24.319149,68.010735,-75.74412,12.151271,True,1h
2026-05-15 10:36:34,2,"7°09'59.92""S 107°24'13.14""E",2192.38,18.210678,20.945469,24.318048,68.014,-75.74494,12.150998,True,1h
2026-05-15 10:36:38,2,"7°09'59.92""S 107°24'13.14""E",2192.38,18.206268,20.941725,24.316952,68.01727,-75.74577,12.150724,True,1h
2026-05-15 10:36:42,2,"7°09'59.92""S 107°24'13.14""E",2192.38,18.201866,20.937984,24.315853,68.020546,-75.746605,12.150451,True,1h
2026-05-15 10:36:46,2,"7°09'59.92""S 107°24'13.14""E",2192.38,18.197462,20.934246,24.314756,68.02382,-75.747444,12.150177,True,1h
2026-05-15 10:36:50,2,"7°09'59.92""S 107°24'13.14""E",2192.38,18.193062,20.930506,24.313656,68.02709,-75.748276,12.149903,True,1h
2026-05-15 10:36:54,2,"7°09'59.92""S 107°24'13.14""E",2192.38,18.18866,20.926764,24.31256,68.03037,-75.7491,12.149631,True,1h
2026-05-15 10:36:58,2,"7°09'59.92""S 107°24'13.14""E",2192.38,18.184256,20.923021,24.31146,68.033646,-75.74994,12.149356,True,1h
2026-05-15 10:37:02,2,"7°09'59.92""S 107°24'13.14""E",2192.38,18.179855,20.919283,24.31036,68.03693,-75.75078,12.149083,True,1h
2026-05-15 10:37:06,2,"7°09'59.92""S 107°24'13.14""E",2192.38,18.17545,20.91554,24.309263,68.04021,-75.7516,12.1488085,True,1h
2026-05-15 10:37:10,2,"7°09'59.92""S 107°24'13.14""E",2192.38,18.17105,20.911798,24.308163,68.04349,-75.75244,12.148534,True,1h
2026-05-15 10:37:14,2,"7°09'59.92""S 107°24'13.14""E",2192.38,18.16665,20.908056,24.307062,68.046776,-75.75328,12.14826,True,1h
2026-05-15 10:37:18,2,"7°09'59.92""S 107°24'13.14""E",2192.38,18.162249,20.904314,24.305962,68.050064,-75.75411,12.147986,True,1h
2026-05-15 10:37:22,2,"7°09'59.92""S 107°24'13.14""E",2192.38,18.157848,20.90057,24.304863,68.05335,-75.75495,12.147713,True,1h
2026-05-15 10:37:26,2,"7°09'59.92""S 107°24'13.14""E",2192.38,18.15345,20.896828,24.303762,68.05664,-75.75578,12.147438,True,1h
2026-05-15 10:37:30,2,"7°09'59.92""S 107°24'13.14""E",2192.38,18.149046,20.893087,24.302662,68.05993,-75.75662,12.147164,True,1h
2026-05-15 10:37:34,2,"7°09'59.92""S 107°24'13.14""E",2192.38,18.14465,20.889345,24.301561,68.06322,-75.75746,12.146891,True,1h
2026-05-15 10:37:38,2,"7°09'59.92""S 107°24'13.14""E",2192.38,18.140251,20.885603,24.300459,68.06651,-75.7583,12.146615,True,1h
2026-05-15 10:37:42,2,"7°09'59.92""S 107°24'13.14""E",2192.38,18.135849,20.881857,24.299358,68.06981,-75.75914,12.14634,True,1h
2026-05-15 10:37:46,2,"7°09'59.92""S 107°24'13.14""E",2192.38,18.13145,20.878115,24.298258,68.073105,-75.75997,12.146068,True,1h
2026-05-15 10:37:50,2,"7°09'59.92""S 107°24'13.14""E",2192.38,18.127052,20.87437,24.297155,68.0764,-75.76082,12.145793,True,1h
2026-05-15 10:37:54,2,"7°09'59.92""S 107°24'13.14""E",2192.38,18.122654,20.870625,24.296055,68.079704,-75.76166,12.145519,True,1h
2026-05-15 10:37:58,2,"7°09'59.92""S 107°24'13.14""E",2192.38,18.118258,20.866884,24.294952,68.083,-75.76249,12.145244,True,1h
2026-05-15 10:38:02,2,"7°09'59.92""S 107°24'13.14""E",2192.38,18.113861,20.86314,24.293848,68.0863,-75.763336,12.144968,True,1h
2026-05-15 10:38:06,2,"7°09'59.92""S 107°24'13.14""E",2192.38,18.10946,20.859394,24.292746,68.08961,-75.764175,12.144694,True,1h
2026-05-15 10:38:10,2,"7°09'59.92""S 107°24'13.14""E",2192.38,18.105062,20.855648,24.291643,68.09291,-75.76502,12.14442,True,1h
2026-05-15 10:38:14,2,"7°09'59.92""S 107°24'13.14""E",2192.38,18.100664,20.851902,24.290543,68.09622,-75.76586,12.144145,True,1h
2026-05-15 10:38:18,2,"7°09'59.92""S 107°24'13.14""E",2192.38,18.096268,20.848158,24.289436,68.099525,-75.76669,12.143871,True,1h
2026-05-15 10:38:22,2,"7°09'59.92""S 107°24'13.14""E",2192.38,18.091867,20.84441,24.288338,68.10284,-75.76754,12.143595,True,1h
2026-05-15 10:38:26,2,"7°09'59.92""S 107°24'13.14""E",2192.38,18.087471,20.840664,24.287231,68.106155,-75.76839,12.143321,True,1h
2026-05-15 10:38:30,2,"7°09'59.92""S 107°24'13.14""E",2192.38,18.083076,20.836922,24.286129,68.10946,-75.76923,12.143045,True,1h
2026-05-15 10:38:34,2,"7°09'59.92""S 107°24'13.14""E",2192.38,18.07868,20.833174,24.285023,68.11278,-75.77007,12.14277,True,1h
2026-05-15 10:38:38,2,"7°09'59.92""S 107°24'13.14""E",2192.38,18.074284,20.829428,24.28392,68.11609,-75.77091,12.142495,True,1h
2026-05-15 10:38:42,2,"7°09'59.92""S 107°24'13.14""E",2192.38,18.069891,20.82568,24.282814,68.11941,-75.77177,12.14222,True,1h
2026-05-15 10:38:46,2,"7°09'59.92""S 107°24'13.14""E",2192.38,18.065495,20.821936,24.281712,68.12273,-75.7726,12.141945,True,1h
2026-05-15 10:38:50,2,"7°09'59.92""S 107°24'13.14""E",2192.38,18.061096,20.818188,24.280605,68.12605,-75.77345,12.141669,True,1h
2026-05-15 10:38:54,2,"7°09'59.92""S 107°24'13.14""E",2192.38,18.056705,20.81444,24.2795,68.12937,-75.77429,12.141395,True,1h
2026-05-15 10:38:58,2,"7°09'59.92""S 107°24'13.14""E",2192.38,18.05231,20.81069,24.278395,68.1327,-75.77514,12.141119,True,1h
2026-05-15 10:39:02,2,"7°09'59.92""S 107°24'13.14""E",2192.38,18.047913,20.806944,24.277288,68.136024,-75.775986,12.140843,True,1h
2026-05-15 10:39:06,2,"7°09'59.92""S 107°24'13.14""E",2192.38,18.04352,20.803194,24.276182,68.13935,-75.77683,12.140568,True,1h
2026-05-15 10:39:10,2,"7°09'59.92""S 107°24'13.14""E",2192.38,18.03913,20.799446,24.275078,68.14268,-75.77768,12.140292,True,1h
2026-05-15 10:39:14,2,"7°09'59.92""S 107°24'13.14""E",2192.38,18.03473,20.795698,24.273972,68.146,-75.77853,12.1400175,True,1h
2026-05-15 10:39:18,2,"7°09'59.92""S 107°24'13.14""E",2192.38,18.030338,20.791952,24.272865,68.14934,-75.77938,12.139741,True,1h
2026-05-15 10:39:22,2,"7°09'59.92""S 107°24'13.14""E",2192.38,18.025948,20.7882,24.271757,68.15267,-75.78023,12.139466,True,1h
2026-05-15 10:39:26,2,"7°09'59.92""S 107°24'13.14""E",2192.38,18.021555,20.78445,24.270649,68.156006,-75.78108,12.13919,True,1h
2026-05-15 10:39:30,2,"7°09'59.92""S 107°24'13.14""E",2192.38,18.01716,20.7807,24.269543,68.15934,-75.78193,12.138914,True,1h
2026-05-15 10:39:34,2,"7°09'59.92""S 107°24'13.14""E",2192.38,18.012768,20.77695,24.268435,68.162674,-75.782776,12.1386385,True,1h
2026-05-15 10:39:38,2,"7°09'59.92""S 107°24'13.14""E",2192.38,18.008375,20.773205,24.26733,68.166016,-75.78362,12.138362,True,1h
2026-05-15 10:39:42,2,"7°09'59.92""S 107°24'13.14""E",2192.38,18.003984,20.769453,24.26622,68.16936,-75.78448,12.138086,True,1h
2026-05-15 10:39:46,2,"7°09'59.92""S 107°24'13.14""E",2192.38,17.999594,20.765701,24.265112,68.1727,-75.78533,12.137812,True,1h
2026-05-15 10:39:50,2,"7°09'59.92""S 107°24'13.14""E",2192.38,17.995201,20.761951,24.264004,68.17604,-75.78618,12.137535,True,1h
2026-05-15 10:39:54,2,"7°09'59.92""S 107°24'13.14""E",2192.38,17.990812,20.7582,24.262894,68.17938,-75.78703,12.137258,True,1h
2026-05-15 10:39:58,2,"7°09'59.92""S 107°24'13.14""E",2192.38,17.98642,20.754448,24.261787,68.18273,-75.78788,12.136983,True,1h
2026-05-15 10:40:02,2,"7°09'59.92""S 107°24'13.14""E",2192.38,17.982025,20.750696,24.260677,68.18608,-75.788734,12.136706,True,1h
2026-05-15 10:40:06,2,"7°09'59.92""S 107°24'13.14""E",2192.38,17.977638,20.746946,24.259567,68.18943,-75.78959,12.13643,True,1h
2026-05-15 10:40:10,2,"7°09'59.92""S 107°24'13.14""E",2192.38,17.973246,20.74319,24.25846,68.19279,-75.790436,12.136153,True,1h
2026-05-15 10:40:14,2,"7°09'59.92""S 107°24'13.14""E",2192.38,17.968855,20.739437,24.25735,68.19614,-75.7913,12.135877,True,1h
2026-05-15 10:40:18,2,"7°09'59.92""S 107°24'13.14""E",2192.38,17.964466,20.735685,24.25624,68.199486,-75.79215,12.135601,True,1h
2026-05-15 10:40:22,2,"7°09'59.92""S 107°24'13.14""E",2192.38,17.960075,20.731934,24.255129,68.20285,-75.79301,12.1353245,True,1h
2026-05-15 10:40:26,2,"7°09'59.92""S 107°24'13.14""E",2192.38,17.955687,20.728182,24.254019,68.20621,-75.79386,12.135048,True,1h
2026-05-15 10:40:30,2,"7°09'59.92""S 107°24'13.14""E",2192.38,17.951296,20.724426,24.252907,68.20957,-75.794716,12.13477,True,1h
2026-05-15 10:40:34,2,"7°09'59.92""S 107°24'13.14""E",2192.38,17.946907,20.720673,24.251799,68.21293,-75.79558,12.134494,True,1h
2026-05-15 10:40:38,2,"7°09'59.92""S 107°24'13.14""E",2192.38,17.942518,20.716919,24.250689,68.21629,-75.796425,12.134218,True,1h
2026-05-15 10:40:42,2,"7°09'59.92""S 107°24'13.14""E",2192.38,17.938131,20.713165,24.249575,68.21966,-75.79729,12.133942,True,1h
2026-05-15 10:40:46,2,"7°09'59.92""S 107°24'13.14""E",2192.38,17.933739,20.70941,24.248463,68.22302,-75.798134,12.133665,True,1h
2026-05-15 10:40:50,2,"7°09'59.92""S 107°24'13.14""E",2192.38,17.92935,20.705654,24.247353,68.22639,-75.799,12.133388,True,1h
2026-05-15 10:40:54,2,"7°09'59.92""S 107°24'13.14""E",2192.38,17.924965,20.7019,24.24624,68.22976,-75.79986,12.133111,True,1h
2026-05-15 10:40:58,2,"7°09'59.92""S 107°24'13.14""E",2192.38,17.920574,20.698143,24.245127,68.23313,-75.80072,12.1328335,True,1h
2026-05-15 10:41:02,2,"7°09'59.92""S 107°24'13.14""E",2192.38,17.91619,20.694387,24.244017,68.236496,-75.80158,12.132557,True,1h
2026-05-15 10:41:06,2,"7°09'59.92""S 107°24'13.14""E",2192.38,17.9118,20.690634,24.242905,68.239876,-75.80244,12.13228,True,1h
2026-05-15 10:41:10,2,"7°09'59.92""S 107°24'13.14""E",2192.38,17.907415,20.686878,24.24179,68.24325,-75.80329,12.132003,True,1h
2026-05-15 10:41:14,2,"7°09'59.92""S 107°24'13.14""E",2192.38,17.903027,20.683123,24.240677,68.24662,-75.80415,12.131725,True,1h
2026-05-15 10:41:18,2,"7°09'59.92""S 107°24'13.14""E",2192.38,17.898642,20.679363,24.239563,68.25,-75.805016,12.131448,True,1h
2026-05-15 10:41:22,2,"7°09'59.92""S 107°24'13.14""E",2192.38,17.894255,20.675608,24.238453,68.25338,-75.80588,12.131171,True,1h
2026-05-15 10:41:26,2,"7°09'59.92""S 107°24'13.14""E",2192.38,17.889868,20.67185,24.237339,68.25677,-75.80674,12.130893,True,1h
2026-05-15 10:41:30,2,"7°09'59.92""S 107°24'13.14""E",2192.38,17.88548,20.668093,24.236225,68.26015,-75.8076,12.130616,True,1h
2026-05-15 10:41:34,2,"7°09'59.92""S 107°24'13.14""E",2192.38,17.881094,20.664331,24.23511,68.26353,-75.808464,12.130339,True,1h
2026-05-15 10:41:38,2,"7°09'59.92""S 107°24'13.14""E",2192.38,17.876709,20.660576,24.233995,68.26692,-75.809326,12.13006,True,1h
2026-05-15 10:41:42,2,"7°09'59.92""S 107°24'13.14""E",2192.38,17.872322,20.656816,24.232882,68.27031,-75.81019,12.129784,True,1h
2026-05-15 10:41:46,2,"7°09'59.92""S 107°24'13.14""E",2192.38,17.867935,20.653057,24.231764,68.27369,-75.81105,12.129505,True,1h
2026-05-15 10:41:50,2,"7°09'59.92""S 107°24'13.14""E",2192.38,17.863552,20.649302,24.23065,68.277084,-75.81191,12.129229,True,1h
2026-05-15 10:41:54,2,"7°09'59.92""S 107°24'13.14""E",2192.38,17.859169,20.64554,24.229534,68.28048,-75.81278,12.12895,True,1h
2026-05-15 10:41:58,2,"7°09'59.92""S 107°24'13.14""E",2192.38,17.854784,20.641783,24.22842,68.283875,-75.813644,12.128673,True,1h
2026-05-15 10:42:02,2,"7°09'59.92""S 107°24'13.14""E",2192.38,17.850397,20.638023,24.227304,68.28727,-75.81452,12.128395,True,1h
2026-05-15 10:42:06,2,"7°09'59.92""S 107°24'13.14""E",2192.38,17.846016,20.634262,24.226187,68.290665,-75.815384,12.128117,True,1h
2026-05-15 10:42:10,2,"7°09'59.92""S 107°24'13.14""E",2192.38,17.84163,20.6305,24.22507,68.29406,-75.81624,12.127838,True,1h
2026-05-15 10:42:14,2,"7°09'59.92""S 107°24'13.14""E",2192.38,17.837244,20.62674,24.223955,68.29747,-75.817116,12.127561,True,1h
2026-05-15 10:42:18,2,"7°09'59.92""S 107°24'13.14""E",2192.38,17.832865,20.62298,24.222837,68.30087,-75.81798,12.127282,True,1h
2026-05-15 10:42:22,2,"7°09'59.92""S 107°24'13.14""E",2192.38,17.828476,20.619215,24.221722,68.304276,-75.81885,12.127005,True,1h
2026-05-15 10:42:26,2,"7°09'59.92""S 107°24'13.14""E",2192.38,17.824095,20.615458,24.220606,68.30768,-75.81971,12.126725,True,1h
2026-05-15 10:42:30,2,"7°09'59.92""S 107°24'13.14""E",2192.38,17.820293,20.611704,24.219398,68.31156,-75.82009,12.126444,True,1h
2026-05-15 10:42:34,2,"7°09'59.92""S 107°24'13.14""E",2192.38,17.817232,20.607965,24.218088,68.31605,-75.819824,12.126159,True,1h
2026-05-15 10:42:38,2,"7°09'59.92""S 107°24'13.14""E",2192.38,17.814173,20.604237,24.216784,68.32052,-75.81956,12.125874,True,1h
2026-05-15 10:42:42,2,"7°09'59.92""S 107°24'13.14""E",2192.38,17.811132,20.600517,24.215477,68.32499,-75.81929,12.12559,True,1h
2026-05-15 10:42:46,2,"7°09'59.92""S 107°24'13.14""E",2192.38,17.808102,20.596813,24.214174,68.329445,-75.81902,12.125307,True,1h
2026-05-15 10:42:50,2,"7°09'59.92""S 107°24'13.14""E",2192.38,17.805084,20.593115,24.212875,68.33389,-75.81875,12.125025,True,1h
2026-05-15 10:42:54,2,"7°09'59.92""S 107°24'13.14""E",2192.38,17.802078,20.58943,24.211582,68.33834,-75.81847,12.124744,True,1h
2026-05-15 10:42:58,2,"7°09'59.92""S 107°24'13.14""E",2192.38,17.799068,20.58575,24.210289,68.34278,-75.81819,12.124464,True,1h
2026-05-15 10:43:02,2,"7°09'59.92""S 107°24'13.14""E",2192.38,17.796072,20.582073,24.208998,68.347206,-75.81791,12.124186,True,1h
2026-05-15 10:43:06,2,"7°09'59.92""S 107°24'13.14""E",2192.38,17.79308,20.578407,24.20771,68.35163,-75.817635,12.123905,True,1h
2026-05-15 10:43:10,2,"7°09'59.92""S 107°24'13.14""E",2192.38,17.790087,20.57474,24.20642,68.35606,-75.81735,12.123627,True,1h
2026-05-15 10:43:14,2,"7°09'59.92""S 107°24'13.14""E",2192.38,17.787104,20.57108,24.205133,68.36048,-75.81708,12.123347,True,1h
2026-05-15 10:43:18,2,"7°09'59.92""S 107°24'13.14""E",2192.38,17.784117,20.567421,24.203848,68.3649,-75.816795,12.12307,True,1h
2026-05-15 10:43:22,2,"7°09'59.92""S 107°24'13.14""E",2192.38,17.781143,20.563763,24.202562,68.369316,-75.81652,12.122791,True,1h
2026-05-15 10:43:26,2,"7°09'59.92""S 107°24'13.14""E",2192.38,17.778162,20.560108,24.201277,68.373726,-75.81624,12.122512,True,1h
2026-05-15 10:43:30,2,"7°09'59.92""S 107°24'13.14""E",2192.38,17.775187,20.556456,24.199993,68.37815,-75.815956,12.122234,True,1h
2026-05-15 10:43:34,2,"7°09'59.92""S 107°24'13.14""E",2192.38,17.772211,20.552803,24.198708,68.38256,-75.81569,12.121956,True,1h
2026-05-15 10:43:38,2,"7°09'59.92""S 107°24'13.14""E",2192.38,17.76924,20.54915,24.197424,68.38697,-75.81541,12.121678,True,1h
2026-05-15 10:43:42,2,"7°09'59.92""S 107°24'13.14""E",2192.38,17.766268,20.545502,24.19614,68.39139,-75.81513,12.121399,True,1h
2026-05-15 10:43:46,2,"7°09'59.92""S 107°24'13.14""E",2192.38,17.763304,20.541853,24.194857,68.395805,-75.81485,12.121121,True,1h
2026-05-15 10:43:50,2,"7°09'59.92""S 107°24'13.14""E",2192.38,17.760336,20.538206,24.193571,68.40022,-75.81457,12.120844,True,1h
2026-05-15 10:43:54,2,"7°09'59.92""S 107°24'13.14""E",2192.38,17.757372,20.534557,24.192291,68.40464,-75.81429,12.120565,True,1h
2026-05-15 10:43:58,2,"7°09'59.92""S 107°24'13.14""E",2192.38,17.754408,20.53091,24.191006,68.40906,-75.81401,12.120286,True,1h
2026-05-15 10:44:02,2,"7°09'59.92""S 107°24'13.14""E",2192.38,17.75145,20.527264,24.189722,68.413475,-75.81373,12.120009,True,1h
2026-05-15 10:44:06,2,"7°09'59.92""S 107°24'13.14""E",2192.38,17.748484,20.523617,24.188435,68.4179,-75.81345,12.11973,True,1h
2026-05-15 10:44:10,2,"7°09'59.92""S 107°24'13.14""E",2192.38,17.745523,20.519966,24.187151,68.42232,-75.81318,12.1194515,True,1h
2026-05-15 10:44:14,2,"7°09'59.92""S 107°24'13.14""E",2192.38,17.742565,20.516321,24.185867,68.42675,-75.8129,12.119174,True,1h
2026-05-15 10:44:18,2,"7°09'59.92""S 107°24'13.14""E",2192.38,17.739607,20.512672,24.184584,68.431175,-75.812614,12.118896,True,1h
2026-05-15 10:44:22,2,"7°09'59.92""S 107°24'13.14""E",2192.38,17.736652,20.509026,24.1833,68.43561,-75.81233,12.118617,True,1h
2026-05-15 10:44:26,2,"7°09'59.92""S 107°24'13.14""E",2192.38,17.733698,20.50538,24.182013,68.44004,-75.81205,12.118339,True,1h
2026-05-15 10:44:30,2,"7°09'59.92""S 107°24'13.14""E",2192.38,17.730745,20.501734,24.180729,68.444466,-75.811775,12.118059,True,1h
2026-05-15 10:44:34,2,"7°09'59.92""S 107°24'13.14""E",2192.38,17.727793,20.498083,24.179441,68.4489,-75.811485,12.117782,True,1h
2026-05-15 10:44:38,2,"7°09'59.92""S 107°24'13.14""E",2192.38,17.72484,20.494434,24.178154,68.45334,-75.81121,12.117502,True,1h
2026-05-15 10:44:42,2,"7°09'59.92""S 107°24'13.14""E",2192.38,17.721891,20.49079,24.176868,68.45778,-75.81093,12.117224,True,1h
2026-05-15 10:44:46,2,"7°09'59.92""S 107°24'13.14""E",2192.38,17.718945,20.48714,24.175581,68.46223,-75.81063,12.116945,True,1h
2026-05-15 10:44:50,2,"7°09'59.92""S 107°24'13.14""E",2192.38,17.715992,20.483494,24.174294,68.46667,-75.810356,12.116668,True,1h
2026-05-15 10:44:54,2,"7°09'59.92""S 107°24'13.14""E",2192.38,17.713049,20.479845,24.173004,68.471115,-75.810074,12.116387,True,1h
2026-05-15 10:44:58,2,"7°09'59.92""S 107°24'13.14""E",2192.38,17.710102,20.476196,24.171719,68.475555,-75.80979,12.11611,True,1h
2026-05-15 10:45:02,2,"7°09'59.92""S 107°24'13.14""E",2192.38,17.707157,20.472546,24.17043,68.48001,-75.80951,12.115829,True,1h
2026-05-15 10:45:06,2,"7°09'59.92""S 107°24'13.14""E",2192.38,17.704216,20.468899,24.16914,68.48447,-75.80923,12.115552,True,1h
2026-05-15 10:45:10,2,"7°09'59.92""S 107°24'13.14""E",2192.38,17.701273,20.465248,24.16785,68.488914,-75.80893,12.115272,True,1h
2026-05-15 10:45:14,2,"7°09'59.92""S 107°24'13.14""E",2192.38,17.69833,20.461597,24.166563,68.49338,-75.80865,12.114992,True,1h
2026-05-15 10:45:18,2,"7°09'59.92""S 107°24'13.14""E",2192.38,17.695396,20.45795,24.16527,68.49783,-75.80837,12.114713,True,1h
2026-05-15 10:45:22,2,"7°09'59.92""S 107°24'13.14""E",2192.38,17.692455,20.454298,24.16398,68.502304,-75.808075,12.114434,True,1h
2026-05-15 10:45:26,2,"7°09'59.92""S 107°24'13.14""E",2192.38,17.689518,20.450647,24.16269,68.50677,-75.8078,12.114155,True,1h
2026-05-15 10:45:30,2,"7°09'59.92""S 107°24'13.14""E",2192.38,17.68658,20.446999,24.161402,68.51123,-75.80751,12.113875,True,1h
2026-05-15 10:45:34,2,"7°09'59.92""S 107°24'13.14""E",2192.38,17.683647,20.443346,24.16011,68.5157,-75.80721,12.113597,True,1h
2026-05-15 10:45:38,2,"7°09'59.92""S 107°24'13.14""E",2192.38,17.68071,20.439693,24.158817,68.52017,-75.80694,12.113317,True,1h
2026-05-15 10:45:42,2,"7°09'59.92""S 107°24'13.14""E",2192.38,17.67778,20.436045,24.157526,68.52464,-75.80665,12.113036,True,1h
2026-05-15 10:45:46,2,"7°09'59.92""S 107°24'13.14""E",2192.38,17.674847,20.43239,24.156233,68.52912,-75.80636,12.112758,True,1h
2026-05-15 10:45:50,2,"7°09'59.92""S 107°24'13.14""E",2192.38,17.671915,20.428738,24.154942,68.5336,-75.80606,12.112478,True,1h
2026-05-15 10:45:54,2,"7°09'59.92""S 107°24'13.14""E",2192.38,17.668985,20.425085,24.153646,68.53808,-75.80578,12.112199,True,1h
2026-05-15 10:45:58,2,"7°09'59.92""S 107°24'13.14""E",2192.38,17.666054,20.421429,24.152355,68.542564,-75.80549,12.1119175,True,1h
2026-05-15 10:46:02,2,"7°09'59.92""S 107°24'13.14""E",2192.38,17.66313,20.41778,24.151062,68.54705,-75.80519,12.111638,True,1h
2026-05-15 10:46:06,2,"7°09'59.92""S 107°24'13.14""E",2192.38,17.660202,20.414122,24.149765,68.55154,-75.80491,12.111359,True,1h
2026-05-15 10:46:10,2,"7°09'59.92""S 107°24'13.14""E",2192.38,17.657278,20.410471,24.148472,68.55602,-75.80462,12.111079,True,1h
2026-05-15 10:46:14,2,"7°09'59.92""S 107°24'13.14""E",2192.38,17.65435,20.406816,24.147177,68.56052,-75.80433,12.110799,True,1h
2026-05-15 10:46:18,2,"7°09'59.92""S 107°24'13.14""E",2192.38,17.651432,20.40316,24.145882,68.56502,-75.80403,12.110518,True,1h
2026-05-15 10:46:22,2,"7°09'59.92""S 107°24'13.14""E",2192.38,17.648508,20.399508,24.144588,68.56951,-75.80375,12.110237,True,1h
2026-05-15 10:46:26,2,"7°09'59.92""S 107°24'13.14""E",2192.38,17.645586,20.395851,24.14329,68.57401,-75.80345,12.109957,True,1h
2026-05-15 10:46:30,2,"7°09'59.92""S 107°24'13.14""E",2192.38,17.642666,20.392195,24.141994,68.578514,-75.803154,12.109678,True,1h
2026-05-15 10:46:34,2,"7°09'59.92""S 107°24'13.14""E",2192.38,17.639748,20.38854,24.140697,68.583015,-75.802864,12.109398,True,1h
2026-05-15 10:46:38,2,"7°09'59.92""S 107°24'13.14""E",2192.38,17.636827,20.38488,24.1394,68.587524,-75.802574,12.109117,True,1h
2026-05-15 10:46:42,2,"7°09'59.92""S 107°24'13.14""E",2192.38,17.633913,20.381226,24.138102,68.59204,-75.80228,12.108836,True,1h
2026-05-15 10:46:46,2,"7°09'59.92""S 107°24'13.14""E",2192.38,17.630999,20.377571,24.136805,68.59655,-75.801994,12.108556,True,1h
2026-05-15 10:46:50,2,"7°09'59.92""S 107°24'13.14""E",2192.38,17.628082,20.373915,24.135508,68.60106,-75.80169,12.108275,True,1h
2026-05-15 10:46:54,2,"7°09'59.92""S 107°24'13.14""E",2192.38,17.62517,20.370256,24.134207,68.605576,-75.8014,12.107995,True,1h
2026-05-15 10:46:58,2,"7°09'59.92""S 107°24'13.14""E",2192.38,17.622255,20.366598,24.13291,68.6101,-75.8011,12.107714,True,1h
2026-05-15 10:47:02,2,"7°09'59.92""S 107°24'13.14""E",2192.38,17.619347,20.36294,24.131609,68.614624,-75.800804,12.107434,True,1h
2026-05-15 10:47:06,2,"7°09'59.92""S 107°24'13.14""E",2192.38,17.616436,20.359282,24.130312,68.61914,-75.80051,12.107152,True,1h
2026-05-15 10:47:10,2,"7°09'59.92""S 107°24'13.14""E",2192.38,17.613525,20.355621,24.129011,68.62367,-75.80021,12.106872,True,1h
2026-05-15 10:47:14,2,"7°09'59.92""S 107°24'13.14""E",2192.38,17.610619,20.351963,24.12771,68.628204,-75.79992,12.10659,True,1h
2026-05-15 10:47:18,2,"7°09'59.92""S 107°24'13.14""E",2192.38,17.607712,20.348303,24.126408,68.63273,-75.799614,12.106309,True,1h
2026-05-15 10:47:22,2,"7°09'59.92""S 107°24'13.14""E",2192.38,17.604807,20.344643,24.125107,68.63726,-75.79932,12.106029,True,1h
2026-05-15 10:47:26,2,"7°09'59.92""S 107°24'13.14""E",2192.38,17.601902,20.340982,24.123808,68.6418,-75.79902,12.105747,True,1h
2026-05-15 10:47:30,2,"7°09'59.92""S 107°24'13.14""E",2192.38,17.598997,20.337322,24.122503,68.64633,-75.79873,12.105466,True,1h
2026-05-15 10:47:34,2,"7°09'59.92""S 107°24'13.14""E",2192.38,17.596092,20.33366,24.1212,68.65088,-75.79842,12.105185,True,1h
2026-05-15 10:47:38,2,"7°09'59.92""S 107°24'13.14""E",2192.38,17.593193,20.33,24.119902,68.655426,-75.79813,12.104903,True,1h
2026-05-15 10:47:42,2,"7°09'59.92""S 107°24'13.14""E",2192.38,17.590294,20.326338,24.118597,68.659966,-75.79783,12.104622,True,1h
2026-05-15 10:47:46,2,"7°09'59.92""S 107°24'13.14""E",2192.38,17.587393,20.322676,24.117292,68.66451,-75.79752,12.104341,True,1h
2026-05-15 10:47:50,2,"7°09'59.92""S 107°24'13.14""E",2192.38,17.584494,20.319014,24.11599,68.66907,-75.79722,12.104059,True,1h
2026-05-15 10:47:54,2,"7°09'59.92""S 107°24'13.14""E",2192.38,17.581596,20.315351,24.114687,68.67362,-75.79693,12.103777,True,1h
2026-05-15 10:47:58,2,"7°09'59.92""S 107°24'13.14""E",2192.38,17.578705,20.31169,24.11338,68.67818,-75.79662,12.103496,True,1h
2026-05-15 10:48:02,2,"7°09'59.92""S 107°24'13.14""E",2192.38,17.57581,20.308023,24.112074,68.68273,-75.79632,12.103213,True,1h
2026-05-15 10:48:06,2,"7°09'59.92""S 107°24'13.14""E",2192.38,17.57291,20.304361,24.110771,68.68729,-75.79602,12.102931,True,1h
2026-05-15 10:48:10,2,"7°09'59.92""S 107°24'13.14""E",2192.38,17.570023,20.300694,24.109467,68.69186,-75.795715,12.102651,True,1h
2026-05-15 10:48:14,2,"7°09'59.92""S 107°24'13.14""E",2192.38,17.567131,20.297031,24.108158,68.69643,-75.79542,12.102368,True,1h
2026-05-15 10:48:18,2,"7°09'59.92""S 107°24'13.14""E",2192.38,17.56424,20.29337,24.106852,68.70099,-75.79511,12.102086,True,1h
2026-05-15 10:48:22,2,"7°09'59.92""S 107°24'13.14""E",2192.38,17.561352,20.289701,24.105547,68.70556,-75.79481,12.101805,True,1h
2026-05-15 10:48:26,2,"7°09'59.92""S 107°24'13.14""E",2192.38,17.558462,20.286036,24.104239,68.71013,-75.79451,12.1015215,True,1h
2026-05-15 10:48:30,2,"7°09'59.92""S 107°24'13.14""E",2192.38,17.555576,20.28237,24.10293,68.7147,-75.794205,12.101239,True,1h
2026-05-15 10:48:34,2,"7°09'59.92""S 107°24'13.14""E",2192.38,17.55269,20.278704,24.101624,68.719284,-75.79389,12.100958,True,1h
2026-05-15 10:48:38,2,"7°09'59.92""S 107°24'13.14""E",2192.38,17.549805,20.275038,24.100315,68.72386,-75.79359,12.100675,True,1h
2026-05-15 10:48:42,2,"7°09'59.92""S 107°24'13.14""E",2192.38,17.546919,20.271372,24.099007,68.72844,-75.79329,12.100392,True,1h
2026-05-15 10:48:46,2,"7°09'59.92""S 107°24'13.14""E",2192.38,17.544039,20.267702,24.097698,68.73303,-75.79298,12.100111,True,1h
2026-05-15 10:48:50,2,"7°09'59.92""S 107°24'13.14""E",2192.38,17.54116,20.264038,24.096388,68.73762,-75.79267,12.099829,True,1h
2026-05-15 10:48:54,2,"7°09'59.92""S 107°24'13.14""E",2192.38,17.538277,20.260366,24.09508,68.74221,-75.79236,12.0995455,True,1h
2026-05-15 10:48:58,2,"7°09'59.92""S 107°24'13.14""E",2192.38,17.535397,20.2567,24.093767,68.7468,-75.792046,12.099262,True,1h
2026-05-15 10:49:02,2,"7°09'59.92""S 107°24'13.14""E",2192.38,17.532518,20.253033,24.092459,68.751396,-75.79174,12.09898,True,1h
2026-05-15 10:49:06,2,"7°09'59.92""S 107°24'13.14""E",2192.38,17.52964,20.249361,24.091146,68.75599,-75.79144,12.098697,True,1h
2026-05-15 10:49:10,2,"7°09'59.92""S 107°24'13.14""E",2192.38,17.526766,20.245693,24.089834,68.76059,-75.79113,12.098413,True,1h
2026-05-15 10:49:14,2,"7°09'59.92""S 107°24'13.14""E",2192.38,17.523891,20.242023,24.088524,68.76519,-75.790825,12.098132,True,1h
2026-05-15 10:49:18,2,"7°09'59.92""S 107°24'13.14""E",2192.38,17.521015,20.238354,24.087212,68.7698,-75.79051,12.097848,True,1h
2026-05-15 10:49:22,2,"7°09'59.92""S 107°24'13.14""E",2192.38,17.518145,20.234682,24.0859,68.7744,-75.79019,12.097566,True,1h
2026-05-15 10:49:26,2,"7°09'59.92""S 107°24'13.14""E",2192.38,17.51527,20.23101,24.084585,68.779015,-75.789894,12.097282,True,1h
2026-05-15 10:49:30,2,"7°09'59.92""S 107°24'13.14""E",2192.38,17.512402,20.22734,24.083273,68.78362,-75.78957,12.096999,True,1h
2026-05-15 10:49:34,2,"7°09'59.92""S 107°24'13.14""E",2192.38,17.509533,20.223667,24.081959,68.78824,-75.78927,12.096716,True,1h
2026-05-15 10:49:38,2,"7°09'59.92""S 107°24'13.14""E",2192.38,17.506662,20.219995,24.080647,68.792854,-75.78896,12.096433,True,1h
2026-05-15 10:49:42,2,"7°09'59.92""S 107°24'13.14""E",2192.38,17.503794,20.216322,24.079332,68.79748,-75.78865,12.0961485,True,1h
2026-05-15 10:49:46,2,"7°09'59.92""S 107°24'13.14""E",2192.38,17.500925,20.21265,24.078016,68.80209,-75.78834,12.095866,True,1h
2026-05-15 10:49:50,2,"7°09'59.92""S 107°24'13.14""E",2192.38,17.49806,20.208975,24.076702,68.80672,-75.788025,12.095582,True,1h
2026-05-15 10:49:54,2,"7°09'59.92""S 107°24'13.14""E",2192.38,17.4952,20.205303,24.075386,68.81135,-75.78771,12.095299,True,1h
2026-05-15 10:49:58,2,"7°09'59.92""S 107°24'13.14""E",2192.38,17.492332,20.201628,24.074072,68.81598,-75.7874,12.095016,True,1h
2026-05-15 10:50:02,2,"7°09'59.92""S 107°24'13.14""E",2192.38,17.489471,20.197956,24.072752,68.82061,-75.78708,12.094731,True,1h
2026-05-15 10:50:06,2,"7°09'59.92""S 107°24'13.14""E",2192.38,17.486614,20.194279,24.071436,68.82524,-75.78677,12.094447,True,1h
2026-05-15 10:50:10,2,"7°09'59.92""S 107°24'13.14""E",2192.38,17.483751,20.190605,24.07012,68.82988,-75.78646,12.094164,True,1h
2026-05-15 10:50:14,2,"7°09'59.92""S 107°24'13.14""E",2192.38,17.480892,20.186928,24.068802,68.83452,-75.78615,12.09388,True,1h
2026-05-15 10:50:18,2,"7°09'59.92""S 107°24'13.14""E",2192.38,17.478037,20.183252,24.067484,68.83916,-75.78582,12.0935955,True,1h
2026-05-15 10:50:22,2,"7°09'59.92""S 107°24'13.14""E",2192.38,17.475178,20.179577,24.066168,68.8438,-75.785515,12.093311,True,1h
2026-05-15 10:50:26,2,"7°09'59.92""S 107°24'13.14""E",2192.38,17.472322,20.1759,24.064848,68.84845,-75.785194,12.093028,True,1h
2026-05-15 10:50:30,2,"7°09'59.92""S 107°24'13.14""E",2192.38,17.46947,20.172222,24.063528,68.8531,-75.784874,12.092744,True,1h
2026-05-15 10:50:34,2,"7°09'59.92""S 107°24'13.14""E",2192.38,17.46662,20.168549,24.06221,68.85775,-75.78455,12.09246,True,1h
2026-05-15 10:50:38,2,"7°09'59.92""S 107°24'13.14""E",2192.38,17.463764,20.16487,24.06089,68.862404,-75.78423,12.0921755,True,1h
2026-05-15 10:50:42,2,"7°09'59.92""S 107°24'13.14""E",2192.38,17.460913,20.16119,24.059568,68.867065,-75.78393,12.091891,True,1h
2026-05-15 10:50:46,2,"7°09'59.92""S 107°24'13.14""E",2192.38,17.458061,20.15751,24.058249,68.87173,-75.7836,12.091606,True,1h
2026-05-15 10:50:50,2,"7°09'59.92""S 107°24'13.14""E",2192.38,17.455214,20.153831,24.056927,68.87639,-75.78329,12.091322,True,1h
2026-05-15 10:50:54,2,"7°09'59.92""S 107°24'13.14""E",2192.38,17.452366,20.150152,24.055607,68.88106,-75.78297,12.091037,True,1h
2026-05-15 10:50:58,2,"7°09'59.92""S 107°24'13.14""E",2192.38,17.449518,20.146471,24.054285,68.88572,-75.782646,12.090754,True,1h
2026-05-15 10:51:02,2,"7°09'59.92""S 107°24'13.14""E",2192.38,17.446676,20.142794,24.052963,68.89039,-75.782326,12.090468,True,1h
2026-05-15 10:51:06,2,"7°09'59.92""S 107°24'13.14""E",2192.38,17.443829,20.13911,24.05164,68.89506,-75.782005,12.090183,True,1h
2026-05-15 10:51:10,2,"7°09'59.92""S 107°24'13.14""E",2192.38,17.440985,20.135431,24.050318,68.899734,-75.78169,12.089898,True,1h
2026-05-15 10:51:14,2,"7°09'59.92""S 107°24'13.14""E",2192.38,17.43814,20.13175,24.048996,68.90441,-75.781364,12.089613,True,1h
2026-05-15 10:51:18,2,"7°09'59.92""S 107°24'13.14""E",2192.38,17.435299,20.128065,24.04767,68.909096,-75.781044,12.089329,True,1h
2026-05-15 10:51:22,2,"7°09'59.92""S 107°24'13.14""E",2192.38,17.43246,20.124388,24.046347,68.91377,-75.78072,12.089044,True,1h
2026-05-15 10:51:26,2,"7°09'59.92""S 107°24'13.14""E",2192.38,17.429619,20.120705,24.045025,68.91846,-75.780396,12.088759,True,1h
2026-05-15 10:51:30,2,"7°09'59.92""S 107°24'13.14""E",2192.38,17.426785,20.11702,24.043697,68.92314,-75.780075,12.088474,True,1h
2026-05-15 10:51:34,2,"7°09'59.92""S 107°24'13.14""E",2192.38,17.423946,20.113337,24.042372,68.92783,-75.77975,12.088188,True,1h
2026-05-15 10:51:38,2,"7°09'59.92""S 107°24'13.14""E",2192.38,17.421106,20.109652,24.041048,68.932526,-75.77943,12.087903,True,1h
2026-05-15 10:51:42,2,"7°09'59.92""S 107°24'13.14""E",2192.38,17.418272,20.105967,24.03972,68.937225,-75.779106,12.087618,True,1h
2026-05-15 10:51:46,2,"7°09'59.92""S 107°24'13.14""E",2192.38,17.41544,20.102282,24.038393,68.941925,-75.77878,12.087332,True,1h
2026-05-15 10:51:50,2,"7°09'59.92""S 107°24'13.14""E",2192.38,17.41261,20.098597,24.037066,68.94662,-75.77845,12.087047,True,1h
2026-05-15 10:51:54,2,"7°09'59.92""S 107°24'13.14""E",2192.38,17.409773,20.094913,24.035742,68.95132,-75.77813,12.086761,True,1h
2026-05-15 10:51:58,2,"7°09'59.92""S 107°24'13.14""E",2192.38,17.406944,20.091227,24.034414,68.956024,-75.777794,12.086476,True,1h
2026-05-15 10:52:02,2,"7°09'59.92""S 107°24'13.14""E",2192.38,17.404116,20.087538,24.033083,68.96074,-75.77747,12.086191,True,1h
2026-05-15 10:52:06,2,"7°09'59.92""S 107°24'13.14""E",2192.38,17.401285,20.083853,24.031755,68.96545,-75.77715,12.085904,True,1h
2026-05-15 10:52:10,2,"7°09'59.92""S 107°24'13.14""E",2192.38,17.398458,20.080164,24.03043,68.97015,-75.776825,12.085619,True,1h
2026-05-15 10:52:14,2,"7°09'59.92""S 107°24'13.14""E",2192.38,17.395632,20.076477,24.029099,68.97488,-75.7765,12.085333,True,1h
2026-05-15 10:52:18,2,"7°09'59.92""S 107°24'13.14""E",2192.38,17.392809,20.07279,24.02777,68.97959,-75.77617,12.085047,True,1h
2026-05-15 10:52:22,2,"7°09'59.92""S 107°24'13.14""E",2192.38,17.389986,20.069101,24.02644,68.984314,-75.77584,12.084761,True,1h
2026-05-15 10:52:26,2,"7°09'59.92""S 107°24'13.14""E",2192.38,17.38716,20.065413,24.025108,68.98904,-75.775505,12.0844755,True,1h
2026-05-15 10:52:30,2,"7°09'59.92""S 107°24'13.14""E",2192.38,17.384338,20.061726,24.023779,68.99376,-75.775185,12.084189,True,1h
2026-05-15 10:52:34,2,"7°09'59.92""S 107°24'13.14""E",2192.38,17.381517,20.058033,24.02245,68.99849,-75.77485,12.083903,True,1h
2026-05-15 10:52:38,2,"7°09'59.92""S 107°24'13.14""E",2192.38,17.378698,20.054342,24.021116,69.00322,-75.77452,12.083616,True,1h
2026-05-15 10:52:42,2,"7°09'59.92""S 107°24'13.14""E",2192.38,17.375881,20.050653,24.019787,69.00796,-75.774185,12.08333,True,1h
2026-05-15 10:52:46,2,"7°09'59.92""S 107°24'13.14""E",2192.38,17.37306,20.04696,24.018454,69.01269,-75.77386,12.083043,True,1h
2026-05-15 10:52:50,2,"7°09'59.92""S 107°24'13.14""E",2192.38,17.370247,20.04327,24.01712,69.017426,-75.77352,12.082757,True,1h
2026-05-15 10:52:54,2,"7°09'59.92""S 107°24'13.14""E",2192.38,17.367432,20.039577,24.015787,69.02216,-75.7732,12.082471,True,1h
2026-05-15 10:52:58,2,"7°09'59.92""S 107°24'13.14""E",2192.38,17.364618,20.035887,24.014452,69.02692,-75.772865,12.082184,True,1h
2026-05-15 10:53:02,2,"7°09'59.92""S 107°24'13.14""E",2192.38,17.361805,20.032194,24.013119,69.031654,-75.77253,12.081898,True,1h
2026-05-15 10:53:06,2,"7°09'59.92""S 107°24'13.14""E",2192.38,17.358992,20.0285,24.011784,69.03641,-75.7722,12.08161,True,1h
2026-05-15 10:53:10,2,"7°09'59.92""S 107°24'13.14""E",2192.38,17.356178,20.024805,24.010448,69.04115,-75.771866,12.081325,True,1h
2026-05-15 10:53:14,2,"7°09'59.92""S 107°24'13.14""E",2192.38,17.35337,20.021112,24.009115,69.04591,-75.77153,12.081037,True,1h
2026-05-15 10:53:18,2,"7°09'59.92""S 107°24'13.14""E",2192.38,17.350561,20.017418,24.00778,69.050674,-75.771194,12.08075,True,1h
2026-05-15 10:53:22,2,"7°09'59.92""S 107°24'13.14""E",2192.38,17.34775,20.013721,24.006445,69.05543,-75.77086,12.080463,True,1h
2026-05-15 10:53:26,2,"7°09'59.92""S 107°24'13.14""E",2192.38,17.344946,20.010029,24.00511,69.060196,-75.77052,12.080175,True,1h
2026-05-15 10:53:30,2,"7°09'59.92""S 107°24'13.14""E",2192.38,17.34214,20.006334,24.003769,69.06496,-75.770195,12.079889,True,1h
2026-05-15 10:53:34,2,"7°09'59.92""S 107°24'13.14""E",2192.38,17.339336,20.002636,24.002434,69.06972,-75.76986,12.079601,True,1h
2026-05-15 10:53:38,2,"7°09'59.92""S 107°24'13.14""E",2192.38,17.336533,19.99894,24.001099,69.07449,-75.769516,12.079314,True,1h
2026-05-15 10:53:42,2,"7°09'59.92""S 107°24'13.14""E",2192.38,17.333727,19.99524,23.999758,69.07926,-75.76918,12.079026,True,1h
2026-05-15 10:53:46,2,"7°09'59.92""S 107°24'13.14""E",2192.38,17.330927,19.991543,23.99842,69.08404,-75.768845,12.078739,True,1h
2026-05-15 10:53:50,2,"7°09'59.92""S 107°24'13.14""E",2192.38,17.328127,19.987848,23.99708,69.08881,-75.76851,12.078451,True,1h
2026-05-15 10:53:54,2,"7°09'59.92""S 107°24'13.14""E",2192.38,17.32533,19.984146,23.995743,69.0936,-75.768166,12.078165,True,1h
2026-05-15 10:53:58,2,"7°09'59.92""S 107°24'13.14""E",2192.38,17.322535,19.98045,23.994404,69.09837,-75.76784,12.077877,True,1h
2026-05-15 10:54:02,2,"7°09'59.92""S 107°24'13.14""E",2192.38,17.319733,19.97675,23.993063,69.10316,-75.76749,12.077589,True,1h
2026-05-15 10:54:06,2,"7°09'59.92""S 107°24'13.14""E",2192.38,17.316944,19.973051,23.991722,69.107956,-75.76714,12.077302,True,1h
2026-05-15 10:54:10,2,"7°09'59.92""S 107°24'13.14""E",2192.38,17.314144,19.96935,23.990381,69.11274,-75.76681,12.077014,True,1h
2026-05-15 10:54:14,2,"7°09'59.92""S 107°24'13.14""E",2192.38,17.311352,19.965647,23.989044,69.11753,-75.766464,12.076725,True,1h
2026-05-15 10:54:18,2,"7°09'59.92""S 107°24'13.14""E",2192.38,17.30856,19.96195,23.9877,69.12233,-75.76613,12.076437,True,1h
2026-05-15 10:54:22,2,"7°09'59.92""S 107°24'13.14""E",2192.38,17.305765,19.958244,23.986359,69.12713,-75.76579,12.07615,True,1h
2026-05-15 10:54:26,2,"7°09'59.92""S 107°24'13.14""E",2192.38,17.302977,19.954544,23.985016,69.13193,-75.76544,12.075862,True,1h
2026-05-15 10:54:30,2,"7°09'59.92""S 107°24'13.14""E",2192.38,17.300186,19.950842,23.983675,69.13674,-75.76511,12.075573,True,1h
2026-05-15 10:54:34,2,"7°09'59.92""S 107°24'13.14""E",2192.38,17.297398,19.94714,23.982332,69.14154,-75.76476,12.075285,True,1h
2026-05-15 10:54:38,2,"7°09'59.92""S 107°24'13.14""E",2192.38,17.294613,19.943436,23.980988,69.14635,-75.76441,12.074997,True,1h
2026-05-15 10:54:42,2,"7°09'59.92""S 107°24'13.14""E",2192.38,17.291826,19.939732,23.979645,69.15116,-75.76407,12.074709,True,1h
2026-05-15 10:54:46,2,"7°09'59.92""S 107°24'13.14""E",2192.38,17.289038,19.936026,23.9783,69.155975,-75.76373,12.074419,True,1h
2026-05-15 10:54:50,2,"7°09'59.92""S 107°24'13.14""E",2192.38,17.286259,19.932322,23.976955,69.1608,-75.76339,12.074131,True,1h
2026-05-15 10:54:54,2,"7°09'59.92""S 107°24'13.14""E",2192.38,17.283472,19.928617,23.97561,69.16561,-75.76305,12.073842,True,1h
2026-05-15 10:54:58,2,"7°09'59.92""S 107°24'13.14""E",2192.38,17.280691,19.924911,23.974264,69.17043,-75.7627,12.073554,True,1h
2026-05-15 10:55:02,2,"7°09'59.92""S 107°24'13.14""E",2192.38,17.277908,19.921206,23.972918,69.17526,-75.762344,12.073265,True,1h
2026-05-15 10:55:06,2,"7°09'59.92""S 107°24'13.14""E",2192.38,17.27513,19.9175,23.971573,69.180084,-75.76201,12.072976,True,1h
2026-05-15 10:55:10,2,"7°09'59.92""S 107°24'13.14""E",2192.38,17.27235,19.913792,23.970226,69.18492,-75.76166,12.072688,True,1h
2026-05-15 10:55:14,2,"7°09'59.92""S 107°24'13.14""E",2192.38,17.269571,19.910084,23.96888,69.18975,-75.76131,12.072398,True,1h
2026-05-15 10:55:18,2,"7°09'59.92""S 107°24'13.14""E",2192.38,17.2668,19.906378,23.967531,69.19459,-75.76097,12.07211,True,1h
2026-05-15 10:55:22,2,"7°09'59.92""S 107°24'13.14""E",2192.38,17.264023,19.902666,23.966185,69.199425,-75.76062,12.07182,True,1h
2026-05-15 10:55:26,2,"7°09'59.92""S 107°24'13.14""E",2192.38,17.261248,19.89896,23.964836,69.20426,-75.76027,12.071531,True,1h
2026-05-15 10:55:30,2,"7°09'59.92""S 107°24'13.14""E",2192.38,17.258476,19.89525,23.963486,69.20911,-75.75992,12.071241,True,1h
2026-05-15 10:55:34,2,"7°09'59.92""S 107°24'13.14""E",2192.38,17.255701,19.891537,23.962137,69.21396,-75.759575,12.070952,True,1h
2026-05-15 10:55:38,2,"7°09'59.92""S 107°24'13.14""E",2192.38,17.25293,19.887829,23.960789,69.2188,-75.759224,12.070663,True,1h
2026-05-15 10:55:42,2,"7°09'59.92""S 107°24'13.14""E",2192.38,17.250166,19.884119,23.959436,69.22365,-75.75887,12.0703745,True,1h
2026-05-15 10:55:46,2,"7°09'59.92""S 107°24'13.14""E",2192.38,17.247393,19.880407,23.958086,69.22851,-75.75852,12.070085,True,1h
2026-05-15 10:55:50,2,"7°09'59.92""S 107°24'13.14""E",2192.38,17.244625,19.876694,23.956736,69.23336,-75.75817,12.069795,True,1h
2026-05-15 10:55:54,2,"7°09'59.92""S 107°24'13.14""E",2192.38,17.24186,19.872982,23.955385,69.23823,-75.75781,12.069506,True,1h
2026-05-15 10:55:58,2,"7°09'59.92""S 107°24'13.14""E",2192.38,17.239096,19.869268,23.954035,69.24309,-75.75746,12.069216,True,1h
2026-05-15 10:56:02,2,"7°09'59.92""S 107°24'13.14""E",2192.38,17.236332,19.865557,23.95268,69.24795,-75.75711,12.068925,True,1h
2026-05-15 10:56:06,2,"7°09'59.92""S 107°24'13.14""E",2192.38,17.233566,19.861843,23.95133,69.25282,-75.75676,12.068636,True,1h
2026-05-15 10:56:10,2,"7°09'59.92""S 107°24'13.14""E",2192.38,17.230806,19.85813,23.949978,69.25769,-75.75641,12.068345,True,1h
2026-05-15 10:56:14,2,"7°09'59.92""S 107°24'13.14""E",2192.38,17.228045,19.854414,23.948624,69.26256,-75.75605,12.068056,True,1h
2026-05-15 10:56:18,2,"7°09'59.92""S 107°24'13.14""E",2192.38,17.225283,19.850702,23.947271,69.26744,-75.7557,12.067766,True,1h
2026-05-15 10:56:22,2,"7°09'59.92""S 107°24'13.14""E",2192.38,17.222523,19.846983,23.945917,69.272316,-75.75535,12.067475,True,1h
2026-05-15 10:56:26,2,"7°09'59.92""S 107°24'13.14""E",2192.38,17.219765,19.843267,23.944561,69.2772,-75.75499,12.067186,True,1h
2026-05-15 10:56:30,2,"7°09'59.92""S 107°24'13.14""E",2192.38,17.217009,19.83955,23.943207,69.28208,-75.75463,12.066895,True,1h
2026-05-15 10:56:34,2,"7°09'59.92""S 107°24'13.14""E",2192.38,17.214256,19.835835,23.941853,69.286964,-75.75428,12.066605,True,1h
2026-05-15 10:56:38,2,"7°09'59.92""S 107°24'13.14""E",2192.38,17.211498,19.832117,23.940498,69.29185,-75.75393,12.066314,True,1h
2026-05-15 10:56:42,2,"7°09'59.92""S 107°24'13.14""E",2192.38,17.208742,19.828398,23.93914,69.296745,-75.75356,12.066025,True,1h
2026-05-15 10:56:46,2,"7°09'59.92""S 107°24'13.14""E",2192.38,17.205992,19.82468,23.937784,69.30164,-75.75321,12.065733,True,1h
2026-05-15 10:56:50,2,"7°09'59.92""S 107°24'13.14""E",2192.38,17.203241,19.820961,23.936426,69.30654,-75.75285,12.065443,True,1h
2026-05-15 10:56:54,2,"7°09'59.92""S 107°24'13.14""E",2192.38,17.20049,19.817242,23.93507,69.31144,-75.752495,12.065152,True,1h
2026-05-15 10:56:58,2,"7°09'59.92""S 107°24'13.14""E",2192.38,17.197742,19.81352,23.933712,69.316345,-75.75214,12.064861,True,1h
2026-05-15 10:57:02,2,"7°09'59.92""S 107°24'13.14""E",2192.38,17.194992,19.809801,23.932352,69.32124,-75.751785,12.06457,True,1h
2026-05-15 10:57:06,2,"7°09'59.92""S 107°24'13.14""E",2192.38,17.192245,19.806078,23.930996,69.32616,-75.75142,12.064279,True,1h
2026-05-15 10:57:10,2,"7°09'59.92""S 107°24'13.14""E",2192.38,17.1895,19.802357,23.929636,69.33107,-75.751045,12.063989,True,1h
2026-05-15 10:57:14,2,"7°09'59.92""S 107°24'13.14""E",2192.38,17.186754,19.798634,23.928276,69.33598,-75.750694,12.063697,True,1h
2026-05-15 10:57:18,2,"7°09'59.92""S 107°24'13.14""E",2192.38,17.18401,19.794912,23.926916,69.3409,-75.750336,12.063405,True,1h
2026-05-15 10:57:22,2,"7°09'59.92""S 107°24'13.14""E",2192.38,17.181269,19.79119,23.925556,69.34582,-75.74998,12.063114,True,1h
2026-05-15 10:57:26,2,"7°09'59.92""S 107°24'13.14""E",2192.38,17.178526,19.787468,23.924196,69.35074,-75.74961,12.062824,True,1h
2026-05-15 10:57:30,2,"7°09'59.92""S 107°24'13.14""E",2192.38,17.175785,19.783741,23.922834,69.35566,-75.74925,12.062531,True,1h
2026-05-15 10:57:34,2,"7°09'59.92""S 107°24'13.14""E",2192.38,17.173048,19.780018,23.921474,69.36059,-75.748886,12.062241,True,1h
2026-05-15 10:57:38,2,"7°09'59.92""S 107°24'13.14""E",2192.38,17.17031,19.776295,23.920113,69.36552,-75.74853,12.06195,True,1h
2026-05-15 10:57:42,2,"7°09'59.92""S 107°24'13.14""E",2192.38,17.167572,19.772566,23.918749,69.37045,-75.74816,12.061659,True,1h
2026-05-15 10:57:46,2,"7°09'59.92""S 107°24'13.14""E",2192.38,17.164835,19.76884,23.917389,69.37539,-75.7478,12.061366,True,1h
2026-05-15 10:57:50,2,"7°09'59.92""S 107°24'13.14""E",2192.38,17.1621,19.765116,23.916025,69.380325,-75.74744,12.061074,True,1h
2026-05-15 10:57:54,2,"7°09'59.92""S 107°24'13.14""E",2192.38,17.159365,19.761389,23.914661,69.38527,-75.74708,12.060782,True,1h
2026-05-15 10:57:58,2,"7°09'59.92""S 107°24'13.14""E",2192.38,17.156631,19.757658,23.913296,69.390205,-75.74671,12.060491,True,1h
2026-05-15 10:58:02,2,"7°09'59.92""S 107°24'13.14""E",2192.38,17.153902,19.753931,23.911932,69.39516,-75.74634,12.060199,True,1h
2026-05-15 10:58:06,2,"7°09'59.92""S 107°24'13.14""E",2192.38,17.15117,19.750204,23.910566,69.4001,-75.74597,12.059907,True,1h
2026-05-15 10:58:10,2,"7°09'59.92""S 107°24'13.14""E",2192.38,17.14844,19.746475,23.9092,69.40506,-75.745605,12.059615,True,1h
2026-05-15 10:58:14,2,"7°09'59.92""S 107°24'13.14""E",2192.38,17.145712,19.742744,23.907835,69.41001,-75.74524,12.059322,True,1h
2026-05-15 10:58:18,2,"7°09'59.92""S 107°24'13.14""E",2192.38,17.142984,19.739014,23.906471,69.41497,-75.744865,12.059031,True,1h
2026-05-15 10:58:22,2,"7°09'59.92""S 107°24'13.14""E",2192.38,17.140257,19.735283,23.905104,69.41993,-75.74451,12.058739,True,1h
2026-05-15 10:58:26,2,"7°09'59.92""S 107°24'13.14""E",2192.38,17.137531,19.731554,23.903738,69.42489,-75.74413,12.058445,True,1h
2026-05-15 10:58:30,2,"7°09'59.92""S 107°24'13.14""E",2192.38,17.13481,19.727823,23.90237,69.429855,-75.74377,12.058154,True,1h
2026-05-15 10:58:34,2,"7°09'59.92""S 107°24'13.14""E",2192.38,17.132082,19.724085,23.901001,69.43483,-75.74339,12.057861,True,1h
2026-05-15 10:58:38,2,"7°09'59.92""S 107°24'13.14""E",2192.38,17.12936,19.720354,23.899633,69.4398,-75.74303,12.057569,True,1h
2026-05-15 10:58:42,2,"7°09'59.92""S 107°24'13.14""E",2192.38,17.126642,19.71662,23.898264,69.44477,-75.74265,12.057276,True,1h
2026-05-15 10:58:46,2,"7°09'59.92""S 107°24'13.14""E",2192.38,17.123919,19.712889,23.896896,69.44975,-75.74229,12.056983,True,1h
2026-05-15 10:58:50,2,"7°09'59.92""S 107°24'13.14""E",2192.38,17.121202,19.709154,23.895527,69.45473,-75.74191,12.05669,True,1h
2026-05-15 10:58:54,2,"7°09'59.92""S 107°24'13.14""E",2192.38,17.118486,19.705421,23.894157,69.45971,-75.74154,12.056397,True,1h
2026-05-15 10:58:58,2,"7°09'59.92""S 107°24'13.14""E",2192.38,17.115768,19.701683,23.892786,69.4647,-75.74117,12.056104,True,1h
2026-05-15 10:59:02,2,"7°09'59.92""S 107°24'13.14""E",2192.38,17.113052,19.697945,23.891417,69.46968,-75.7408,12.055811,True,1h
2026-05-15 10:59:06,2,"7°09'59.92""S 107°24'13.14""E",2192.38,17.11034,19.694212,23.890045,69.47467,-75.74043,12.055518,True,1h
2026-05-15 10:59:10,2,"7°09'59.92""S 107°24'13.14""E",2192.38,17.107624,19.690474,23.888672,69.47967,-75.74006,12.055224,True,1h
2026-05-15 10:59:14,2,"7°09'59.92""S 107°24'13.14""E",2192.38,17.104912,19.686735,23.887302,69.484665,-75.73968,12.054931,True,1h
2026-05-15 10:59:18,2,"7°09'59.92""S 107°24'13.14""E",2192.38,17.102201,19.682999,23.885931,69.48966,-75.7393,12.054639,True,1h
2026-05-15 10:59:22,2,"7°09'59.92""S 107°24'13.14""E",2192.38,17.09949,19.67926,23.884556,69.49467,-75.73893,12.054344,True,1h
2026-05-15 10:59:26,2,"7°09'59.92""S 107°24'13.14""E",2192.38,17.09678,19.675522,23.883184,69.49967,-75.73855,12.054051,True,1h
2026-05-15 10:59:30,2,"7°09'59.92""S 107°24'13.14""E",2192.38,17.094074,19.671782,23.88181,69.50467,-75.73818,12.053758,True,1h
2026-05-15 10:59:34,2,"7°09'59.92""S 107°24'13.14""E",2192.38,17.091366,19.668041,23.880436,69.50969,-75.7378,12.053465,True,1h
2026-05-15 10:59:38,2,"7°09'59.92""S 107°24'13.14""E",2192.38,17.088657,19.664299,23.879059,69.5147,-75.73743,12.05317,True,1h
2026-05-15 10:59:42,2,"7°09'59.92""S 107°24'13.14""E",2192.38,17.085955,19.660557,23.877686,69.519714,-75.737045,12.052876,True,1h
2026-05-15 10:59:46,2,"7°09'59.92""S 107°24'13.14""E",2192.38,17.083256,19.656816,23.87631,69.524734,-75.736664,12.052584,True,1h
2026-05-15 10:59:50,2,"7°09'59.92""S 107°24'13.14""E",2192.38,17.08055,19.653074,23.874933,69.52976,-75.73629,12.052289,True,1h
2026-05-15 10:59:54,2,"7°09'59.92""S 107°24'13.14""E",2192.38,17.077848,19.64933,23.87356,69.53478,-75.73591,12.051995,True,1h
2026-05-15 10:59:58,2,"7°09'59.92""S 107°24'13.14""E",2192.38,17.07515,19.64559,23.87218,69.53981,-75.73553,12.051701,True,1h
