timestamp,node_id,location,elevation,SO2,H2S,Temp_C,Humidity_pct,RSSI_dBm,SNR_dB,ack_success,horizon
2026-05-15 10:00:04,1,"7°10'00.64""S 107°24'04.92""E",2201.98,399.05383,144.44672,19.954782,90.413445,-73.69546,10.414556,True,1h
2026-05-15 10:00:08,1,"7°10'00.64""S 107°24'04.92""E",2201.98,398.66373,144.35811,19.947369,90.412865,-73.71023,10.413467,True,1h
2026-05-15 10:00:12,1,"7°10'00.64""S 107°24'04.92""E",2201.98,398.38824,144.30406,19.93984,90.41033,-73.72808,10.41234,True,1h
2026-05-15 10:00:16,1,"7°10'00.64""S 107°24'04.92""E",2201.98,398.17545,144.26562,19.932772,90.408295,-73.745,10.41145,True,1h
2026-05-15 10:00:20,1,"7°10'00.64""S 107°24'04.92""E",2201.98,398.01666,144.2375,19.926682,90.40736,-73.75877,10.410857,True,1h
2026-05-15 10:00:24,1,"7°10'00.64""S 107°24'04.92""E",2201.98,397.90195,144.21669,19.921688,90.40745,-73.76903,10.410518,True,1h
2026-05-15 10:00:28,1,"7°10'00.64""S 107°24'04.92""E",2201.98,397.82166,144.20146,19.917717,90.40823,-73.776184,10.410361,True,1h
2026-05-15 10:00:32,1,"7°10'00.64""S 107°24'04.92""E",2201.98,397.7666,144.19008,19.914608,90.409485,-73.78094,10.410323,True,1h
2026-05-15 10:00:36,1,"7°10'00.64""S 107°24'04.92""E",2201.98,397.729,144.18118,19.912193,90.410995,-73.78397,10.410352,True,1h
2026-05-15 10:00:40,1,"7°10'00.64""S 107°24'04.92""E",2201.98,397.7029,144.17387,19.910326,90.4126,-73.78583,10.410414,True,1h
2026-05-15 10:00:44,1,"7°10'00.64""S 107°24'04.92""E",2201.98,397.68393,144.16745,19.908876,90.4142,-73.78691,10.410486,True,1h
2026-05-15 10:00:48,1,"7°10'00.64""S 107°24'04.92""E",2201.98,397.66873,144.16145,19.907745,90.41576,-73.78751,10.410556,True,1h
2026-05-15 10:00:52,1,"7°10'00.64""S 107°24'04.92""E",2201.98,397.65515,144.15549,19.906849,90.417206,-73.78785,10.410614,True,1h
2026-05-15 10:00:56,1,"7°10'00.64""S 107°24'04.92""E",2201.98,397.6418,144.14938,19.906128,90.41856,-73.78806,10.410658,True,1h
2026-05-15 10:01:00,1,"7°10'00.64""S 107°24'04.92""E",2201.98,397.62836,144.14313,19.905537,90.41981,-73.788185,10.410688,True,1h
2026-05-15 10:01:04,1,"7°10'00.64""S 107°24'04.92""E",2201.98,397.61395,144.13652,19.905033,90.421,-73.78831,10.410705,True,1h
2026-05-15 10:01:08,1,"7°10'00.64""S 107°24'04.92""E",2201.98,397.59836,144.12962,19.904602,90.42208,-73.788445,10.4107065,True,1h
2026-05-15 10:01:12,1,"7°10'00.64""S 107°24'04.92""E",2201.98,397.58203,144.12251,19.904217,90.42311,-73.7886,10.410699,True,1h
2026-05-15 10:01:16,1,"7°10'00.64""S 107°24'04.92""E",2201.98,397.56454,144.11513,19.90387,90.424065,-73.788795,10.410681,True,1h
2026-05-15 10:01:20,1,"7°10'00.64""S 107°24'04.92""E",2201.98,397.5463,144.10751,19.903543,90.424995,-73.78902,10.410656,True,1h
2026-05-15 10:01:24,1,"7°10'00.64""S 107°24'04.92""E",2201.98,397.5275,144.0998,19.903236,90.4259,-73.78926,10.410626,True,1h
2026-05-15 10:01:28,1,"7°10'00.64""S 107°24'04.92""E",2201.98,397.50812,144.09196,19.90294,90.426765,-73.78953,10.410592,True,1h
2026-05-15 10:01:32,1,"7°10'00.64""S 107°24'04.92""E",2201.98,397.48807,144.08392,19.902653,90.42761,-73.78982,10.410552,True,1h
2026-05-15 10:01:36,1,"7°10'00.64""S 107°24'04.92""E",2201.98,397.46768,144.07579,19.902374,90.428444,-73.79012,10.41051,True,1h
2026-05-15 10:01:40,1,"7°10'00.64""S 107°24'04.92""E",2201.98,397.44708,144.06763,19.902098,90.42926,-73.79045,10.410465,True,1h
2026-05-15 10:01:44,1,"7°10'00.64""S 107°24'04.92""E",2201.98,397.4263,144.05942,19.901823,90.43008,-73.79077,10.41042,True,1h
2026-05-15 10:01:48,1,"7°10'00.64""S 107°24'04.92""E",2201.98,397.40518,144.0511,19.90155,90.430885,-73.79112,10.410372,True,1h
2026-05-15 10:01:52,1,"7°10'00.64""S 107°24'04.92""E",2201.98,397.38382,144.04268,19.90128,90.43169,-73.79148,10.410322,True,1h
2026-05-15 10:01:56,1,"7°10'00.64""S 107°24'04.92""E",2201.98,397.36246,144.03429,19.901007,90.43249,-73.79183,10.410272,True,1h
2026-05-15 10:02:00,1,"7°10'00.64""S 107°24'04.92""E",2201.98,397.34088,144.02588,19.900738,90.43328,-73.7922,10.410221,True,1h
2026-05-15 10:02:04,1,"7°10'00.64""S 107°24'04.92""E",2201.98,397.31934,144.01747,19.90047,90.43407,-73.792564,10.41017,True,1h
2026-05-15 10:02:08,1,"7°10'00.64""S 107°24'04.92""E",2201.98,397.2976,144.00899,19.900202,90.43485,-73.79294,10.410117,True,1h
2026-05-15 10:02:12,1,"7°10'00.64""S 107°24'04.92""E",2201.98,397.27588,144.00052,19.899933,90.43564,-73.793304,10.410065,True,1h
2026-05-15 10:02:16,1,"7°10'00.64""S 107°24'04.92""E",2201.98,397.25415,143.99203,19.899664,90.43643,-73.793686,10.410012,True,1h
2026-05-15 10:02:20,1,"7°10'00.64""S 107°24'04.92""E",2201.98,397.2324,143.98354,19.899397,90.43722,-73.79406,10.409961,True,1h
2026-05-15 10:02:24,1,"7°10'00.64""S 107°24'04.92""E",2201.98,397.21063,143.97505,19.899126,90.438,-73.79443,10.409907,True,1h
2026-05-15 10:02:28,1,"7°10'00.64""S 107°24'04.92""E",2201.98,397.18893,143.96657,19.898857,90.4388,-73.794815,10.409855,True,1h
2026-05-15 10:02:32,1,"7°10'00.64""S 107°24'04.92""E",2201.98,397.1672,143.95808,19.898588,90.439575,-73.79519,10.409802,True,1h
2026-05-15 10:02:36,1,"7°10'00.64""S 107°24'04.92""E",2201.98,397.14545,143.9496,19.89832,90.44037,-73.79556,10.40975,True,1h
2026-05-15 10:02:40,1,"7°10'00.64""S 107°24'04.92""E",2201.98,397.12372,143.94112,19.898048,90.441154,-73.79594,10.409697,True,1h
2026-05-15 10:02:44,1,"7°10'00.64""S 107°24'04.92""E",2201.98,397.10202,143.93263,19.89778,90.44195,-73.79631,10.409645,True,1h
2026-05-15 10:02:48,1,"7°10'00.64""S 107°24'04.92""E",2201.98,397.0803,143.92416,19.897509,90.44273,-73.796684,10.409592,True,1h
2026-05-15 10:02:52,1,"7°10'00.64""S 107°24'04.92""E",2201.98,397.05856,143.91568,19.89724,90.44352,-73.797066,10.40954,True,1h
2026-05-15 10:02:56,1,"7°10'00.64""S 107°24'04.92""E",2201.98,397.03683,143.9072,19.89697,90.44431,-73.79744,10.409487,True,1h
2026-05-15 10:03:00,1,"7°10'00.64""S 107°24'04.92""E",2201.98,397.01514,143.89873,19.8967,90.44511,-73.797806,10.409435,True,1h
2026-05-15 10:03:04,1,"7°10'00.64""S 107°24'04.92""E",2201.98,396.99344,143.89026,19.89643,90.445885,-73.79819,10.409384,True,1h
2026-05-15 10:03:08,1,"7°10'00.64""S 107°24'04.92""E",2201.98,396.97174,143.88177,19.89616,90.44668,-73.79856,10.409331,True,1h
2026-05-15 10:03:12,1,"7°10'00.64""S 107°24'04.92""E",2201.98,396.95004,143.8733,19.89589,90.44747,-73.798935,10.409279,True,1h
2026-05-15 10:03:16,1,"7°10'00.64""S 107°24'04.92""E",2201.98,396.92838,143.86484,19.895618,90.448265,-73.79932,10.409226,True,1h
2026-05-15 10:03:20,1,"7°10'00.64""S 107°24'04.92""E",2201.98,396.9067,143.85637,19.89535,90.44904,-73.79968,10.409174,True,1h
2026-05-15 10:03:24,1,"7°10'00.64""S 107°24'04.92""E",2201.98,396.885,143.8479,19.895079,90.44984,-73.80006,10.4091215,True,1h
2026-05-15 10:03:28,1,"7°10'00.64""S 107°24'04.92""E",2201.98,396.86334,143.83943,19.89481,90.45063,-73.80044,10.40907,True,1h
2026-05-15 10:03:32,1,"7°10'00.64""S 107°24'04.92""E",2201.98,396.8417,143.83098,19.894539,90.451416,-73.80081,10.409018,True,1h
2026-05-15 10:03:36,1,"7°10'00.64""S 107°24'04.92""E",2201.98,396.82004,143.82253,19.894268,90.4522,-73.801186,10.408965,True,1h
2026-05-15 10:03:40,1,"7°10'00.64""S 107°24'04.92""E",2201.98,396.7984,143.81406,19.893997,90.452995,-73.80156,10.408913,True,1h
2026-05-15 10:03:44,1,"7°10'00.64""S 107°24'04.92""E",2201.98,396.77676,143.8056,19.893726,90.45378,-73.80193,10.408861,True,1h
2026-05-15 10:03:48,1,"7°10'00.64""S 107°24'04.92""E",2201.98,396.7551,143.79715,19.893457,90.454575,-73.80231,10.408809,True,1h
2026-05-15 10:03:52,1,"7°10'00.64""S 107°24'04.92""E",2201.98,396.73346,143.78868,19.893185,90.45536,-73.80268,10.408757,True,1h
2026-05-15 10:03:56,1,"7°10'00.64""S 107°24'04.92""E",2201.98,396.71182,143.78023,19.892916,90.456154,-73.80305,10.408705,True,1h
2026-05-15 10:04:00,1,"7°10'00.64""S 107°24'04.92""E",2201.98,396.69025,143.77177,19.892645,90.45695,-73.80343,10.408653,True,1h
2026-05-15 10:04:04,1,"7°10'00.64""S 107°24'04.92""E",2201.98,396.66858,143.76334,19.892374,90.45773,-73.8038,10.408601,True,1h
2026-05-15 10:04:08,1,"7°10'00.64""S 107°24'04.92""E",2201.98,396.64694,143.75488,19.892103,90.45852,-73.80418,10.408549,True,1h
2026-05-15 10:04:12,1,"7°10'00.64""S 107°24'04.92""E",2201.98,396.62537,143.74643,19.89183,90.45931,-73.80455,10.408497,True,1h
2026-05-15 10:04:16,1,"7°10'00.64""S 107°24'04.92""E",2201.98,396.60373,143.73798,19.891562,90.460106,-73.80492,10.408445,True,1h
2026-05-15 10:04:20,1,"7°10'00.64""S 107°24'04.92""E",2201.98,396.58215,143.72954,19.891289,90.46089,-73.8053,10.408393,True,1h
2026-05-15 10:04:24,1,"7°10'00.64""S 107°24'04.92""E",2201.98,396.56055,143.72108,19.89102,90.46168,-73.805664,10.408341,True,1h
2026-05-15 10:04:28,1,"7°10'00.64""S 107°24'04.92""E",2201.98,396.53897,143.71266,19.890747,90.46247,-73.80604,10.40829,True,1h
2026-05-15 10:04:32,1,"7°10'00.64""S 107°24'04.92""E",2201.98,396.5174,143.70422,19.890476,90.463264,-73.80641,10.408238,True,1h
2026-05-15 10:04:36,1,"7°10'00.64""S 107°24'04.92""E",2201.98,396.4958,143.69577,19.890205,90.46405,-73.806786,10.408186,True,1h
2026-05-15 10:04:40,1,"7°10'00.64""S 107°24'04.92""E",2201.98,396.47424,143.68735,19.889935,90.464836,-73.80716,10.408134,True,1h
2026-05-15 10:04:44,1,"7°10'00.64""S 107°24'04.92""E",2201.98,396.45267,143.67891,19.889662,90.46563,-73.80753,10.408083,True,1h
2026-05-15 10:04:48,1,"7°10'00.64""S 107°24'04.92""E",2201.98,396.43106,143.67047,19.88939,90.46642,-73.80791,10.408031,True,1h
2026-05-15 10:04:52,1,"7°10'00.64""S 107°24'04.92""E",2201.98,396.40952,143.66203,19.889118,90.46722,-73.80828,10.407979,True,1h
2026-05-15 10:04:56,1,"7°10'00.64""S 107°24'04.92""E",2201.98,396.38797,143.65361,19.88885,90.467995,-73.80865,10.4079275,True,1h
2026-05-15 10:05:00,1,"7°10'00.64""S 107°24'04.92""E",2201.98,396.3664,143.64517,19.888577,90.46879,-73.80903,10.407876,True,1h
2026-05-15 10:05:04,1,"7°10'00.64""S 107°24'04.92""E",2201.98,396.34488,143.63675,19.888306,90.46958,-73.809395,10.4078245,True,1h
2026-05-15 10:05:08,1,"7°10'00.64""S 107°24'04.92""E",2201.98,396.32327,143.62831,19.888033,90.470375,-73.80977,10.407773,True,1h
2026-05-15 10:05:12,1,"7°10'00.64""S 107°24'04.92""E",2201.98,396.3018,143.61989,19.887762,90.47117,-73.81014,10.4077215,True,1h
2026-05-15 10:05:16,1,"7°10'00.64""S 107°24'04.92""E",2201.98,396.28027,143.61147,19.887491,90.47195,-73.81052,10.40767,True,1h
2026-05-15 10:05:20,1,"7°10'00.64""S 107°24'04.92""E",2201.98,396.2587,143.60304,19.887218,90.47274,-73.81089,10.4076185,True,1h
2026-05-15 10:05:24,1,"7°10'00.64""S 107°24'04.92""E",2201.98,396.2372,143.59464,19.886946,90.47353,-73.81126,10.407567,True,1h
2026-05-15 10:05:28,1,"7°10'00.64""S 107°24'04.92""E",2201.98,396.21573,143.58621,19.886675,90.47433,-73.81163,10.407516,True,1h
2026-05-15 10:05:32,1,"7°10'00.64""S 107°24'04.92""E",2201.98,396.19418,143.57779,19.886402,90.47511,-73.812004,10.407464,True,1h
2026-05-15 10:05:36,1,"7°10'00.64""S 107°24'04.92""E",2201.98,396.1727,143.56938,19.88613,90.47591,-73.81238,10.407413,True,1h
2026-05-15 10:05:40,1,"7°10'00.64""S 107°24'04.92""E",2201.98,396.15118,143.56097,19.885859,90.4767,-73.812744,10.407361,True,1h
2026-05-15 10:05:44,1,"7°10'00.64""S 107°24'04.92""E",2201.98,396.1297,143.55255,19.885586,90.477486,-73.81312,10.40731,True,1h
2026-05-15 10:05:48,1,"7°10'00.64""S 107°24'04.92""E",2201.98,396.10822,143.54414,19.885313,90.47828,-73.81349,10.407258,True,1h
2026-05-15 10:05:52,1,"7°10'00.64""S 107°24'04.92""E",2201.98,396.08673,143.53574,19.885042,90.479065,-73.813866,10.4072075,True,1h
2026-05-15 10:05:56,1,"7°10'00.64""S 107°24'04.92""E",2201.98,396.06525,143.52733,19.88477,90.47986,-73.81423,10.407156,True,1h
2026-05-15 10:06:00,1,"7°10'00.64""S 107°24'04.92""E",2201.98,396.04376,143.5189,19.884497,90.48065,-73.814606,10.4071045,True,1h
2026-05-15 10:06:04,1,"7°10'00.64""S 107°24'04.92""E",2201.98,396.0223,143.51051,19.884224,90.48144,-73.81497,10.407054,True,1h
2026-05-15 10:06:08,1,"7°10'00.64""S 107°24'04.92""E",2201.98,396.00085,143.5021,19.883953,90.48223,-73.815346,10.407002,True,1h
2026-05-15 10:06:12,1,"7°10'00.64""S 107°24'04.92""E",2201.98,395.9794,143.4937,19.88368,90.483025,-73.81572,10.406952,True,1h
2026-05-15 10:06:16,1,"7°10'00.64""S 107°24'04.92""E",2201.98,395.95795,143.4853,19.883408,90.48382,-73.81609,10.406899,True,1h
2026-05-15 10:06:20,1,"7°10'00.64""S 107°24'04.92""E",2201.98,395.93652,143.47691,19.883135,90.484604,-73.81646,10.406849,True,1h
2026-05-15 10:06:24,1,"7°10'00.64""S 107°24'04.92""E",2201.98,395.91507,143.4685,19.882862,90.4854,-73.81683,10.406797,True,1h
2026-05-15 10:06:28,1,"7°10'00.64""S 107°24'04.92""E",2201.98,395.89362,143.46011,19.88259,90.48618,-73.8172,10.406747,True,1h
2026-05-15 10:06:32,1,"7°10'00.64""S 107°24'04.92""E",2201.98,395.87216,143.45172,19.882317,90.486984,-73.81757,10.406695,True,1h
2026-05-15 10:06:36,1,"7°10'00.64""S 107°24'04.92""E",2201.98,395.85077,143.44333,19.882044,90.48778,-73.81795,10.406645,True,1h
2026-05-15 10:06:40,1,"7°10'00.64""S 107°24'04.92""E",2201.98,395.82935,143.43494,19.881771,90.48856,-73.81832,10.406594,True,1h
2026-05-15 10:06:44,1,"7°10'00.64""S 107°24'04.92""E",2201.98,395.80792,143.42654,19.881498,90.48936,-73.81869,10.406543,True,1h
2026-05-15 10:06:48,1,"7°10'00.64""S 107°24'04.92""E",2201.98,395.78647,143.41815,19.881226,90.49015,-73.81906,10.406491,True,1h
2026-05-15 10:06:52,1,"7°10'00.64""S 107°24'04.92""E",2201.98,395.76508,143.40977,19.88095,90.49094,-73.81943,10.406441,True,1h
2026-05-15 10:06:56,1,"7°10'00.64""S 107°24'04.92""E",2201.98,395.74368,143.40138,19.880678,90.49173,-73.8198,10.406389,True,1h
2026-05-15 10:07:00,1,"7°10'00.64""S 107°24'04.92""E",2201.98,395.7223,143.39299,19.880405,90.49252,-73.82017,10.406339,True,1h
2026-05-15 10:07:04,1,"7°10'00.64""S 107°24'04.92""E",2201.98,395.7009,143.38463,19.880133,90.49331,-73.82054,10.406288,True,1h
2026-05-15 10:07:08,1,"7°10'00.64""S 107°24'04.92""E",2201.98,395.6795,143.37624,19.87986,90.4941,-73.82091,10.406238,True,1h
2026-05-15 10:07:12,1,"7°10'00.64""S 107°24'04.92""E",2201.98,395.6581,143.36786,19.879587,90.49489,-73.82128,10.406187,True,1h
2026-05-15 10:07:16,1,"7°10'00.64""S 107°24'04.92""E",2201.98,395.63675,143.35948,19.879313,90.49568,-73.82165,10.406135,True,1h
2026-05-15 10:07:20,1,"7°10'00.64""S 107°24'04.92""E",2201.98,395.6154,143.3511,19.879038,90.496475,-73.82202,10.406084,True,1h
2026-05-15 10:07:24,1,"7°10'00.64""S 107°24'04.92""E",2201.98,395.59402,143.34273,19.878767,90.49728,-73.82239,10.4060335,True,1h
2026-05-15 10:07:28,1,"7°10'00.64""S 107°24'04.92""E",2201.98,395.57263,143.33437,19.878492,90.49806,-73.82276,10.405984,True,1h
2026-05-15 10:07:32,1,"7°10'00.64""S 107°24'04.92""E",2201.98,395.5513,143.32597,19.878218,90.498856,-73.82313,10.405933,True,1h
2026-05-15 10:07:36,1,"7°10'00.64""S 107°24'04.92""E",2201.98,395.52994,143.31761,19.877945,90.49965,-73.8235,10.405882,True,1h
2026-05-15 10:07:40,1,"7°10'00.64""S 107°24'04.92""E",2201.98,395.50858,143.30925,19.877672,90.50044,-73.823875,10.40583,True,1h
2026-05-15 10:07:44,1,"7°10'00.64""S 107°24'04.92""E",2201.98,395.48724,143.30087,19.877396,90.501236,-73.82424,10.405781,True,1h
2026-05-15 10:07:48,1,"7°10'00.64""S 107°24'04.92""E",2201.98,395.4659,143.29251,19.877123,90.50202,-73.824615,10.40573,True,1h
2026-05-15 10:07:52,1,"7°10'00.64""S 107°24'04.92""E",2201.98,395.44458,143.28415,19.87685,90.502815,-73.82498,10.40568,True,1h
2026-05-15 10:07:56,1,"7°10'00.64""S 107°24'04.92""E",2201.98,395.42328,143.27579,19.876577,90.50361,-73.82535,10.405629,True,1h
2026-05-15 10:08:00,1,"7°10'00.64""S 107°24'04.92""E",2201.98,395.40195,143.26743,19.8763,90.5044,-73.825714,10.405578,True,1h
2026-05-15 10:08:04,1,"7°10'00.64""S 107°24'04.92""E",2201.98,395.3806,143.25906,19.876028,90.505196,-73.82609,10.405528,True,1h
2026-05-15 10:08:08,1,"7°10'00.64""S 107°24'04.92""E",2201.98,395.35928,143.2507,19.875753,90.50598,-73.82646,10.405478,True,1h
2026-05-15 10:08:12,1,"7°10'00.64""S 107°24'04.92""E",2201.98,395.338,143.24236,19.87548,90.506775,-73.82683,10.405427,True,1h
2026-05-15 10:08:16,1,"7°10'00.64""S 107°24'04.92""E",2201.98,395.31668,143.234,19.875206,90.50757,-73.8272,10.405376,True,1h
2026-05-15 10:08:20,1,"7°10'00.64""S 107°24'04.92""E",2201.98,395.2954,143.22563,19.874931,90.50836,-73.82756,10.405326,True,1h
2026-05-15 10:08:24,1,"7°10'00.64""S 107°24'04.92""E",2201.98,395.2741,143.21729,19.874657,90.509155,-73.827934,10.405275,True,1h
2026-05-15 10:08:28,1,"7°10'00.64""S 107°24'04.92""E",2201.98,395.2528,143.20894,19.874384,90.50995,-73.8283,10.405226,True,1h
2026-05-15 10:08:32,1,"7°10'00.64""S 107°24'04.92""E",2201.98,395.23154,143.20058,19.87411,90.51074,-73.828674,10.405175,True,1h
2026-05-15 10:08:36,1,"7°10'00.64""S 107°24'04.92""E",2201.98,395.21027,143.19223,19.873835,90.511536,-73.82904,10.405125,True,1h
2026-05-15 10:08:40,1,"7°10'00.64""S 107°24'04.92""E",2201.98,395.189,143.18388,19.873558,90.51233,-73.82941,10.405074,True,1h
2026-05-15 10:08:44,1,"7°10'00.64""S 107°24'04.92""E",2201.98,395.16776,143.17555,19.873285,90.513115,-73.82978,10.405025,True,1h
2026-05-15 10:08:48,1,"7°10'00.64""S 107°24'04.92""E",2201.98,395.14648,143.16719,19.87301,90.513916,-73.83015,10.404974,True,1h
2026-05-15 10:08:52,1,"7°10'00.64""S 107°24'04.92""E",2201.98,395.1252,143.15884,19.872736,90.51471,-73.83051,10.404923,True,1h
2026-05-15 10:08:56,1,"7°10'00.64""S 107°24'04.92""E",2201.98,395.10397,143.15051,19.872461,90.5155,-73.83089,10.404873,True,1h
2026-05-15 10:09:00,1,"7°10'00.64""S 107°24'04.92""E",2201.98,395.0827,143.14217,19.872185,90.5163,-73.831245,10.404823,True,1h
2026-05-15 10:09:04,1,"7°10'00.64""S 107°24'04.92""E",2201.98,395.0615,143.13383,19.87191,90.51708,-73.83163,10.404773,True,1h
2026-05-15 10:09:08,1,"7°10'00.64""S 107°24'04.92""E",2201.98,395.04022,143.1255,19.871637,90.517876,-73.831985,10.404722,True,1h
2026-05-15 10:09:12,1,"7°10'00.64""S 107°24'04.92""E",2201.98,395.019,143.11716,19.871363,90.51867,-73.83236,10.404673,True,1h
2026-05-15 10:09:16,1,"7°10'00.64""S 107°24'04.92""E",2201.98,394.9978,143.10883,19.871088,90.51947,-73.832726,10.404623,True,1h
2026-05-15 10:09:20,1,"7°10'00.64""S 107°24'04.92""E",2201.98,394.97656,143.1005,19.870813,90.520256,-73.83309,10.4045725,True,1h
2026-05-15 10:09:24,1,"7°10'00.64""S 107°24'04.92""E",2201.98,394.95535,143.09216,19.870537,90.52105,-73.83346,10.404522,True,1h
2026-05-15 10:09:28,1,"7°10'00.64""S 107°24'04.92""E",2201.98,394.9341,143.08383,19.87026,90.52184,-73.83383,10.404472,True,1h
2026-05-15 10:09:32,1,"7°10'00.64""S 107°24'04.92""E",2201.98,394.91293,143.07552,19.869986,90.52264,-73.8342,10.404423,True,1h
2026-05-15 10:09:36,1,"7°10'00.64""S 107°24'04.92""E",2201.98,394.89172,143.06718,19.86971,90.52344,-73.834564,10.404372,True,1h
2026-05-15 10:09:40,1,"7°10'00.64""S 107°24'04.92""E",2201.98,394.8705,143.05885,19.869436,90.52422,-73.83493,10.404323,True,1h
2026-05-15 10:09:44,1,"7°10'00.64""S 107°24'04.92""E",2201.98,394.84933,143.05052,19.86916,90.52502,-73.8353,10.404273,True,1h
2026-05-15 10:09:48,1,"7°10'00.64""S 107°24'04.92""E",2201.98,394.82812,143.0422,19.868885,90.52581,-73.83567,10.4042225,True,1h
2026-05-15 10:09:52,1,"7°10'00.64""S 107°24'04.92""E",2201.98,394.80695,143.03389,19.86861,90.52661,-73.83603,10.404173,True,1h
2026-05-15 10:09:56,1,"7°10'00.64""S 107°24'04.92""E",2201.98,394.7858,143.02557,19.868334,90.527405,-73.8364,10.404123,True,1h
2026-05-15 10:10:00,1,"7°10'00.64""S 107°24'04.92""E",2201.98,394.76465,143.01724,19.86806,90.5282,-73.83677,10.404073,True,1h
2026-05-15 10:10:04,1,"7°10'00.64""S 107°24'04.92""E",2201.98,394.74347,143.00893,19.867783,90.528984,-73.837135,10.404023,True,1h
2026-05-15 10:10:08,1,"7°10'00.64""S 107°24'04.92""E",2201.98,394.7223,143.00061,19.867508,90.529785,-73.8375,10.403974,True,1h
2026-05-15 10:10:12,1,"7°10'00.64""S 107°24'04.92""E",2201.98,394.70114,142.99231,19.867231,90.53058,-73.837875,10.403924,True,1h
2026-05-15 10:10:16,1,"7°10'00.64""S 107°24'04.92""E",2201.98,394.67996,142.984,19.866955,90.531364,-73.838234,10.403873,True,1h
2026-05-15 10:10:20,1,"7°10'00.64""S 107°24'04.92""E",2201.98,394.6588,142.97568,19.86668,90.532166,-73.8386,10.403825,True,1h
2026-05-15 10:10:24,1,"7°10'00.64""S 107°24'04.92""E",2201.98,394.6377,142.96738,19.866404,90.53296,-73.838974,10.403774,True,1h
2026-05-15 10:10:28,1,"7°10'00.64""S 107°24'04.92""E",2201.98,394.61655,142.95906,19.866127,90.53375,-73.83933,10.403725,True,1h
2026-05-15 10:10:32,1,"7°10'00.64""S 107°24'04.92""E",2201.98,394.5954,142.95076,19.865852,90.53455,-73.83971,10.403675,True,1h
2026-05-15 10:10:36,1,"7°10'00.64""S 107°24'04.92""E",2201.98,394.5743,142.94244,19.865576,90.53535,-73.84007,10.4036255,True,1h
2026-05-15 10:10:40,1,"7°10'00.64""S 107°24'04.92""E",2201.98,394.55316,142.93414,19.8653,90.53614,-73.84044,10.403576,True,1h
2026-05-15 10:10:44,1,"7°10'00.64""S 107°24'04.92""E",2201.98,394.53204,142.92584,19.865023,90.536934,-73.8408,10.403526,True,1h
2026-05-15 10:10:48,1,"7°10'00.64""S 107°24'04.92""E",2201.98,394.511,142.91754,19.864748,90.53773,-73.84117,10.403477,True,1h
2026-05-15 10:10:52,1,"7°10'00.64""S 107°24'04.92""E",2201.98,394.48984,142.90924,19.864471,90.53852,-73.84154,10.403427,True,1h
2026-05-15 10:10:56,1,"7°10'00.64""S 107°24'04.92""E",2201.98,394.46875,142.90096,19.864195,90.53932,-73.8419,10.4033785,True,1h
2026-05-15 10:11:00,1,"7°10'00.64""S 107°24'04.92""E",2201.98,394.44766,142.89265,19.863918,90.54011,-73.84227,10.403328,True,1h
2026-05-15 10:11:04,1,"7°10'00.64""S 107°24'04.92""E",2201.98,394.42654,142.88435,19.863642,90.54091,-73.842636,10.403279,True,1h
2026-05-15 10:11:08,1,"7°10'00.64""S 107°24'04.92""E",2201.98,394.40546,142.87607,19.863365,90.5417,-73.843,10.40323,True,1h
2026-05-15 10:11:12,1,"7°10'00.64""S 107°24'04.92""E",2201.98,394.3844,142.86777,19.86309,90.542496,-73.84337,10.40318,True,1h
2026-05-15 10:11:16,1,"7°10'00.64""S 107°24'04.92""E",2201.98,394.3633,142.85948,19.862812,90.5433,-73.843735,10.403131,True,1h
2026-05-15 10:11:20,1,"7°10'00.64""S 107°24'04.92""E",2201.98,394.34225,142.8512,19.862535,90.54408,-73.8441,10.403081,True,1h
2026-05-15 10:11:24,1,"7°10'00.64""S 107°24'04.92""E",2201.98,394.3212,142.84291,19.862259,90.54488,-73.84447,10.403032,True,1h
2026-05-15 10:11:28,1,"7°10'00.64""S 107°24'04.92""E",2201.98,394.3001,142.83461,19.861982,90.54568,-73.84483,10.402983,True,1h
2026-05-15 10:11:32,1,"7°10'00.64""S 107°24'04.92""E",2201.98,394.27905,142.82634,19.861706,90.54648,-73.8452,10.402933,True,1h
2026-05-15 10:11:36,1,"7°10'00.64""S 107°24'04.92""E",2201.98,394.25797,142.81805,19.86143,90.54727,-73.84556,10.4028845,True,1h
2026-05-15 10:11:40,1,"7°10'00.64""S 107°24'04.92""E",2201.98,394.23694,142.80977,19.861153,90.54806,-73.845924,10.402835,True,1h
2026-05-15 10:11:44,1,"7°10'00.64""S 107°24'04.92""E",2201.98,394.21594,142.80148,19.860876,90.54886,-73.84629,10.402785,True,1h
2026-05-15 10:11:48,1,"7°10'00.64""S 107°24'04.92""E",2201.98,394.1949,142.7932,19.860598,90.54965,-73.84666,10.402737,True,1h
2026-05-15 10:11:52,1,"7°10'00.64""S 107°24'04.92""E",2201.98,394.17386,142.78491,19.860321,90.55045,-73.847015,10.402687,True,1h
2026-05-15 10:11:56,1,"7°10'00.64""S 107°24'04.92""E",2201.98,394.1528,142.77664,19.860044,90.55125,-73.84739,10.402638,True,1h
2026-05-15 10:12:00,1,"7°10'00.64""S 107°24'04.92""E",2201.98,394.1318,142.76837,19.859768,90.55204,-73.847755,10.402589,True,1h
2026-05-15 10:12:04,1,"7°10'00.64""S 107°24'04.92""E",2201.98,394.11072,142.7601,19.85949,90.55283,-73.84812,10.40254,True,1h
2026-05-15 10:12:08,1,"7°10'00.64""S 107°24'04.92""E",2201.98,394.08975,142.75183,19.859213,90.553635,-73.84848,10.402491,True,1h
2026-05-15 10:12:12,1,"7°10'00.64""S 107°24'04.92""E",2201.98,394.06876,142.74356,19.858936,90.55443,-73.848854,10.402442,True,1h
2026-05-15 10:12:16,1,"7°10'00.64""S 107°24'04.92""E",2201.98,394.04773,142.73529,19.858658,90.55523,-73.84921,10.402393,True,1h
2026-05-15 10:12:20,1,"7°10'00.64""S 107°24'04.92""E",2201.98,394.02673,142.72702,19.858381,90.556015,-73.84958,10.402344,True,1h
2026-05-15 10:12:24,1,"7°10'00.64""S 107°24'04.92""E",2201.98,394.00577,142.71875,19.858103,90.556816,-73.84994,10.402295,True,1h
2026-05-15 10:12:28,1,"7°10'00.64""S 107°24'04.92""E",2201.98,393.98474,142.71048,19.857824,90.55761,-73.85031,10.4022455,True,1h
2026-05-15 10:12:32,1,"7°10'00.64""S 107°24'04.92""E",2201.98,393.96378,142.70222,19.857548,90.55841,-73.85068,10.402197,True,1h
2026-05-15 10:12:36,1,"7°10'00.64""S 107°24'04.92""E",2201.98,393.9428,142.69395,19.85727,90.559204,-73.851036,10.402147,True,1h
2026-05-15 10:12:40,1,"7°10'00.64""S 107°24'04.92""E",2201.98,393.9218,142.6857,19.856993,90.560005,-73.8514,10.402099,True,1h
2026-05-15 10:12:44,1,"7°10'00.64""S 107°24'04.92""E",2201.98,393.90085,142.67743,19.856714,90.56079,-73.85176,10.40205,True,1h
2026-05-15 10:12:48,1,"7°10'00.64""S 107°24'04.92""E",2201.98,393.8799,142.66917,19.856438,90.56159,-73.85213,10.402001,True,1h
2026-05-15 10:12:52,1,"7°10'00.64""S 107°24'04.92""E",2201.98,393.85895,142.6609,19.85616,90.56239,-73.8525,10.401953,True,1h
2026-05-15 10:12:56,1,"7°10'00.64""S 107°24'04.92""E",2201.98,393.83798,142.65266,19.85588,90.56319,-73.85286,10.401903,True,1h
2026-05-15 10:13:00,1,"7°10'00.64""S 107°24'04.92""E",2201.98,393.81702,142.64441,19.855602,90.56399,-73.85322,10.401855,True,1h
2026-05-15 10:13:04,1,"7°10'00.64""S 107°24'04.92""E",2201.98,393.79608,142.63615,19.855324,90.56479,-73.853584,10.401806,True,1h
2026-05-15 10:13:08,1,"7°10'00.64""S 107°24'04.92""E",2201.98,393.77515,142.6279,19.855047,90.565575,-73.85395,10.401757,True,1h
2026-05-15 10:13:12,1,"7°10'00.64""S 107°24'04.92""E",2201.98,393.75424,142.61964,19.854769,90.566376,-73.85432,10.401709,True,1h
2026-05-15 10:13:16,1,"7°10'00.64""S 107°24'04.92""E",2201.98,393.73328,142.6114,19.85449,90.56717,-73.854675,10.40166,True,1h
2026-05-15 10:13:20,1,"7°10'00.64""S 107°24'04.92""E",2201.98,393.71237,142.60315,19.854212,90.56797,-73.85504,10.401611,True,1h
2026-05-15 10:13:24,1,"7°10'00.64""S 107°24'04.92""E",2201.98,393.69147,142.59491,19.853933,90.56877,-73.85541,10.401563,True,1h
2026-05-15 10:13:28,1,"7°10'00.64""S 107°24'04.92""E",2201.98,393.6705,142.58665,19.853655,90.56956,-73.85577,10.401514,True,1h
2026-05-15 10:13:32,1,"7°10'00.64""S 107°24'04.92""E",2201.98,393.64963,142.57843,19.853378,90.57036,-73.85613,10.401465,True,1h
2026-05-15 10:13:36,1,"7°10'00.64""S 107°24'04.92""E",2201.98,393.6287,142.57018,19.853098,90.57116,-73.8565,10.401417,True,1h
2026-05-15 10:13:40,1,"7°10'00.64""S 107°24'04.92""E",2201.98,393.60782,142.56194,19.85282,90.57195,-73.85686,10.401369,True,1h
2026-05-15 10:13:44,1,"7°10'00.64""S 107°24'04.92""E",2201.98,393.58694,142.5537,19.852541,90.572754,-73.85722,10.4013195,True,1h
2026-05-15 10:13:48,1,"7°10'00.64""S 107°24'04.92""E",2201.98,393.56604,142.54546,19.852262,90.573555,-73.85758,10.401272,True,1h
2026-05-15 10:13:52,1,"7°10'00.64""S 107°24'04.92""E",2201.98,393.5451,142.53722,19.851986,90.57435,-73.85795,10.401223,True,1h
2026-05-15 10:13:56,1,"7°10'00.64""S 107°24'04.92""E",2201.98,393.52423,142.52898,19.851706,90.57514,-73.858315,10.401175,True,1h
2026-05-15 10:14:00,1,"7°10'00.64""S 107°24'04.92""E",2201.98,393.50342,142.52075,19.851427,90.57594,-73.85867,10.401126,True,1h
2026-05-15 10:14:04,1,"7°10'00.64""S 107°24'04.92""E",2201.98,393.48248,142.51251,19.851147,90.576744,-73.85903,10.401077,True,1h
2026-05-15 10:14:08,1,"7°10'00.64""S 107°24'04.92""E",2201.98,393.46164,142.50429,19.85087,90.577545,-73.8594,10.401029,True,1h
2026-05-15 10:14:12,1,"7°10'00.64""S 107°24'04.92""E",2201.98,393.44077,142.49606,19.85059,90.57834,-73.859764,10.40098,True,1h
2026-05-15 10:14:16,1,"7°10'00.64""S 107°24'04.92""E",2201.98,393.41995,142.48782,19.850311,90.57913,-73.86013,10.400932,True,1h
2026-05-15 10:14:20,1,"7°10'00.64""S 107°24'04.92""E",2201.98,393.39908,142.4796,19.85003,90.57993,-73.86049,10.400884,True,1h
2026-05-15 10:14:24,1,"7°10'00.64""S 107°24'04.92""E",2201.98,393.37827,142.47137,19.849754,90.580734,-73.860855,10.400836,True,1h
2026-05-15 10:14:28,1,"7°10'00.64""S 107°24'04.92""E",2201.98,393.3574,142.46315,19.849474,90.58153,-73.86121,10.400787,True,1h
2026-05-15 10:14:32,1,"7°10'00.64""S 107°24'04.92""E",2201.98,393.33658,142.45493,19.849195,90.58233,-73.86157,10.40074,True,1h
2026-05-15 10:14:36,1,"7°10'00.64""S 107°24'04.92""E",2201.98,393.3157,142.4467,19.848915,90.58313,-73.86194,10.400691,True,1h
2026-05-15 10:14:40,1,"7°10'00.64""S 107°24'04.92""E",2201.98,393.2949,142.43848,19.848637,90.58392,-73.8623,10.400642,True,1h
2026-05-15 10:14:44,1,"7°10'00.64""S 107°24'04.92""E",2201.98,393.27405,142.43025,19.848356,90.58472,-73.86266,10.400595,True,1h
2026-05-15 10:14:48,1,"7°10'00.64""S 107°24'04.92""E",2201.98,393.25327,142.42204,19.848076,90.58552,-73.86303,10.400546,True,1h
2026-05-15 10:14:52,1,"7°10'00.64""S 107°24'04.92""E",2201.98,393.23242,142.41382,19.8478,90.58632,-73.86339,10.400498,True,1h
2026-05-15 10:14:56,1,"7°10'00.64""S 107°24'04.92""E",2201.98,393.21164,142.40561,19.847517,90.58712,-73.86375,10.40045,True,1h
2026-05-15 10:15:00,1,"7°10'00.64""S 107°24'04.92""E",2201.98,393.19083,142.3974,19.847239,90.58792,-73.864105,10.400402,True,1h
2026-05-15 10:15:04,1,"7°10'00.64""S 107°24'04.92""E",2201.98,393.17004,142.38918,19.84696,90.588715,-73.86447,10.400354,True,1h
2026-05-15 10:15:08,1,"7°10'00.64""S 107°24'04.92""E",2201.98,393.14923,142.38098,19.84668,90.589516,-73.86483,10.400306,True,1h
2026-05-15 10:15:12,1,"7°10'00.64""S 107°24'04.92""E",2201.98,393.12845,142.37276,19.8464,90.59032,-73.8652,10.400258,True,1h
2026-05-15 10:15:16,1,"7°10'00.64""S 107°24'04.92""E",2201.98,393.10764,142.36455,19.84612,90.59111,-73.86556,10.400209,True,1h
2026-05-15 10:15:20,1,"7°10'00.64""S 107°24'04.92""E",2201.98,393.08688,142.35635,19.845839,90.59191,-73.86592,10.400163,True,1h
2026-05-15 10:15:24,1,"7°10'00.64""S 107°24'04.92""E",2201.98,393.06607,142.34814,19.84556,90.59271,-73.86629,10.400114,True,1h
2026-05-15 10:15:28,1,"7°10'00.64""S 107°24'04.92""E",2201.98,393.04535,142.33994,19.84528,90.593506,-73.866646,10.400065,True,1h
2026-05-15 10:15:32,1,"7°10'00.64""S 107°24'04.92""E",2201.98,393.02457,142.33173,19.845,90.59431,-73.867004,10.400018,True,1h
2026-05-15 10:15:36,1,"7°10'00.64""S 107°24'04.92""E",2201.98,393.0038,142.32353,19.844719,90.59511,-73.86736,10.39997,True,1h
2026-05-15 10:15:40,1,"7°10'00.64""S 107°24'04.92""E",2201.98,392.98306,142.31534,19.84444,90.59591,-73.86772,10.399922,True,1h
2026-05-15 10:15:44,1,"7°10'00.64""S 107°24'04.92""E",2201.98,392.9623,142.30713,19.84416,90.59671,-73.86809,10.399875,True,1h
2026-05-15 10:15:48,1,"7°10'00.64""S 107°24'04.92""E",2201.98,392.94156,142.29893,19.84388,90.59751,-73.868454,10.399826,True,1h
2026-05-15 10:15:52,1,"7°10'00.64""S 107°24'04.92""E",2201.98,392.9208,142.29073,19.8436,90.59831,-73.868805,10.399779,True,1h
2026-05-15 10:15:56,1,"7°10'00.64""S 107°24'04.92""E",2201.98,392.9001,142.28255,19.843319,90.599106,-73.86917,10.399731,True,1h
2026-05-15 10:16:00,1,"7°10'00.64""S 107°24'04.92""E",2201.98,392.87936,142.27435,19.843039,90.59991,-73.86953,10.399683,True,1h
2026-05-15 10:16:04,1,"7°10'00.64""S 107°24'04.92""E",2201.98,392.8586,142.26614,19.842758,90.60071,-73.869896,10.399636,True,1h
2026-05-15 10:16:08,1,"7°10'00.64""S 107°24'04.92""E",2201.98,392.83792,142.25795,19.842476,90.60151,-73.870255,10.399588,True,1h
2026-05-15 10:16:12,1,"7°10'00.64""S 107°24'04.92""E",2201.98,392.81717,142.24977,19.842197,90.60231,-73.87061,10.39954,True,1h
2026-05-15 10:16:16,1,"7°10'00.64""S 107°24'04.92""E",2201.98,392.79648,142.24158,19.841915,90.60311,-73.87098,10.399493,True,1h
2026-05-15 10:16:20,1,"7°10'00.64""S 107°24'04.92""E",2201.98,392.77576,142.2334,19.841637,90.60391,-73.87134,10.399445,True,1h
2026-05-15 10:16:24,1,"7°10'00.64""S 107°24'04.92""E",2201.98,392.75507,142.2252,19.841354,90.604706,-73.8717,10.399398,True,1h
2026-05-15 10:16:28,1,"7°10'00.64""S 107°24'04.92""E",2201.98,392.73438,142.21703,19.841074,90.60551,-73.872055,10.39935,True,1h
2026-05-15 10:16:32,1,"7°10'00.64""S 107°24'04.92""E",2201.98,392.71368,142.20883,19.840794,90.60631,-73.87241,10.399302,True,1h
2026-05-15 10:16:36,1,"7°10'00.64""S 107°24'04.92""E",2201.98,392.693,142.20065,19.840511,90.60711,-73.87277,10.399255,True,1h
2026-05-15 10:16:40,1,"7°10'00.64""S 107°24'04.92""E",2201.98,392.67233,142.19247,19.84023,90.60791,-73.87313,10.399207,True,1h
2026-05-15 10:16:44,1,"7°10'00.64""S 107°24'04.92""E",2201.98,392.65164,142.1843,19.83995,90.60871,-73.87349,10.399159,True,1h
2026-05-15 10:16:48,1,"7°10'00.64""S 107°24'04.92""E",2201.98,392.63095,142.17612,19.83967,90.60951,-73.873856,10.399112,True,1h
2026-05-15 10:16:52,1,"7°10'00.64""S 107°24'04.92""E",2201.98,392.6103,142.16794,19.839388,90.610306,-73.874214,10.399065,True,1h
2026-05-15 10:16:56,1,"7°10'00.64""S 107°24'04.92""E",2201.98,392.58966,142.15976,19.839108,90.61111,-73.87457,10.399016,True,1h
2026-05-15 10:17:00,1,"7°10'00.64""S 107°24'04.92""E",2201.98,392.56897,142.15158,19.838825,90.61191,-73.87494,10.39897,True,1h
2026-05-15 10:17:04,1,"7°10'00.64""S 107°24'04.92""E",2201.98,392.5483,142.14342,19.838545,90.61271,-73.8753,10.398923,True,1h
2026-05-15 10:17:08,1,"7°10'00.64""S 107°24'04.92""E",2201.98,392.52768,142.13525,19.838263,90.61352,-73.875656,10.398875,True,1h
2026-05-15 10:17:12,1,"7°10'00.64""S 107°24'04.92""E",2201.98,392.50702,142.12708,19.837982,90.61432,-73.876015,10.398828,True,1h
2026-05-15 10:17:16,1,"7°10'00.64""S 107°24'04.92""E",2201.98,392.48642,142.11891,19.8377,90.61512,-73.87637,10.398781,True,1h
2026-05-15 10:17:20,1,"7°10'00.64""S 107°24'04.92""E",2201.98,392.46573,142.11073,19.83742,90.61591,-73.87673,10.398733,True,1h
2026-05-15 10:17:24,1,"7°10'00.64""S 107°24'04.92""E",2201.98,392.44513,142.10258,19.837137,90.616714,-73.87709,10.398685,True,1h
2026-05-15 10:17:28,1,"7°10'00.64""S 107°24'04.92""E",2201.98,392.42453,142.0944,19.836857,90.61752,-73.87745,10.398639,True,1h
2026-05-15 10:17:32,1,"7°10'00.64""S 107°24'04.92""E",2201.98,392.40387,142.08624,19.836575,90.618324,-73.877815,10.398592,True,1h
2026-05-15 10:17:36,1,"7°10'00.64""S 107°24'04.92""E",2201.98,392.38327,142.07808,19.836292,90.619125,-73.87817,10.398544,True,1h
2026-05-15 10:17:40,1,"7°10'00.64""S 107°24'04.92""E",2201.98,392.3626,142.06992,19.83601,90.61993,-73.87853,10.398497,True,1h
2026-05-15 10:17:44,1,"7°10'00.64""S 107°24'04.92""E",2201.98,392.34204,142.06175,19.83573,90.62073,-73.87889,10.39845,True,1h
2026-05-15 10:17:48,1,"7°10'00.64""S 107°24'04.92""E",2201.98,392.32144,142.0536,19.835447,90.62152,-73.87925,10.398402,True,1h
2026-05-15 10:17:52,1,"7°10'00.64""S 107°24'04.92""E",2201.98,392.30084,142.04544,19.835167,90.62233,-73.87961,10.3983555,True,1h
2026-05-15 10:17:56,1,"7°10'00.64""S 107°24'04.92""E",2201.98,392.28024,142.03728,19.834883,90.62313,-73.87997,10.398308,True,1h
2026-05-15 10:18:00,1,"7°10'00.64""S 107°24'04.92""E",2201.98,392.25964,142.02913,19.8346,90.62393,-73.880325,10.398261,True,1h
2026-05-15 10:18:04,1,"7°10'00.64""S 107°24'04.92""E",2201.98,392.23907,142.02098,19.834318,90.62474,-73.880684,10.398214,True,1h
2026-05-15 10:18:08,1,"7°10'00.64""S 107°24'04.92""E",2201.98,392.2185,142.01282,19.834038,90.62554,-73.88104,10.398167,True,1h
2026-05-15 10:18:12,1,"7°10'00.64""S 107°24'04.92""E",2201.98,392.19794,142.00467,19.833754,90.62634,-73.8814,10.39812,True,1h
2026-05-15 10:18:16,1,"7°10'00.64""S 107°24'04.92""E",2201.98,392.17737,141.99652,19.833473,90.627144,-73.88176,10.398073,True,1h
2026-05-15 10:18:20,1,"7°10'00.64""S 107°24'04.92""E",2201.98,392.1568,141.98837,19.83319,90.62795,-73.88212,10.398026,True,1h
2026-05-15 10:18:24,1,"7°10'00.64""S 107°24'04.92""E",2201.98,392.13623,141.98022,19.832907,90.628746,-73.88248,10.397979,True,1h
2026-05-15 10:18:28,1,"7°10'00.64""S 107°24'04.92""E",2201.98,392.11566,141.97208,19.832624,90.62955,-73.882835,10.397932,True,1h
2026-05-15 10:18:32,1,"7°10'00.64""S 107°24'04.92""E",2201.98,392.09515,141.96394,19.832342,90.630356,-73.883194,10.397885,True,1h
2026-05-15 10:18:36,1,"7°10'00.64""S 107°24'04.92""E",2201.98,392.0746,141.95578,19.83206,90.63116,-73.883545,10.397839,True,1h
2026-05-15 10:18:40,1,"7°10'00.64""S 107°24'04.92""E",2201.98,392.05405,141.94765,19.831778,90.63196,-73.8839,10.397792,True,1h
2026-05-15 10:18:44,1,"7°10'00.64""S 107°24'04.92""E",2201.98,392.0335,141.9395,19.831495,90.63277,-73.88426,10.397744,True,1h
2026-05-15 10:18:48,1,"7°10'00.64""S 107°24'04.92""E",2201.98,392.01297,141.93137,19.831213,90.63357,-73.88462,10.397698,True,1h
2026-05-15 10:18:52,1,"7°10'00.64""S 107°24'04.92""E",2201.98,391.99246,141.92323,19.830929,90.63437,-73.88498,10.397652,True,1h
2026-05-15 10:18:56,1,"7°10'00.64""S 107°24'04.92""E",2201.98,391.97192,141.91508,19.830647,90.63517,-73.88534,10.397605,True,1h
2026-05-15 10:19:00,1,"7°10'00.64""S 107°24'04.92""E",2201.98,391.95142,141.90695,19.830364,90.63597,-73.8857,10.397557,True,1h
2026-05-15 10:19:04,1,"7°10'00.64""S 107°24'04.92""E",2201.98,391.9309,141.89882,19.83008,90.63678,-73.886055,10.397511,True,1h
2026-05-15 10:19:08,1,"7°10'00.64""S 107°24'04.92""E",2201.98,391.9104,141.89069,19.829798,90.63758,-73.88641,10.397465,True,1h
2026-05-15 10:19:12,1,"7°10'00.64""S 107°24'04.92""E",2201.98,391.88992,141.88255,19.829515,90.63839,-73.88677,10.397418,True,1h
2026-05-15 10:19:16,1,"7°10'00.64""S 107°24'04.92""E",2201.98,391.8694,141.87442,19.829231,90.63919,-73.88713,10.397371,True,1h
2026-05-15 10:19:20,1,"7°10'00.64""S 107°24'04.92""E",2201.98,391.8489,141.86629,19.828949,90.63999,-73.88749,10.397324,True,1h
2026-05-15 10:19:24,1,"7°10'00.64""S 107°24'04.92""E",2201.98,391.82843,141.85817,19.828667,90.6408,-73.88784,10.397278,True,1h
2026-05-15 10:19:28,1,"7°10'00.64""S 107°24'04.92""E",2201.98,391.80795,141.85004,19.828382,90.6416,-73.8882,10.397232,True,1h
2026-05-15 10:19:32,1,"7°10'00.64""S 107°24'04.92""E",2201.98,391.78748,141.84192,19.8281,90.6424,-73.88856,10.397184,True,1h
2026-05-15 10:19:36,1,"7°10'00.64""S 107°24'04.92""E",2201.98,391.76694,141.83379,19.827816,90.6432,-73.88891,10.397139,True,1h
2026-05-15 10:19:40,1,"7°10'00.64""S 107°24'04.92""E",2201.98,391.7465,141.82565,19.827532,90.64401,-73.88927,10.397091,True,1h
2026-05-15 10:19:44,1,"7°10'00.64""S 107°24'04.92""E",2201.98,391.72607,141.81754,19.82725,90.64482,-73.889626,10.397044,True,1h
2026-05-15 10:19:48,1,"7°10'00.64""S 107°24'04.92""E",2201.98,391.70563,141.80942,19.826965,90.64562,-73.889984,10.396998,True,1h
2026-05-15 10:19:52,1,"7°10'00.64""S 107°24'04.92""E",2201.98,391.68518,141.8013,19.826681,90.64642,-73.89034,10.396953,True,1h
2026-05-15 10:19:56,1,"7°10'00.64""S 107°24'04.92""E",2201.98,391.6647,141.79317,19.826399,90.64723,-73.8907,10.396906,True,1h
2026-05-15 10:20:00,1,"7°10'00.64""S 107°24'04.92""E",2201.98,391.64426,141.78506,19.826115,90.64804,-73.89105,10.396859,True,1h
2026-05-15 10:20:04,1,"7°10'00.64""S 107°24'04.92""E",2201.98,391.6238,141.77695,19.82583,90.64884,-73.89141,10.396812,True,1h
2026-05-15 10:20:08,1,"7°10'00.64""S 107°24'04.92""E",2201.98,391.60333,141.76881,19.825546,90.64965,-73.89177,10.396766,True,1h
2026-05-15 10:20:12,1,"7°10'00.64""S 107°24'04.92""E",2201.98,391.58292,141.76071,19.825264,90.650444,-73.89212,10.39672,True,1h
2026-05-15 10:20:16,1,"7°10'00.64""S 107°24'04.92""E",2201.98,391.56253,141.75261,19.82498,90.65125,-73.89248,10.396674,True,1h
2026-05-15 10:20:20,1,"7°10'00.64""S 107°24'04.92""E",2201.98,391.54208,141.74449,19.824696,90.65206,-73.89283,10.396627,True,1h
2026-05-15 10:20:24,1,"7°10'00.64""S 107°24'04.92""E",2201.98,391.52167,141.73639,19.824411,90.65286,-73.89319,10.396582,True,1h
2026-05-15 10:20:28,1,"7°10'00.64""S 107°24'04.92""E",2201.98,391.50125,141.72827,19.824127,90.65367,-73.89355,10.396535,True,1h
2026-05-15 10:20:32,1,"7°10'00.64""S 107°24'04.92""E",2201.98,391.48083,141.72017,19.823843,90.65447,-73.893906,10.396489,True,1h
2026-05-15 10:20:36,1,"7°10'00.64""S 107°24'04.92""E",2201.98,391.46045,141.71207,19.823559,90.65528,-73.89426,10.396442,True,1h
2026-05-15 10:20:40,1,"7°10'00.64""S 107°24'04.92""E",2201.98,391.44003,141.70395,19.823275,90.65608,-73.894615,10.396396,True,1h
2026-05-15 10:20:44,1,"7°10'00.64""S 107°24'04.92""E",2201.98,391.41968,141.69585,19.82299,90.65689,-73.89497,10.39635,True,1h
2026-05-15 10:20:48,1,"7°10'00.64""S 107°24'04.92""E",2201.98,391.39923,141.68774,19.822706,90.6577,-73.895325,10.396304,True,1h
2026-05-15 10:20:52,1,"7°10'00.64""S 107°24'04.92""E",2201.98,391.37888,141.67964,19.822422,90.6585,-73.89568,10.396258,True,1h
2026-05-15 10:20:56,1,"7°10'00.64""S 107°24'04.92""E",2201.98,391.35852,141.67154,19.822136,90.6593,-73.89604,10.396213,True,1h
2026-05-15 10:21:00,1,"7°10'00.64""S 107°24'04.92""E",2201.98,391.33813,141.66345,19.821854,90.66011,-73.8964,10.396166,True,1h
2026-05-15 10:21:04,1,"7°10'00.64""S 107°24'04.92""E",2201.98,391.31772,141.65535,19.821568,90.66092,-73.89675,10.396119,True,1h
2026-05-15 10:21:08,1,"7°10'00.64""S 107°24'04.92""E",2201.98,391.2974,141.64726,19.821285,90.66172,-73.8971,10.396073,True,1h
2026-05-15 10:21:12,1,"7°10'00.64""S 107°24'04.92""E",2201.98,391.27704,141.63914,19.821,90.66253,-73.89746,10.396028,True,1h
2026-05-15 10:21:16,1,"7°10'00.64""S 107°24'04.92""E",2201.98,391.25668,141.63107,19.820713,90.66334,-73.89781,10.395982,True,1h
2026-05-15 10:21:20,1,"7°10'00.64""S 107°24'04.92""E",2201.98,391.2363,141.62297,19.82043,90.66415,-73.89817,10.395935,True,1h
2026-05-15 10:21:24,1,"7°10'00.64""S 107°24'04.92""E",2201.98,391.21594,141.61488,19.820145,90.664955,-73.89853,10.395889,True,1h
2026-05-15 10:21:28,1,"7°10'00.64""S 107°24'04.92""E",2201.98,391.19562,141.60678,19.81986,90.665764,-73.89888,10.395844,True,1h
2026-05-15 10:21:32,1,"7°10'00.64""S 107°24'04.92""E",2201.98,391.1753,141.59871,19.819574,90.666565,-73.89924,10.395799,True,1h
2026-05-15 10:21:36,1,"7°10'00.64""S 107°24'04.92""E",2201.98,391.15494,141.59062,19.81929,90.667366,-73.89959,10.395753,True,1h
2026-05-15 10:21:40,1,"7°10'00.64""S 107°24'04.92""E",2201.98,391.13467,141.58252,19.819004,90.668175,-73.89994,10.395706,True,1h
2026-05-15 10:21:44,1,"7°10'00.64""S 107°24'04.92""E",2201.98,391.11432,141.57445,19.81872,90.66898,-73.9003,10.39566,True,1h
2026-05-15 10:21:48,1,"7°10'00.64""S 107°24'04.92""E",2201.98,391.094,141.56636,19.818436,90.66979,-73.90066,10.395615,True,1h
2026-05-15 10:21:52,1,"7°10'00.64""S 107°24'04.92""E",2201.98,391.0737,141.55827,19.818151,90.67059,-73.90101,10.395569,True,1h
2026-05-15 10:21:56,1,"7°10'00.64""S 107°24'04.92""E",2201.98,391.05334,141.55019,19.817865,90.6714,-73.90137,10.395523,True,1h
2026-05-15 10:22:00,1,"7°10'00.64""S 107°24'04.92""E",2201.98,391.03305,141.5421,19.81758,90.67221,-73.90172,10.395477,True,1h
2026-05-15 10:22:04,1,"7°10'00.64""S 107°24'04.92""E",2201.98,391.01276,141.53403,19.817293,90.67302,-73.90207,10.3954315,True,1h
2026-05-15 10:22:08,1,"7°10'00.64""S 107°24'04.92""E",2201.98,390.99246,141.52596,19.817007,90.67383,-73.90243,10.395386,True,1h
2026-05-15 10:22:12,1,"7°10'00.64""S 107°24'04.92""E",2201.98,390.97214,141.51787,19.816723,90.67464,-73.90279,10.39534,True,1h
2026-05-15 10:22:16,1,"7°10'00.64""S 107°24'04.92""E",2201.98,390.9519,141.5098,19.816437,90.675446,-73.90314,10.395294,True,1h
2026-05-15 10:22:20,1,"7°10'00.64""S 107°24'04.92""E",2201.98,390.9316,141.50172,19.816153,90.676254,-73.90349,10.395248,True,1h
2026-05-15 10:22:24,1,"7°10'00.64""S 107°24'04.92""E",2201.98,390.91135,141.49364,19.815866,90.67706,-73.90384,10.395203,True,1h
2026-05-15 10:22:28,1,"7°10'00.64""S 107°24'04.92""E",2201.98,390.89105,141.48558,19.815582,90.67787,-73.9042,10.395158,True,1h
2026-05-15 10:22:32,1,"7°10'00.64""S 107°24'04.92""E",2201.98,390.87082,141.47751,19.815296,90.678665,-73.90456,10.395112,True,1h
2026-05-15 10:22:36,1,"7°10'00.64""S 107°24'04.92""E",2201.98,390.85052,141.46944,19.81501,90.67948,-73.90491,10.395066,True,1h
2026-05-15 10:22:40,1,"7°10'00.64""S 107°24'04.92""E",2201.98,390.8303,141.46136,19.814722,90.68028,-73.90526,10.3950205,True,1h
2026-05-15 10:22:44,1,"7°10'00.64""S 107°24'04.92""E",2201.98,390.81003,141.45331,19.814436,90.6811,-73.90561,10.394975,True,1h
2026-05-15 10:22:48,1,"7°10'00.64""S 107°24'04.92""E",2201.98,390.78976,141.44524,19.81415,90.6819,-73.90597,10.39493,True,1h
2026-05-15 10:22:52,1,"7°10'00.64""S 107°24'04.92""E",2201.98,390.7695,141.43716,19.813864,90.68271,-73.90633,10.394884,True,1h
2026-05-15 10:22:56,1,"7°10'00.64""S 107°24'04.92""E",2201.98,390.7493,141.42911,19.813578,90.683525,-73.90667,10.394839,True,1h
2026-05-15 10:23:00,1,"7°10'00.64""S 107°24'04.92""E",2201.98,390.72906,141.42104,19.813292,90.68433,-73.90703,10.3947935,True,1h
2026-05-15 10:23:04,1,"7°10'00.64""S 107°24'04.92""E",2201.98,390.7088,141.41298,19.813005,90.68514,-73.90739,10.394748,True,1h
2026-05-15 10:23:08,1,"7°10'00.64""S 107°24'04.92""E",2201.98,390.6886,141.4049,19.81272,90.68595,-73.90773,10.394703,True,1h
2026-05-15 10:23:12,1,"7°10'00.64""S 107°24'04.92""E",2201.98,390.6684,141.39685,19.812433,90.68676,-73.90808,10.394657,True,1h
2026-05-15 10:23:16,1,"7°10'00.64""S 107°24'04.92""E",2201.98,390.64816,141.3888,19.812147,90.68757,-73.90844,10.394612,True,1h
2026-05-15 10:23:20,1,"7°10'00.64""S 107°24'04.92""E",2201.98,390.6279,141.38074,19.811861,90.68838,-73.9088,10.394567,True,1h
2026-05-15 10:23:24,1,"7°10'00.64""S 107°24'04.92""E",2201.98,390.60773,141.37268,19.811575,90.689186,-73.90915,10.394522,True,1h
2026-05-15 10:23:28,1,"7°10'00.64""S 107°24'04.92""E",2201.98,390.58752,141.36462,19.811289,90.689995,-73.9095,10.394476,True,1h
2026-05-15 10:23:32,1,"7°10'00.64""S 107°24'04.92""E",2201.98,390.56732,141.35658,19.811,90.690796,-73.90985,10.394431,True,1h
2026-05-15 10:23:36,1,"7°10'00.64""S 107°24'04.92""E",2201.98,390.54715,141.34853,19.810715,90.691605,-73.91021,10.394385,True,1h
2026-05-15 10:23:40,1,"7°10'00.64""S 107°24'04.92""E",2201.98,390.52695,141.34047,19.810429,90.69242,-73.91056,10.3943405,True,1h
2026-05-15 10:23:44,1,"7°10'00.64""S 107°24'04.92""E",2201.98,390.50674,141.33243,19.81014,90.69323,-73.91091,10.394296,True,1h
2026-05-15 10:23:48,1,"7°10'00.64""S 107°24'04.92""E",2201.98,390.48657,141.32439,19.809855,90.69404,-73.91126,10.39425,True,1h
2026-05-15 10:23:52,1,"7°10'00.64""S 107°24'04.92""E",2201.98,390.4664,141.31633,19.809568,90.69485,-73.91161,10.394205,True,1h
2026-05-15 10:23:56,1,"7°10'00.64""S 107°24'04.92""E",2201.98,390.4462,141.30829,19.80928,90.695656,-73.91197,10.39416,True,1h
2026-05-15 10:24:00,1,"7°10'00.64""S 107°24'04.92""E",2201.98,390.42606,141.30023,19.808994,90.69647,-73.912315,10.3941145,True,1h
2026-05-15 10:24:04,1,"7°10'00.64""S 107°24'04.92""E",2201.98,390.40588,141.29219,19.808706,90.69728,-73.912674,10.39407,True,1h
2026-05-15 10:24:08,1,"7°10'00.64""S 107°24'04.92""E",2201.98,390.38574,141.28415,19.80842,90.69809,-73.913025,10.394025,True,1h
2026-05-15 10:24:12,1,"7°10'00.64""S 107°24'04.92""E",2201.98,390.36557,141.27611,19.808132,90.6989,-73.913376,10.39398,True,1h
2026-05-15 10:24:16,1,"7°10'00.64""S 107°24'04.92""E",2201.98,390.34543,141.26807,19.807846,90.69971,-73.91373,10.393935,True,1h
2026-05-15 10:24:20,1,"7°10'00.64""S 107°24'04.92""E",2201.98,390.3253,141.26003,19.807558,90.70052,-73.914085,10.39389,True,1h
2026-05-15 10:24:24,1,"7°10'00.64""S 107°24'04.92""E",2201.98,390.30518,141.25198,19.80727,90.70133,-73.91444,10.393846,True,1h
2026-05-15 10:24:28,1,"7°10'00.64""S 107°24'04.92""E",2201.98,390.28503,141.24394,19.806984,90.70214,-73.91478,10.393801,True,1h
2026-05-15 10:24:32,1,"7°10'00.64""S 107°24'04.92""E",2201.98,390.26492,141.23592,19.806696,90.70296,-73.91514,10.393756,True,1h
2026-05-15 10:24:36,1,"7°10'00.64""S 107°24'04.92""E",2201.98,390.24475,141.22787,19.80641,90.703766,-73.91549,10.393711,True,1h
2026-05-15 10:24:40,1,"7°10'00.64""S 107°24'04.92""E",2201.98,390.22464,141.21985,19.806122,90.704575,-73.91584,10.393665,True,1h
2026-05-15 10:24:44,1,"7°10'00.64""S 107°24'04.92""E",2201.98,390.20453,141.2118,19.805834,90.70539,-73.91619,10.3936205,True,1h
2026-05-15 10:24:48,1,"7°10'00.64""S 107°24'04.92""E",2201.98,390.18442,141.20378,19.805548,90.7062,-73.91654,10.393576,True,1h
2026-05-15 10:24:52,1,"7°10'00.64""S 107°24'04.92""E",2201.98,390.16434,141.19576,19.805258,90.70701,-73.91689,10.393531,True,1h
2026-05-15 10:24:56,1,"7°10'00.64""S 107°24'04.92""E",2201.98,390.1442,141.18773,19.80497,90.707825,-73.917244,10.393486,True,1h
2026-05-15 10:25:00,1,"7°10'00.64""S 107°24'04.92""E",2201.98,390.12408,141.17969,19.804682,90.70863,-73.917595,10.393441,True,1h
2026-05-15 10:25:04,1,"7°10'00.64""S 107°24'04.92""E",2201.98,390.104,141.17166,19.804394,90.70945,-73.917946,10.393396,True,1h
2026-05-15 10:25:08,1,"7°10'00.64""S 107°24'04.92""E",2201.98,390.08395,141.16364,19.804106,90.71025,-73.9183,10.3933525,True,1h
2026-05-15 10:25:12,1,"7°10'00.64""S 107°24'04.92""E",2201.98,390.06384,141.15561,19.80382,90.71106,-73.918655,10.393308,True,1h
2026-05-15 10:25:16,1,"7°10'00.64""S 107°24'04.92""E",2201.98,390.04376,141.1476,19.803532,90.711876,-73.919,10.393263,True,1h
2026-05-15 10:25:20,1,"7°10'00.64""S 107°24'04.92""E",2201.98,390.0237,141.13956,19.803244,90.712685,-73.91935,10.393218,True,1h
2026-05-15 10:25:24,1,"7°10'00.64""S 107°24'04.92""E",2201.98,390.00363,141.13155,19.802956,90.7135,-73.91971,10.393173,True,1h
2026-05-15 10:25:28,1,"7°10'00.64""S 107°24'04.92""E",2201.98,389.98355,141.12354,19.802666,90.71431,-73.92005,10.393128,True,1h
2026-05-15 10:25:32,1,"7°10'00.64""S 107°24'04.92""E",2201.98,389.9635,141.11551,19.802378,90.715126,-73.9204,10.393085,True,1h
2026-05-15 10:25:36,1,"7°10'00.64""S 107°24'04.92""E",2201.98,389.94348,141.1075,19.80209,90.715935,-73.92075,10.39304,True,1h
2026-05-15 10:25:40,1,"7°10'00.64""S 107°24'04.92""E",2201.98,389.92337,141.09947,19.801804,90.71675,-73.921104,10.392995,True,1h
2026-05-15 10:25:44,1,"7°10'00.64""S 107°24'04.92""E",2201.98,389.90332,141.09146,19.801514,90.71756,-73.921455,10.392951,True,1h
2026-05-15 10:25:48,1,"7°10'00.64""S 107°24'04.92""E",2201.98,389.8833,141.08345,19.801226,90.718376,-73.92181,10.392906,True,1h
2026-05-15 10:25:52,1,"7°10'00.64""S 107°24'04.92""E",2201.98,389.86325,141.07542,19.800936,90.719185,-73.92216,10.392861,True,1h
2026-05-15 10:25:56,1,"7°10'00.64""S 107°24'04.92""E",2201.98,389.84323,141.06741,19.800648,90.72,-73.92251,10.392817,True,1h
2026-05-15 10:26:00,1,"7°10'00.64""S 107°24'04.92""E",2201.98,389.8232,141.0594,19.80036,90.72082,-73.92286,10.392773,True,1h
2026-05-15 10:26:04,1,"7°10'00.64""S 107°24'04.92""E",2201.98,389.8032,141.05139,19.800072,90.72163,-73.9232,10.392728,True,1h
2026-05-15 10:26:08,1,"7°10'00.64""S 107°24'04.92""E",2201.98,389.7831,141.04338,19.799782,90.72244,-73.92356,10.392684,True,1h
2026-05-15 10:26:12,1,"7°10'00.64""S 107°24'04.92""E",2201.98,389.76315,141.03539,19.799494,90.72325,-73.923904,10.392639,True,1h
2026-05-15 10:26:16,1,"7°10'00.64""S 107°24'04.92""E",2201.98,389.7431,141.02737,19.799204,90.72407,-73.924255,10.392595,True,1h
2026-05-15 10:26:20,1,"7°10'00.64""S 107°24'04.92""E",2201.98,389.72308,141.01938,19.798916,90.72488,-73.92461,10.39255,True,1h
2026-05-15 10:26:24,1,"7°10'00.64""S 107°24'04.92""E",2201.98,389.70312,141.01137,19.798628,90.72569,-73.92496,10.392506,True,1h
2026-05-15 10:26:28,1,"7°10'00.64""S 107°24'04.92""E",2201.98,389.6831,141.00336,19.798338,90.72651,-73.92531,10.392462,True,1h
2026-05-15 10:26:32,1,"7°10'00.64""S 107°24'04.92""E",2201.98,389.66312,140.99536,19.798048,90.727325,-73.92566,10.392418,True,1h
2026-05-15 10:26:36,1,"7°10'00.64""S 107°24'04.92""E",2201.98,389.64313,140.98735,19.797758,90.728134,-73.926,10.392374,True,1h
2026-05-15 10:26:40,1,"7°10'00.64""S 107°24'04.92""E",2201.98,389.62314,140.97935,19.79747,90.72895,-73.92635,10.392329,True,1h
2026-05-15 10:26:44,1,"7°10'00.64""S 107°24'04.92""E",2201.98,389.60315,140.97136,19.79718,90.72977,-73.926704,10.392284,True,1h
2026-05-15 10:26:48,1,"7°10'00.64""S 107°24'04.92""E",2201.98,389.58322,140.96336,19.79689,90.730576,-73.927055,10.392241,True,1h
2026-05-15 10:26:52,1,"7°10'00.64""S 107°24'04.92""E",2201.98,389.5632,140.95537,19.796602,90.73139,-73.92741,10.392197,True,1h
2026-05-15 10:26:56,1,"7°10'00.64""S 107°24'04.92""E",2201.98,389.5432,140.94737,19.796312,90.73221,-73.92775,10.392153,True,1h
2026-05-15 10:27:00,1,"7°10'00.64""S 107°24'04.92""E",2201.98,389.5233,140.93938,19.796022,90.733025,-73.9281,10.392109,True,1h
2026-05-15 10:27:04,1,"7°10'00.64""S 107°24'04.92""E",2201.98,389.50333,140.93138,19.795732,90.73383,-73.928444,10.392064,True,1h
2026-05-15 10:27:08,1,"7°10'00.64""S 107°24'04.92""E",2201.98,389.48343,140.92339,19.795444,90.73465,-73.9288,10.39202,True,1h
2026-05-15 10:27:12,1,"7°10'00.64""S 107°24'04.92""E",2201.98,389.46344,140.91539,19.795155,90.735466,-73.929146,10.391976,True,1h
2026-05-15 10:27:16,1,"7°10'00.64""S 107°24'04.92""E",2201.98,389.4435,140.90741,19.794865,90.73628,-73.9295,10.3919325,True,1h
2026-05-15 10:27:20,1,"7°10'00.64""S 107°24'04.92""E",2201.98,389.42355,140.89941,19.794575,90.7371,-73.92985,10.391889,True,1h
2026-05-15 10:27:24,1,"7°10'00.64""S 107°24'04.92""E",2201.98,389.4036,140.89143,19.794285,90.737915,-73.93019,10.391844,True,1h
2026-05-15 10:27:28,1,"7°10'00.64""S 107°24'04.92""E",2201.98,389.3837,140.88344,19.793995,90.73872,-73.93054,10.3918,True,1h
2026-05-15 10:27:32,1,"7°10'00.64""S 107°24'04.92""E",2201.98,389.36374,140.87544,19.793705,90.73954,-73.930885,10.391756,True,1h
2026-05-15 10:27:36,1,"7°10'00.64""S 107°24'04.92""E",2201.98,389.3438,140.86748,19.793417,90.74036,-73.931244,10.391713,True,1h
2026-05-15 10:27:40,1,"7°10'00.64""S 107°24'04.92""E",2201.98,389.3239,140.85948,19.793125,90.74117,-73.93159,10.391668,True,1h
2026-05-15 10:27:44,1,"7°10'00.64""S 107°24'04.92""E",2201.98,389.30402,140.8515,19.792835,90.74199,-73.93194,10.391624,True,1h
2026-05-15 10:27:48,1,"7°10'00.64""S 107°24'04.92""E",2201.98,389.2841,140.84352,19.792545,90.742805,-73.93229,10.391581,True,1h
2026-05-15 10:27:52,1,"7°10'00.64""S 107°24'04.92""E",2201.98,389.2642,140.83554,19.792255,90.74362,-73.93263,10.391537,True,1h
2026-05-15 10:27:56,1,"7°10'00.64""S 107°24'04.92""E",2201.98,389.24426,140.82756,19.791965,90.74444,-73.93298,10.391493,True,1h
2026-05-15 10:28:00,1,"7°10'00.64""S 107°24'04.92""E",2201.98,389.2244,140.81958,19.791676,90.745255,-73.93333,10.391449,True,1h
2026-05-15 10:28:04,1,"7°10'00.64""S 107°24'04.92""E",2201.98,389.2045,140.8116,19.791384,90.74607,-73.93368,10.391406,True,1h
2026-05-15 10:28:08,1,"7°10'00.64""S 107°24'04.92""E",2201.98,389.18463,140.80363,19.791094,90.74689,-73.93403,10.391362,True,1h
2026-05-15 10:28:12,1,"7°10'00.64""S 107°24'04.92""E",2201.98,389.16473,140.79567,19.790804,90.7477,-73.93437,10.391318,True,1h
2026-05-15 10:28:16,1,"7°10'00.64""S 107°24'04.92""E",2201.98,389.14484,140.78767,19.790512,90.74851,-73.934715,10.391274,True,1h
2026-05-15 10:28:20,1,"7°10'00.64""S 107°24'04.92""E",2201.98,389.12503,140.77971,19.790224,90.74934,-73.935074,10.391231,True,1h
2026-05-15 10:28:24,1,"7°10'00.64""S 107°24'04.92""E",2201.98,389.10513,140.77174,19.789932,90.75015,-73.93542,10.391188,True,1h
2026-05-15 10:28:28,1,"7°10'00.64""S 107°24'04.92""E",2201.98,389.08527,140.76376,19.78964,90.75097,-73.93577,10.391143,True,1h
2026-05-15 10:28:32,1,"7°10'00.64""S 107°24'04.92""E",2201.98,389.06537,140.7558,19.78935,90.751785,-73.93611,10.3911,True,1h
2026-05-15 10:28:36,1,"7°10'00.64""S 107°24'04.92""E",2201.98,389.04556,140.74783,19.789059,90.7526,-73.93646,10.391056,True,1h
2026-05-15 10:28:40,1,"7°10'00.64""S 107°24'04.92""E",2201.98,389.0257,140.73987,19.788769,90.75342,-73.936806,10.391013,True,1h
2026-05-15 10:28:44,1,"7°10'00.64""S 107°24'04.92""E",2201.98,389.00586,140.73189,19.788477,90.754234,-73.93716,10.390968,True,1h
2026-05-15 10:28:48,1,"7°10'00.64""S 107°24'04.92""E",2201.98,388.986,140.72394,19.788187,90.75505,-73.9375,10.390925,True,1h
2026-05-15 10:28:52,1,"7°10'00.64""S 107°24'04.92""E",2201.98,388.9662,140.71597,19.787895,90.75587,-73.93785,10.3908825,True,1h
2026-05-15 10:28:56,1,"7°10'00.64""S 107°24'04.92""E",2201.98,388.94632,140.70801,19.787603,90.75669,-73.938194,10.390838,True,1h
2026-05-15 10:29:00,1,"7°10'00.64""S 107°24'04.92""E",2201.98,388.9265,140.70004,19.787313,90.75751,-73.938545,10.390795,True,1h
2026-05-15 10:29:04,1,"7°10'00.64""S 107°24'04.92""E",2201.98,388.9067,140.69208,19.787022,90.75832,-73.93889,10.390752,True,1h
2026-05-15 10:29:08,1,"7°10'00.64""S 107°24'04.92""E",2201.98,388.88687,140.68413,19.786732,90.75914,-73.93924,10.390708,True,1h
2026-05-15 10:29:12,1,"7°10'00.64""S 107°24'04.92""E",2201.98,388.86703,140.67616,19.78644,90.75996,-73.93958,10.390664,True,1h
2026-05-15 10:29:16,1,"7°10'00.64""S 107°24'04.92""E",2201.98,388.84726,140.66821,19.786148,90.76078,-73.93993,10.390621,True,1h
2026-05-15 10:29:20,1,"7°10'00.64""S 107°24'04.92""E",2201.98,388.82748,140.66025,19.785856,90.7616,-73.94028,10.390578,True,1h
2026-05-15 10:29:24,1,"7°10'00.64""S 107°24'04.92""E",2201.98,388.80765,140.6523,19.785566,90.76241,-73.94063,10.390534,True,1h
2026-05-15 10:29:28,1,"7°10'00.64""S 107°24'04.92""E",2201.98,388.78787,140.64433,19.785275,90.76324,-73.94096,10.3904915,True,1h
2026-05-15 10:29:32,1,"7°10'00.64""S 107°24'04.92""E",2201.98,388.76807,140.63638,19.784983,90.76405,-73.94132,10.390449,True,1h
2026-05-15 10:29:36,1,"7°10'00.64""S 107°24'04.92""E",2201.98,388.74826,140.62843,19.78469,90.76487,-73.941666,10.390404,True,1h
2026-05-15 10:29:40,1,"7°10'00.64""S 107°24'04.92""E",2201.98,388.7285,140.62048,19.784399,90.76569,-73.94201,10.390361,True,1h
2026-05-15 10:29:44,1,"7°10'00.64""S 107°24'04.92""E",2201.98,388.70874,140.61253,19.784107,90.76652,-73.94235,10.390319,True,1h
2026-05-15 10:29:48,1,"7°10'00.64""S 107°24'04.92""E",2201.98,388.68893,140.60458,19.783815,90.767334,-73.9427,10.390274,True,1h
2026-05-15 10:29:52,1,"7°10'00.64""S 107°24'04.92""E",2201.98,388.6692,140.59663,19.783524,90.76815,-73.94305,10.390232,True,1h
2026-05-15 10:29:56,1,"7°10'00.64""S 107°24'04.92""E",2201.98,388.64938,140.58868,19.783232,90.76897,-73.9434,10.390189,True,1h
2026-05-15 10:30:00,1,"7°10'00.64""S 107°24'04.92""E",2201.98,388.62964,140.58075,19.78294,90.76979,-73.94374,10.390145,True,1h
2026-05-15 10:30:04,1,"7°10'00.64""S 107°24'04.92""E",2201.98,388.60983,140.5728,19.782648,90.77061,-73.944084,10.390102,True,1h
2026-05-15 10:30:08,1,"7°10'00.64""S 107°24'04.92""E",2201.98,388.59015,140.56485,19.782354,90.77142,-73.944435,10.390059,True,1h
2026-05-15 10:30:12,1,"7°10'00.64""S 107°24'04.92""E",2201.98,388.5704,140.5569,19.782064,90.77225,-73.94478,10.390016,True,1h
2026-05-15 10:30:16,1,"7°10'00.64""S 107°24'04.92""E",2201.98,388.55063,140.54897,19.78177,90.77306,-73.94512,10.389973,True,1h
2026-05-15 10:30:20,1,"7°10'00.64""S 107°24'04.92""E",2201.98,388.5309,140.54103,19.781479,90.77389,-73.945465,10.389931,True,1h
2026-05-15 10:30:24,1,"7°10'00.64""S 107°24'04.92""E",2201.98,388.5112,140.5331,19.781185,90.774704,-73.945816,10.389887,True,1h
2026-05-15 10:30:28,1,"7°10'00.64""S 107°24'04.92""E",2201.98,388.49146,140.52515,19.780893,90.77553,-73.94616,10.389844,True,1h
2026-05-15 10:30:32,1,"7°10'00.64""S 107°24'04.92""E",2201.98,388.4717,140.51721,19.780602,90.776344,-73.9465,10.389801,True,1h
2026-05-15 10:30:36,1,"7°10'00.64""S 107°24'04.92""E",2201.98,388.452,140.50928,19.78031,90.77717,-73.94685,10.389758,True,1h
2026-05-15 10:30:40,1,"7°10'00.64""S 107°24'04.92""E",2201.98,388.43228,140.50134,19.780018,90.777985,-73.9472,10.389715,True,1h
2026-05-15 10:30:44,1,"7°10'00.64""S 107°24'04.92""E",2201.98,388.41254,140.4934,19.779724,90.77881,-73.94754,10.389671,True,1h
2026-05-15 10:30:48,1,"7°10'00.64""S 107°24'04.92""E",2201.98,388.39285,140.48546,19.779432,90.779625,-73.94788,10.389629,True,1h
2026-05-15 10:30:52,1,"7°10'00.64""S 107°24'04.92""E",2201.98,388.37317,140.47754,19.779139,90.78046,-73.948235,10.389586,True,1h
2026-05-15 10:30:56,1,"7°10'00.64""S 107°24'04.92""E",2201.98,388.35345,140.4696,19.778845,90.78127,-73.94858,10.389543,True,1h
2026-05-15 10:31:00,1,"7°10'00.64""S 107°24'04.92""E",2201.98,388.3338,140.46167,19.778553,90.7821,-73.94892,10.389501,True,1h
2026-05-15 10:31:04,1,"7°10'00.64""S 107°24'04.92""E",2201.98,388.31406,140.45375,19.77826,90.78291,-73.94927,10.389458,True,1h
2026-05-15 10:31:08,1,"7°10'00.64""S 107°24'04.92""E",2201.98,388.29437,140.44582,19.777967,90.78374,-73.94961,10.389415,True,1h
2026-05-15 10:31:12,1,"7°10'00.64""S 107°24'04.92""E",2201.98,388.2747,140.43788,19.777674,90.78455,-73.94996,10.389373,True,1h
2026-05-15 10:31:16,1,"7°10'00.64""S 107°24'04.92""E",2201.98,388.25504,140.42996,19.777382,90.78538,-73.9503,10.389329,True,1h
2026-05-15 10:31:20,1,"7°10'00.64""S 107°24'04.92""E",2201.98,388.23535,140.42204,19.777088,90.7862,-73.950645,10.389287,True,1h
2026-05-15 10:31:24,1,"7°10'00.64""S 107°24'04.92""E",2201.98,388.2157,140.41411,19.776794,90.787025,-73.95099,10.389243,True,1h
2026-05-15 10:31:28,1,"7°10'00.64""S 107°24'04.92""E",2201.98,388.196,140.40619,19.776503,90.78784,-73.95133,10.389201,True,1h
2026-05-15 10:31:32,1,"7°10'00.64""S 107°24'04.92""E",2201.98,388.1764,140.39827,19.776209,90.788666,-73.951675,10.389158,True,1h
2026-05-15 10:31:36,1,"7°10'00.64""S 107°24'04.92""E",2201.98,388.15674,140.39034,19.775915,90.78949,-73.95203,10.389115,True,1h
2026-05-15 10:31:40,1,"7°10'00.64""S 107°24'04.92""E",2201.98,388.13705,140.38242,19.775621,90.790306,-73.95236,10.389073,True,1h
2026-05-15 10:31:44,1,"7°10'00.64""S 107°24'04.92""E",2201.98,388.11746,140.3745,19.77533,90.79113,-73.95271,10.38903,True,1h
2026-05-15 10:31:48,1,"7°10'00.64""S 107°24'04.92""E",2201.98,388.0978,140.36658,19.775034,90.791954,-73.95306,10.388988,True,1h
2026-05-15 10:31:52,1,"7°10'00.64""S 107°24'04.92""E",2201.98,388.07812,140.35866,19.774742,90.792786,-73.9534,10.388945,True,1h
2026-05-15 10:31:56,1,"7°10'00.64""S 107°24'04.92""E",2201.98,388.0585,140.35074,19.774448,90.7936,-73.95374,10.388903,True,1h
2026-05-15 10:32:00,1,"7°10'00.64""S 107°24'04.92""E",2201.98,388.03888,140.34283,19.774153,90.794426,-73.95409,10.388861,True,1h
2026-05-15 10:32:04,1,"7°10'00.64""S 107°24'04.92""E",2201.98,388.01923,140.33492,19.77386,90.79525,-73.95444,10.388818,True,1h
2026-05-15 10:32:08,1,"7°10'00.64""S 107°24'04.92""E",2201.98,387.9996,140.327,19.773567,90.79607,-73.95477,10.388776,True,1h
2026-05-15 10:32:12,1,"7°10'00.64""S 107°24'04.92""E",2201.98,387.98004,140.31909,19.773272,90.7969,-73.95512,10.388733,True,1h
2026-05-15 10:32:16,1,"7°10'00.64""S 107°24'04.92""E",2201.98,387.96042,140.31117,19.772978,90.797714,-73.95546,10.388691,True,1h
2026-05-15 10:32:20,1,"7°10'00.64""S 107°24'04.92""E",2201.98,387.94083,140.30327,19.772684,90.79854,-73.9558,10.388647,True,1h
2026-05-15 10:32:24,1,"7°10'00.64""S 107°24'04.92""E",2201.98,387.92117,140.29535,19.77239,90.79936,-73.95615,10.388605,True,1h
2026-05-15 10:32:28,1,"7°10'00.64""S 107°24'04.92""E",2201.98,387.90158,140.28746,19.772095,90.800186,-73.9565,10.388562,True,1h
2026-05-15 10:32:32,1,"7°10'00.64""S 107°24'04.92""E",2201.98,387.882,140.27954,19.771803,90.80101,-73.95683,10.388521,True,1h
2026-05-15 10:32:36,1,"7°10'00.64""S 107°24'04.92""E",2201.98,387.8624,140.27164,19.77151,90.801834,-73.95718,10.388478,True,1h
2026-05-15 10:32:40,1,"7°10'00.64""S 107°24'04.92""E",2201.98,387.84283,140.26373,19.771214,90.802666,-73.95752,10.388436,True,1h
2026-05-15 10:32:44,1,"7°10'00.64""S 107°24'04.92""E",2201.98,387.82324,140.25583,19.77092,90.80349,-73.95786,10.388393,True,1h
2026-05-15 10:32:48,1,"7°10'00.64""S 107°24'04.92""E",2201.98,387.80368,140.24791,19.770626,90.80431,-73.958206,10.388351,True,1h
2026-05-15 10:32:52,1,"7°10'00.64""S 107°24'04.92""E",2201.98,387.78412,140.24002,19.77033,90.80514,-73.95855,10.3883095,True,1h
2026-05-15 10:32:56,1,"7°10'00.64""S 107°24'04.92""E",2201.98,387.76453,140.23212,19.770037,90.80596,-73.95889,10.3882675,True,1h
2026-05-15 10:33:00,1,"7°10'00.64""S 107°24'04.92""E",2201.98,387.745,140.22421,19.769741,90.806786,-73.959236,10.388225,True,1h
2026-05-15 10:33:04,1,"7°10'00.64""S 107°24'04.92""E",2201.98,387.72543,140.21632,19.769447,90.80761,-73.95958,10.388183,True,1h
2026-05-15 10:33:08,1,"7°10'00.64""S 107°24'04.92""E",2201.98,387.70584,140.20842,19.769154,90.80843,-73.95992,10.388141,True,1h
2026-05-15 10:33:12,1,"7°10'00.64""S 107°24'04.92""E",2201.98,387.68634,140.20052,19.768858,90.80926,-73.960266,10.388098,True,1h
2026-05-15 10:33:16,1,"7°10'00.64""S 107°24'04.92""E",2201.98,387.66678,140.19263,19.768562,90.81008,-73.96061,10.388057,True,1h
2026-05-15 10:33:20,1,"7°10'00.64""S 107°24'04.92""E",2201.98,387.6472,140.18472,19.768269,90.810905,-73.96095,10.388014,True,1h
2026-05-15 10:33:24,1,"7°10'00.64""S 107°24'04.92""E",2201.98,387.62766,140.17683,19.767973,90.81174,-73.96129,10.387972,True,1h
2026-05-15 10:33:28,1,"7°10'00.64""S 107°24'04.92""E",2201.98,387.6082,140.16895,19.76768,90.81256,-73.96163,10.38793,True,1h
2026-05-15 10:33:32,1,"7°10'00.64""S 107°24'04.92""E",2201.98,387.58862,140.16106,19.767384,90.813385,-73.961975,10.387888,True,1h
2026-05-15 10:33:36,1,"7°10'00.64""S 107°24'04.92""E",2201.98,387.56912,140.15315,19.767088,90.81422,-73.96232,10.387846,True,1h
2026-05-15 10:33:40,1,"7°10'00.64""S 107°24'04.92""E",2201.98,387.54956,140.14526,19.766792,90.81504,-73.96266,10.387803,True,1h
2026-05-15 10:33:44,1,"7°10'00.64""S 107°24'04.92""E",2201.98,387.53006,140.13737,19.766499,90.815865,-73.963005,10.387762,True,1h
2026-05-15 10:33:48,1,"7°10'00.64""S 107°24'04.92""E",2201.98,387.51053,140.12949,19.766203,90.81669,-73.96335,10.387719,True,1h
2026-05-15 10:33:52,1,"7°10'00.64""S 107°24'04.92""E",2201.98,387.49103,140.1216,19.76591,90.81751,-73.963684,10.387678,True,1h
2026-05-15 10:33:56,1,"7°10'00.64""S 107°24'04.92""E",2201.98,387.47153,140.11371,19.765614,90.81834,-73.96403,10.387635,True,1h
2026-05-15 10:34:00,1,"7°10'00.64""S 107°24'04.92""E",2201.98,387.4521,140.10583,19.765316,90.819176,-73.96437,10.387594,True,1h
2026-05-15 10:34:04,1,"7°10'00.64""S 107°24'04.92""E",2201.98,387.43256,140.09795,19.76502,90.82,-73.96471,10.387552,True,1h
2026-05-15 10:34:08,1,"7°10'00.64""S 107°24'04.92""E",2201.98,387.41306,140.09006,19.764727,90.82082,-73.96505,10.38751,True,1h
2026-05-15 10:34:12,1,"7°10'00.64""S 107°24'04.92""E",2201.98,387.3936,140.08218,19.764431,90.82165,-73.96539,10.387468,True,1h
2026-05-15 10:34:16,1,"7°10'00.64""S 107°24'04.92""E",2201.98,387.37408,140.0743,19.764135,90.82248,-73.96574,10.387427,True,1h
2026-05-15 10:34:20,1,"7°10'00.64""S 107°24'04.92""E",2201.98,387.3546,140.0664,19.76384,90.8233,-73.96607,10.387384,True,1h
2026-05-15 10:34:24,1,"7°10'00.64""S 107°24'04.92""E",2201.98,387.33514,140.05853,19.763544,90.82413,-73.966415,10.387343,True,1h
2026-05-15 10:34:28,1,"7°10'00.64""S 107°24'04.92""E",2201.98,387.31567,140.05066,19.763248,90.82496,-73.96676,10.387301,True,1h
2026-05-15 10:34:32,1,"7°10'00.64""S 107°24'04.92""E",2201.98,387.2962,140.04277,19.76295,90.82579,-73.9671,10.387259,True,1h
2026-05-15 10:34:36,1,"7°10'00.64""S 107°24'04.92""E",2201.98,387.27676,140.0349,19.762655,90.826614,-73.96744,10.3872175,True,1h
2026-05-15 10:34:40,1,"7°10'00.64""S 107°24'04.92""E",2201.98,387.2573,140.02702,19.76236,90.827446,-73.96778,10.387176,True,1h
2026-05-15 10:34:44,1,"7°10'00.64""S 107°24'04.92""E",2201.98,387.23782,140.01915,19.762064,90.82827,-73.968124,10.387135,True,1h
2026-05-15 10:34:48,1,"7°10'00.64""S 107°24'04.92""E",2201.98,387.21838,140.01128,19.761768,90.8291,-73.96847,10.387093,True,1h
2026-05-15 10:34:52,1,"7°10'00.64""S 107°24'04.92""E",2201.98,387.19894,140.00339,19.761473,90.829926,-73.9688,10.387052,True,1h
2026-05-15 10:34:56,1,"7°10'00.64""S 107°24'04.92""E",2201.98,387.1795,139.99553,19.761175,90.83075,-73.96915,10.38701,True,1h
2026-05-15 10:35:00,1,"7°10'00.64""S 107°24'04.92""E",2201.98,387.1601,139.98764,19.76088,90.83158,-73.96948,10.386968,True,1h
2026-05-15 10:35:04,1,"7°10'00.64""S 107°24'04.92""E",2201.98,387.14066,139.97978,19.760584,90.83242,-73.969826,10.386927,True,1h
2026-05-15 10:35:08,1,"7°10'00.64""S 107°24'04.92""E",2201.98,387.12122,139.97191,19.760286,90.833244,-73.97017,10.386885,True,1h
2026-05-15 10:35:12,1,"7°10'00.64""S 107°24'04.92""E",2201.98,387.1018,139.96405,19.75999,90.83407,-73.970505,10.386844,True,1h
2026-05-15 10:35:16,1,"7°10'00.64""S 107°24'04.92""E",2201.98,387.08237,139.95618,19.759693,90.8349,-73.97085,10.386802,True,1h
2026-05-15 10:35:20,1,"7°10'00.64""S 107°24'04.92""E",2201.98,387.063,139.9483,19.759398,90.83573,-73.97119,10.38676,True,1h
2026-05-15 10:35:24,1,"7°10'00.64""S 107°24'04.92""E",2201.98,387.04358,139.94044,19.759102,90.836555,-73.971535,10.386719,True,1h
2026-05-15 10:35:28,1,"7°10'00.64""S 107°24'04.92""E",2201.98,387.02417,139.93257,19.758804,90.83739,-73.97187,10.386677,True,1h
2026-05-15 10:35:32,1,"7°10'00.64""S 107°24'04.92""E",2201.98,387.00473,139.92471,19.758509,90.83822,-73.972206,10.386636,True,1h
2026-05-15 10:35:36,1,"7°10'00.64""S 107°24'04.92""E",2201.98,386.98538,139.91685,19.758211,90.83905,-73.97255,10.386595,True,1h
2026-05-15 10:35:40,1,"7°10'00.64""S 107°24'04.92""E",2201.98,386.966,139.90898,19.757914,90.83988,-73.97289,10.386553,True,1h
2026-05-15 10:35:44,1,"7°10'00.64""S 107°24'04.92""E",2201.98,386.9466,139.90114,19.757616,90.840706,-73.97323,10.386512,True,1h
2026-05-15 10:35:48,1,"7°10'00.64""S 107°24'04.92""E",2201.98,386.92725,139.89325,19.75732,90.84154,-73.973564,10.38647,True,1h
2026-05-15 10:35:52,1,"7°10'00.64""S 107°24'04.92""E",2201.98,386.90784,139.8854,19.757023,90.84236,-73.97391,10.386429,True,1h
2026-05-15 10:35:56,1,"7°10'00.64""S 107°24'04.92""E",2201.98,386.88846,139.87755,19.756727,90.84319,-73.97425,10.386388,True,1h
2026-05-15 10:36:00,1,"7°10'00.64""S 107°24'04.92""E",2201.98,386.8691,139.86969,19.75643,90.84403,-73.97459,10.386346,True,1h
2026-05-15 10:36:04,1,"7°10'00.64""S 107°24'04.92""E",2201.98,386.84973,139.86183,19.756132,90.844864,-73.97493,10.386306,True,1h
2026-05-15 10:36:08,1,"7°10'00.64""S 107°24'04.92""E",2201.98,386.83035,139.85397,19.755835,90.84569,-73.975266,10.386264,True,1h
2026-05-15 10:36:12,1,"7°10'00.64""S 107°24'04.92""E",2201.98,386.81097,139.84612,19.755537,90.84652,-73.97561,10.386222,True,1h
2026-05-15 10:36:16,1,"7°10'00.64""S 107°24'04.92""E",2201.98,386.79166,139.83827,19.75524,90.84735,-73.975945,10.386182,True,1h
2026-05-15 10:36:20,1,"7°10'00.64""S 107°24'04.92""E",2201.98,386.77234,139.83041,19.754942,90.84818,-73.97628,10.386141,True,1h
2026-05-15 10:36:24,1,"7°10'00.64""S 107°24'04.92""E",2201.98,386.75296,139.82256,19.754644,90.84902,-73.97662,10.386099,True,1h
2026-05-15 10:36:28,1,"7°10'00.64""S 107°24'04.92""E",2201.98,386.7336,139.81471,19.754347,90.849846,-73.97697,10.386058,True,1h
2026-05-15 10:36:32,1,"7°10'00.64""S 107°24'04.92""E",2201.98,386.7143,139.80685,19.75405,90.85068,-73.9773,10.386017,True,1h
2026-05-15 10:36:36,1,"7°10'00.64""S 107°24'04.92""E",2201.98,386.69498,139.79901,19.753752,90.85151,-73.97764,10.385976,True,1h
2026-05-15 10:36:40,1,"7°10'00.64""S 107°24'04.92""E",2201.98,386.67563,139.79115,19.753454,90.85234,-73.97798,10.385935,True,1h
2026-05-15 10:36:44,1,"7°10'00.64""S 107°24'04.92""E",2201.98,386.6563,139.78333,19.753157,90.85317,-73.978325,10.385894,True,1h
2026-05-15 10:36:48,1,"7°10'00.64""S 107°24'04.92""E",2201.98,386.637,139.77547,19.752857,90.85401,-73.97866,10.385852,True,1h
2026-05-15 10:36:52,1,"7°10'00.64""S 107°24'04.92""E",2201.98,386.61765,139.76762,19.75256,90.85484,-73.979,10.385812,True,1h
2026-05-15 10:36:56,1,"7°10'00.64""S 107°24'04.92""E",2201.98,386.5984,139.75978,19.752264,90.855675,-73.97933,10.385771,True,1h
2026-05-15 10:37:00,1,"7°10'00.64""S 107°24'04.92""E",2201.98,386.57904,139.75194,19.751966,90.85651,-73.97967,10.385729,True,1h
2026-05-15 10:37:04,1,"7°10'00.64""S 107°24'04.92""E",2201.98,386.55975,139.7441,19.751667,90.85733,-73.98001,10.385689,True,1h
2026-05-15 10:37:08,1,"7°10'00.64""S 107°24'04.92""E",2201.98,386.54044,139.73625,19.75137,90.85816,-73.98035,10.385648,True,1h
2026-05-15 10:37:12,1,"7°10'00.64""S 107°24'04.92""E",2201.98,386.52115,139.72841,19.75107,90.85901,-73.98069,10.385607,True,1h
2026-05-15 10:37:16,1,"7°10'00.64""S 107°24'04.92""E",2201.98,386.5019,139.72057,19.750772,90.85983,-73.981026,10.385566,True,1h
2026-05-15 10:37:20,1,"7°10'00.64""S 107°24'04.92""E",2201.98,386.4826,139.71272,19.750473,90.860664,-73.98137,10.385525,True,1h
2026-05-15 10:37:24,1,"7°10'00.64""S 107°24'04.92""E",2201.98,386.46332,139.7049,19.750175,90.8615,-73.981705,10.385484,True,1h
2026-05-15 10:37:28,1,"7°10'00.64""S 107°24'04.92""E",2201.98,386.444,139.69705,19.749878,90.862335,-73.98204,10.385443,True,1h
2026-05-15 10:37:32,1,"7°10'00.64""S 107°24'04.92""E",2201.98,386.42477,139.68921,19.74958,90.86317,-73.982376,10.385403,True,1h
2026-05-15 10:37:36,1,"7°10'00.64""S 107°24'04.92""E",2201.98,386.40546,139.68138,19.74928,90.864,-73.98271,10.385362,True,1h
2026-05-15 10:37:40,1,"7°10'00.64""S 107°24'04.92""E",2201.98,386.3862,139.67354,19.748981,90.86484,-73.983055,10.385321,True,1h
2026-05-15 10:37:44,1,"7°10'00.64""S 107°24'04.92""E",2201.98,386.36697,139.66573,19.748682,90.86567,-73.98339,10.385281,True,1h
2026-05-15 10:37:48,1,"7°10'00.64""S 107°24'04.92""E",2201.98,386.34772,139.65787,19.748384,90.8665,-73.983734,10.38524,True,1h
2026-05-15 10:37:52,1,"7°10'00.64""S 107°24'04.92""E",2201.98,386.32846,139.65004,19.748087,90.86734,-73.98407,10.385199,True,1h
2026-05-15 10:37:56,1,"7°10'00.64""S 107°24'04.92""E",2201.98,386.3092,139.64221,19.747787,90.86818,-73.984406,10.385158,True,1h
2026-05-15 10:38:00,1,"7°10'00.64""S 107°24'04.92""E",2201.98,386.28998,139.63438,19.747488,90.86901,-73.98474,10.385118,True,1h
2026-05-15 10:38:04,1,"7°10'00.64""S 107°24'04.92""E",2201.98,386.27075,139.62656,19.747189,90.86984,-73.98508,10.3850765,True,1h
2026-05-15 10:38:08,1,"7°10'00.64""S 107°24'04.92""E",2201.98,386.2515,139.61873,19.74689,90.870674,-73.98541,10.3850355,True,1h
2026-05-15 10:38:12,1,"7°10'00.64""S 107°24'04.92""E",2201.98,386.23227,139.6109,19.746592,90.871506,-73.985756,10.384995,True,1h
2026-05-15 10:38:16,1,"7°10'00.64""S 107°24'04.92""E",2201.98,386.213,139.60307,19.746292,90.87235,-73.98609,10.384955,True,1h
2026-05-15 10:38:20,1,"7°10'00.64""S 107°24'04.92""E",2201.98,386.19382,139.59525,19.745993,90.873184,-73.98643,10.384914,True,1h
2026-05-15 10:38:24,1,"7°10'00.64""S 107°24'04.92""E",2201.98,386.17462,139.58742,19.745693,90.874016,-73.98676,10.384873,True,1h
2026-05-15 10:38:28,1,"7°10'00.64""S 107°24'04.92""E",2201.98,386.1554,139.57959,19.745394,90.874855,-73.9871,10.384833,True,1h
2026-05-15 10:38:32,1,"7°10'00.64""S 107°24'04.92""E",2201.98,386.13617,139.57178,19.745096,90.87569,-73.98744,10.384793,True,1h
2026-05-15 10:38:36,1,"7°10'00.64""S 107°24'04.92""E",2201.98,386.11697,139.56395,19.744797,90.876526,-73.98778,10.384752,True,1h
2026-05-15 10:38:40,1,"7°10'00.64""S 107°24'04.92""E",2201.98,386.0978,139.55614,19.744495,90.877365,-73.98811,10.384711,True,1h
2026-05-15 10:38:44,1,"7°10'00.64""S 107°24'04.92""E",2201.98,386.07858,139.54831,19.744196,90.8782,-73.98845,10.384671,True,1h
2026-05-15 10:38:48,1,"7°10'00.64""S 107°24'04.92""E",2201.98,386.05942,139.54048,19.743898,90.87903,-73.988785,10.384631,True,1h
2026-05-15 10:38:52,1,"7°10'00.64""S 107°24'04.92""E",2201.98,386.0402,139.53267,19.743599,90.87987,-73.98912,10.38459,True,1h
2026-05-15 10:38:56,1,"7°10'00.64""S 107°24'04.92""E",2201.98,386.02103,139.52484,19.743298,90.88071,-73.989456,10.38455,True,1h
2026-05-15 10:39:00,1,"7°10'00.64""S 107°24'04.92""E",2201.98,386.00183,139.51703,19.742998,90.881546,-73.98979,10.384509,True,1h
2026-05-15 10:39:04,1,"7°10'00.64""S 107°24'04.92""E",2201.98,385.98267,139.50922,19.742699,90.88238,-73.990135,10.38447,True,1h
2026-05-15 10:39:08,1,"7°10'00.64""S 107°24'04.92""E",2201.98,385.96347,139.5014,19.7424,90.88322,-73.99047,10.384429,True,1h
2026-05-15 10:39:12,1,"7°10'00.64""S 107°24'04.92""E",2201.98,385.9443,139.49358,19.742098,90.88405,-73.99081,10.384388,True,1h
2026-05-15 10:39:16,1,"7°10'00.64""S 107°24'04.92""E",2201.98,385.92517,139.48578,19.7418,90.884895,-73.99114,10.384348,True,1h
2026-05-15 10:39:20,1,"7°10'00.64""S 107°24'04.92""E",2201.98,385.906,139.47795,19.741499,90.88573,-73.99148,10.384308,True,1h
2026-05-15 10:39:24,1,"7°10'00.64""S 107°24'04.92""E",2201.98,385.88684,139.47015,19.7412,90.886566,-73.99181,10.384268,True,1h
2026-05-15 10:39:28,1,"7°10'00.64""S 107°24'04.92""E",2201.98,385.8677,139.46234,19.7409,90.8874,-73.99215,10.384228,True,1h
2026-05-15 10:39:32,1,"7°10'00.64""S 107°24'04.92""E",2201.98,385.84857,139.45453,19.740599,90.888245,-73.992485,10.384187,True,1h
2026-05-15 10:39:36,1,"7°10'00.64""S 107°24'04.92""E",2201.98,385.8294,139.44672,19.740297,90.889084,-73.99282,10.384147,True,1h
2026-05-15 10:39:40,1,"7°10'00.64""S 107°24'04.92""E",2201.98,385.81024,139.4389,19.739998,90.889915,-73.99316,10.384108,True,1h
2026-05-15 10:39:44,1,"7°10'00.64""S 107°24'04.92""E",2201.98,385.79114,139.43109,19.739698,90.890755,-73.99349,10.384067,True,1h
2026-05-15 10:39:48,1,"7°10'00.64""S 107°24'04.92""E",2201.98,385.772,139.4233,19.739397,90.8916,-73.99383,10.384027,True,1h
2026-05-15 10:39:52,1,"7°10'00.64""S 107°24'04.92""E",2201.98,385.75287,139.41548,19.739098,90.89243,-73.99416,10.383986,True,1h
2026-05-15 10:39:56,1,"7°10'00.64""S 107°24'04.92""E",2201.98,385.73373,139.40767,19.738796,90.89327,-73.9945,10.383946,True,1h
2026-05-15 10:40:00,1,"7°10'00.64""S 107°24'04.92""E",2201.98,385.71463,139.39987,19.738495,90.89411,-73.994835,10.383906,True,1h
2026-05-15 10:40:04,1,"7°10'00.64""S 107°24'04.92""E",2201.98,385.69553,139.39206,19.738195,90.89494,-73.99517,10.383866,True,1h
2026-05-15 10:40:08,1,"7°10'00.64""S 107°24'04.92""E",2201.98,385.67642,139.38426,19.737894,90.89579,-73.99551,10.383826,True,1h
2026-05-15 10:40:12,1,"7°10'00.64""S 107°24'04.92""E",2201.98,385.65732,139.37646,19.737593,90.89663,-73.99584,10.383786,True,1h
2026-05-15 10:40:16,1,"7°10'00.64""S 107°24'04.92""E",2201.98,385.63818,139.36867,19.737293,90.89747,-73.99618,10.383746,True,1h
2026-05-15 10:40:20,1,"7°10'00.64""S 107°24'04.92""E",2201.98,385.6191,139.36086,19.736992,90.89831,-73.996506,10.383706,True,1h
2026-05-15 10:40:24,1,"7°10'00.64""S 107°24'04.92""E",2201.98,385.60004,139.35306,19.736692,90.89915,-73.99685,10.383666,True,1h
2026-05-15 10:40:28,1,"7°10'00.64""S 107°24'04.92""E",2201.98,385.58096,139.34526,19.73639,90.89999,-73.99718,10.383627,True,1h
2026-05-15 10:40:32,1,"7°10'00.64""S 107°24'04.92""E",2201.98,385.56186,139.33746,19.736088,90.900826,-73.99751,10.383587,True,1h
2026-05-15 10:40:36,1,"7°10'00.64""S 107°24'04.92""E",2201.98,385.5428,139.32967,19.735788,90.901665,-73.99785,10.383547,True,1h
2026-05-15 10:40:40,1,"7°10'00.64""S 107°24'04.92""E",2201.98,385.5237,139.32188,19.735487,90.90251,-73.998184,10.383507,True,1h
2026-05-15 10:40:44,1,"7°10'00.64""S 107°24'04.92""E",2201.98,385.50467,139.31407,19.735186,90.90335,-73.99852,10.383467,True,1h
2026-05-15 10:40:48,1,"7°10'00.64""S 107°24'04.92""E",2201.98,385.48557,139.30629,19.734884,90.90419,-73.998856,10.383427,True,1h
2026-05-15 10:40:52,1,"7°10'00.64""S 107°24'04.92""E",2201.98,385.46646,139.2985,19.734583,90.90503,-73.99918,10.383388,True,1h
2026-05-15 10:40:56,1,"7°10'00.64""S 107°24'04.92""E",2201.98,385.44742,139.2907,19.734282,90.90587,-73.99952,10.3833475,True,1h
2026-05-15 10:41:00,1,"7°10'00.64""S 107°24'04.92""E",2201.98,385.42838,139.2829,19.73398,90.90671,-73.999855,10.383308,True,1h
2026-05-15 10:41:04,1,"7°10'00.64""S 107°24'04.92""E",2201.98,385.40933,139.27512,19.733677,90.90755,-74.00019,10.383268,True,1h
2026-05-15 10:41:08,1,"7°10'00.64""S 107°24'04.92""E",2201.98,385.3903,139.26733,19.733376,90.90839,-74.00053,10.383228,True,1h
2026-05-15 10:41:12,1,"7°10'00.64""S 107°24'04.92""E",2201.98,385.37122,139.25954,19.733074,90.90923,-74.000854,10.383188,True,1h
2026-05-15 10:41:16,1,"7°10'00.64""S 107°24'04.92""E",2201.98,385.3522,139.25174,19.732773,90.91008,-74.00119,10.383149,True,1h
2026-05-15 10:41:20,1,"7°10'00.64""S 107°24'04.92""E",2201.98,385.3332,139.24396,19.732471,90.91092,-74.001526,10.383109,True,1h
2026-05-15 10:41:24,1,"7°10'00.64""S 107°24'04.92""E",2201.98,385.31415,139.23618,19.732168,90.91176,-74.00186,10.38307,True,1h
2026-05-15 10:41:28,1,"7°10'00.64""S 107°24'04.92""E",2201.98,385.29514,139.2284,19.731869,90.912605,-74.00219,10.38303,True,1h
2026-05-15 10:41:32,1,"7°10'00.64""S 107°24'04.92""E",2201.98,385.2761,139.2206,19.731565,90.913445,-74.002525,10.382991,True,1h
2026-05-15 10:41:36,1,"7°10'00.64""S 107°24'04.92""E",2201.98,385.25708,139.21281,19.731264,90.91428,-74.00286,10.382951,True,1h
2026-05-15 10:41:40,1,"7°10'00.64""S 107°24'04.92""E",2201.98,385.23804,139.20503,19.73096,90.91512,-74.0032,10.382912,True,1h
2026-05-15 10:41:44,1,"7°10'00.64""S 107°24'04.92""E",2201.98,385.21906,139.19725,19.73066,90.91597,-74.00353,10.382872,True,1h
2026-05-15 10:41:48,1,"7°10'00.64""S 107°24'04.92""E",2201.98,385.20004,139.18947,19.730356,90.91682,-74.00386,10.382832,True,1h
2026-05-15 10:41:52,1,"7°10'00.64""S 107°24'04.92""E",2201.98,385.18106,139.18167,19.730055,90.917656,-74.004196,10.382792,True,1h
2026-05-15 10:41:56,1,"7°10'00.64""S 107°24'04.92""E",2201.98,385.16205,139.1739,19.729752,90.9185,-74.004524,10.382752,True,1h
2026-05-15 10:42:00,1,"7°10'00.64""S 107°24'04.92""E",2201.98,385.14304,139.16612,19.72945,90.91934,-74.00486,10.382713,True,1h
2026-05-15 10:42:04,1,"7°10'00.64""S 107°24'04.92""E",2201.98,385.12405,139.15836,19.729147,90.92019,-74.005196,10.382674,True,1h
2026-05-15 10:42:08,1,"7°10'00.64""S 107°24'04.92""E",2201.98,385.10507,139.15057,19.728846,90.92103,-74.00552,10.382635,True,1h
2026-05-15 10:42:12,1,"7°10'00.64""S 107°24'04.92""E",2201.98,385.08612,139.14279,19.728544,90.921875,-74.00586,10.382596,True,1h
2026-05-15 10:42:16,1,"7°10'00.64""S 107°24'04.92""E",2201.98,385.06714,139.13501,19.728241,90.92272,-74.00619,10.382556,True,1h
2026-05-15 10:42:20,1,"7°10'00.64""S 107°24'04.92""E",2201.98,385.04813,139.12724,19.727938,90.92356,-74.00652,10.382517,True,1h
2026-05-15 10:42:24,1,"7°10'00.64""S 107°24'04.92""E",2201.98,385.0292,139.11946,19.727634,90.92441,-74.00686,10.382477,True,1h
2026-05-15 10:42:28,1,"7°10'00.64""S 107°24'04.92""E",2201.98,385.0102,139.1117,19.727333,90.92525,-74.007195,10.382438,True,1h
2026-05-15 10:42:32,1,"7°10'00.64""S 107°24'04.92""E",2201.98,384.98822,139.10353,19.727077,90.92603,-74.00718,10.382426,True,1h
2026-05-15 10:42:36,1,"7°10'00.64""S 107°24'04.92""E",2201.98,384.96448,139.09512,19.72685,90.926765,-74.00696,10.382432,True,1h
2026-05-15 10:42:40,1,"7°10'00.64""S 107°24'04.92""E",2201.98,384.9406,139.0867,19.726624,90.9275,-74.00673,10.382438,True,1h
2026-05-15 10:42:44,1,"7°10'00.64""S 107°24'04.92""E",2201.98,384.91678,139.07828,19.726398,90.92824,-74.0065,10.382443,True,1h
2026-05-15 10:42:48,1,"7°10'00.64""S 107°24'04.92""E",2201.98,384.8929,139.06984,19.726173,90.928986,-74.00626,10.382449,True,1h
2026-05-15 10:42:52,1,"7°10'00.64""S 107°24'04.92""E",2201.98,384.86905,139.0614,19.725946,90.92972,-74.00604,10.382455,True,1h
2026-05-15 10:42:56,1,"7°10'00.64""S 107°24'04.92""E",2201.98,384.84518,139.05296,19.725721,90.93046,-74.005806,10.382461,True,1h
2026-05-15 10:43:00,1,"7°10'00.64""S 107°24'04.92""E",2201.98,384.82132,139.04453,19.725496,90.9312,-74.00558,10.382467,True,1h
2026-05-15 10:43:04,1,"7°10'00.64""S 107°24'04.92""E",2201.98,384.79742,139.03607,19.725271,90.931946,-74.00535,10.382473,True,1h
2026-05-15 10:43:08,1,"7°10'00.64""S 107°24'04.92""E",2201.98,384.7735,139.02762,19.725046,90.932686,-74.00511,10.382479,True,1h
2026-05-15 10:43:12,1,"7°10'00.64""S 107°24'04.92""E",2201.98,384.74966,139.01917,19.724821,90.933426,-74.00488,10.382484,True,1h
2026-05-15 10:43:16,1,"7°10'00.64""S 107°24'04.92""E",2201.98,384.72577,139.01071,19.724598,90.934166,-74.00465,10.38249,True,1h
2026-05-15 10:43:20,1,"7°10'00.64""S 107°24'04.92""E",2201.98,384.7019,139.00226,19.724373,90.93491,-74.00442,10.382496,True,1h
2026-05-15 10:43:24,1,"7°10'00.64""S 107°24'04.92""E",2201.98,384.678,138.9938,19.724148,90.93565,-74.00418,10.382502,True,1h
2026-05-15 10:43:28,1,"7°10'00.64""S 107°24'04.92""E",2201.98,384.65414,138.98537,19.723923,90.936386,-74.00395,10.382507,True,1h
2026-05-15 10:43:32,1,"7°10'00.64""S 107°24'04.92""E",2201.98,384.63028,138.97691,19.723698,90.93714,-74.00372,10.382513,True,1h
2026-05-15 10:43:36,1,"7°10'00.64""S 107°24'04.92""E",2201.98,384.6064,138.96844,19.72347,90.93788,-74.00349,10.382519,True,1h
2026-05-15 10:43:40,1,"7°10'00.64""S 107°24'04.92""E",2201.98,384.58258,138.96002,19.723248,90.93862,-74.00325,10.382525,True,1h
2026-05-15 10:43:44,1,"7°10'00.64""S 107°24'04.92""E",2201.98,384.55872,138.95155,19.72302,90.93936,-74.00302,10.382532,True,1h
2026-05-15 10:43:48,1,"7°10'00.64""S 107°24'04.92""E",2201.98,384.53485,138.94312,19.722795,90.94011,-74.00279,10.382538,True,1h
2026-05-15 10:43:52,1,"7°10'00.64""S 107°24'04.92""E",2201.98,384.511,138.93466,19.72257,90.94085,-74.00255,10.382544,True,1h
2026-05-15 10:43:56,1,"7°10'00.64""S 107°24'04.92""E",2201.98,384.48715,138.92622,19.722345,90.94159,-74.00232,10.382549,True,1h
2026-05-15 10:44:00,1,"7°10'00.64""S 107°24'04.92""E",2201.98,384.46335,138.91777,19.722118,90.94234,-74.00209,10.382556,True,1h
2026-05-15 10:44:04,1,"7°10'00.64""S 107°24'04.92""E",2201.98,384.43945,138.90933,19.721893,90.943085,-74.001854,10.382562,True,1h
2026-05-15 10:44:08,1,"7°10'00.64""S 107°24'04.92""E",2201.98,384.41565,138.90088,19.721668,90.943825,-74.00162,10.382567,True,1h
2026-05-15 10:44:12,1,"7°10'00.64""S 107°24'04.92""E",2201.98,384.39185,138.89244,19.721441,90.94457,-74.00139,10.382573,True,1h
2026-05-15 10:44:16,1,"7°10'00.64""S 107°24'04.92""E",2201.98,384.36798,138.88402,19.721216,90.94531,-74.00115,10.38258,True,1h
2026-05-15 10:44:20,1,"7°10'00.64""S 107°24'04.92""E",2201.98,384.34418,138.87556,19.720991,90.94605,-74.00092,10.382586,True,1h
2026-05-15 10:44:24,1,"7°10'00.64""S 107°24'04.92""E",2201.98,384.32034,138.86713,19.720764,90.9468,-74.00069,10.382592,True,1h
2026-05-15 10:44:28,1,"7°10'00.64""S 107°24'04.92""E",2201.98,384.29654,138.85869,19.72054,90.94755,-74.00045,10.382598,True,1h
2026-05-15 10:44:32,1,"7°10'00.64""S 107°24'04.92""E",2201.98,384.27274,138.85025,19.720312,90.94829,-74.00022,10.382605,True,1h
2026-05-15 10:44:36,1,"7°10'00.64""S 107°24'04.92""E",2201.98,384.24893,138.84181,19.720087,90.94903,-73.99999,10.38261,True,1h
2026-05-15 10:44:40,1,"7°10'00.64""S 107°24'04.92""E",2201.98,384.22513,138.83336,19.719862,90.94978,-73.99975,10.382617,True,1h
2026-05-15 10:44:44,1,"7°10'00.64""S 107°24'04.92""E",2201.98,384.2013,138.82492,19.719637,90.95052,-73.99951,10.382623,True,1h
2026-05-15 10:44:48,1,"7°10'00.64""S 107°24'04.92""E",2201.98,384.17752,138.81648,19.719408,90.95127,-73.99928,10.382629,True,1h
2026-05-15 10:44:52,1,"7°10'00.64""S 107°24'04.92""E",2201.98,384.15375,138.80804,19.719183,90.95202,-73.999054,10.382635,True,1h
2026-05-15 10:44:56,1,"7°10'00.64""S 107°24'04.92""E",2201.98,384.12994,138.79962,19.718956,90.95277,-73.99882,10.382642,True,1h
2026-05-15 10:45:00,1,"7°10'00.64""S 107°24'04.92""E",2201.98,384.10617,138.79118,19.718729,90.95351,-73.99858,10.382648,True,1h
2026-05-15 10:45:04,1,"7°10'00.64""S 107°24'04.92""E",2201.98,384.0824,138.78276,19.718504,90.954254,-73.998344,10.382655,True,1h
2026-05-15 10:45:08,1,"7°10'00.64""S 107°24'04.92""E",2201.98,384.0586,138.77432,19.718277,90.955,-73.99811,10.382662,True,1h
2026-05-15 10:45:12,1,"7°10'00.64""S 107°24'04.92""E",2201.98,384.03485,138.7659,19.71805,90.95574,-73.99788,10.382668,True,1h
2026-05-15 10:45:16,1,"7°10'00.64""S 107°24'04.92""E",2201.98,384.0111,138.75746,19.717825,90.9565,-73.99764,10.382674,True,1h
2026-05-15 10:45:20,1,"7°10'00.64""S 107°24'04.92""E",2201.98,383.9873,138.74902,19.717596,90.95724,-73.997406,10.382681,True,1h
2026-05-15 10:45:24,1,"7°10'00.64""S 107°24'04.92""E",2201.98,383.96356,138.7406,19.717371,90.957985,-73.99717,10.382688,True,1h
2026-05-15 10:45:28,1,"7°10'00.64""S 107°24'04.92""E",2201.98,383.9398,138.73218,19.717144,90.95874,-73.99693,10.382693,True,1h
2026-05-15 10:45:32,1,"7°10'00.64""S 107°24'04.92""E",2201.98,383.91605,138.72375,19.716917,90.95948,-73.996704,10.3827,True,1h
2026-05-15 10:45:36,1,"7°10'00.64""S 107°24'04.92""E",2201.98,383.89227,138.71532,19.716688,90.96023,-73.99647,10.382707,True,1h
2026-05-15 10:45:40,1,"7°10'00.64""S 107°24'04.92""E",2201.98,383.86853,138.70691,19.716463,90.960976,-73.99623,10.382713,True,1h
2026-05-15 10:45:44,1,"7°10'00.64""S 107°24'04.92""E",2201.98,383.84482,138.69847,19.716236,90.96172,-73.995995,10.38272,True,1h
2026-05-15 10:45:48,1,"7°10'00.64""S 107°24'04.92""E",2201.98,383.8211,138.69003,19.71601,90.96247,-73.99576,10.382726,True,1h
2026-05-15 10:45:52,1,"7°10'00.64""S 107°24'04.92""E",2201.98,383.79736,138.68163,19.715782,90.96322,-73.99552,10.382732,True,1h
2026-05-15 10:45:56,1,"7°10'00.64""S 107°24'04.92""E",2201.98,383.77365,138.6732,19.715553,90.96397,-73.995285,10.382739,True,1h
2026-05-15 10:46:00,1,"7°10'00.64""S 107°24'04.92""E",2201.98,383.74988,138.66478,19.715326,90.96471,-73.995056,10.382746,True,1h
2026-05-15 10:46:04,1,"7°10'00.64""S 107°24'04.92""E",2201.98,383.7262,138.65636,19.715101,90.96546,-73.99482,10.382752,True,1h
2026-05-15 10:46:08,1,"7°10'00.64""S 107°24'04.92""E",2201.98,383.70248,138.64793,19.714872,90.96621,-73.99458,10.382759,True,1h
2026-05-15 10:46:12,1,"7°10'00.64""S 107°24'04.92""E",2201.98,383.67877,138.63951,19.714645,90.96696,-73.99434,10.382767,True,1h
2026-05-15 10:46:16,1,"7°10'00.64""S 107°24'04.92""E",2201.98,383.65506,138.63109,19.714418,90.96771,-73.9941,10.382773,True,1h
2026-05-15 10:46:20,1,"7°10'00.64""S 107°24'04.92""E",2201.98,383.63138,138.62267,19.71419,90.96845,-73.99387,10.38278,True,1h
2026-05-15 10:46:24,1,"7°10'00.64""S 107°24'04.92""E",2201.98,383.60764,138.61426,19.713964,90.9692,-73.99364,10.382787,True,1h
2026-05-15 10:46:28,1,"7°10'00.64""S 107°24'04.92""E",2201.98,383.58395,138.60583,19.713736,90.969955,-73.9934,10.382793,True,1h
2026-05-15 10:46:32,1,"7°10'00.64""S 107°24'04.92""E",2201.98,383.56027,138.59743,19.713507,90.9707,-73.993164,10.3828,True,1h
2026-05-15 10:46:36,1,"7°10'00.64""S 107°24'04.92""E",2201.98,383.53656,138.589,19.71328,90.97145,-73.99293,10.382808,True,1h
2026-05-15 10:46:40,1,"7°10'00.64""S 107°24'04.92""E",2201.98,383.5129,138.58058,19.713053,90.972206,-73.99269,10.382814,True,1h
2026-05-15 10:46:44,1,"7°10'00.64""S 107°24'04.92""E",2201.98,383.48917,138.57217,19.712824,90.972946,-73.99245,10.382821,True,1h
2026-05-15 10:46:48,1,"7°10'00.64""S 107°24'04.92""E",2201.98,383.46555,138.56377,19.712595,90.973694,-73.99222,10.382829,True,1h
2026-05-15 10:46:52,1,"7°10'00.64""S 107°24'04.92""E",2201.98,383.44183,138.55536,19.712368,90.97445,-73.991974,10.382835,True,1h
2026-05-15 10:46:56,1,"7°10'00.64""S 107°24'04.92""E",2201.98,383.4182,138.54694,19.712141,90.9752,-73.99174,10.382842,True,1h
2026-05-15 10:47:00,1,"7°10'00.64""S 107°24'04.92""E",2201.98,383.3945,138.53853,19.711912,90.97595,-73.9915,10.38285,True,1h
2026-05-15 10:47:04,1,"7°10'00.64""S 107°24'04.92""E",2201.98,383.37088,138.53012,19.711683,90.9767,-73.991264,10.382855,True,1h
2026-05-15 10:47:08,1,"7°10'00.64""S 107°24'04.92""E",2201.98,383.3472,138.52171,19.711456,90.97745,-73.99103,10.382863,True,1h
2026-05-15 10:47:12,1,"7°10'00.64""S 107°24'04.92""E",2201.98,383.32355,138.51329,19.711227,90.97821,-73.99079,10.38287,True,1h
2026-05-15 10:47:16,1,"7°10'00.64""S 107°24'04.92""E",2201.98,383.29993,138.5049,19.710999,90.97895,-73.990555,10.382877,True,1h
2026-05-15 10:47:20,1,"7°10'00.64""S 107°24'04.92""E",2201.98,383.27628,138.49649,19.710772,90.979706,-73.99032,10.382884,True,1h
2026-05-15 10:47:24,1,"7°10'00.64""S 107°24'04.92""E",2201.98,383.25262,138.48808,19.710543,90.98046,-73.99008,10.382892,True,1h
2026-05-15 10:47:28,1,"7°10'00.64""S 107°24'04.92""E",2201.98,383.22897,138.47968,19.710314,90.98121,-73.989845,10.382898,True,1h
2026-05-15 10:47:32,1,"7°10'00.64""S 107°24'04.92""E",2201.98,383.20535,138.47127,19.710085,90.981964,-73.9896,10.382906,True,1h
2026-05-15 10:47:36,1,"7°10'00.64""S 107°24'04.92""E",2201.98,383.18173,138.46288,19.709858,90.98271,-73.989365,10.382914,True,1h
2026-05-15 10:47:40,1,"7°10'00.64""S 107°24'04.92""E",2201.98,383.1581,138.45447,19.70963,90.98346,-73.98912,10.38292,True,1h
2026-05-15 10:47:44,1,"7°10'00.64""S 107°24'04.92""E",2201.98,383.1345,138.44606,19.7094,90.984215,-73.988884,10.382927,True,1h
2026-05-15 10:47:48,1,"7°10'00.64""S 107°24'04.92""E",2201.98,383.11087,138.43767,19.709171,90.98496,-73.98865,10.382935,True,1h
2026-05-15 10:47:52,1,"7°10'00.64""S 107°24'04.92""E",2201.98,383.08725,138.42926,19.708942,90.98572,-73.98841,10.382942,True,1h
2026-05-15 10:47:56,1,"7°10'00.64""S 107°24'04.92""E",2201.98,383.06363,138.42087,19.708714,90.98647,-73.988174,10.382949,True,1h
2026-05-15 10:48:00,1,"7°10'00.64""S 107°24'04.92""E",2201.98,383.04004,138.41246,19.708485,90.98722,-73.98793,10.3829565,True,1h
2026-05-15 10:48:04,1,"7°10'00.64""S 107°24'04.92""E",2201.98,383.01642,138.40407,19.708256,90.98798,-73.98769,10.382964,True,1h
2026-05-15 10:48:08,1,"7°10'00.64""S 107°24'04.92""E",2201.98,382.99283,138.39566,19.708027,90.98873,-73.98746,10.382972,True,1h
2026-05-15 10:48:12,1,"7°10'00.64""S 107°24'04.92""E",2201.98,382.96927,138.38727,19.707798,90.98948,-73.98721,10.382979,True,1h
2026-05-15 10:48:16,1,"7°10'00.64""S 107°24'04.92""E",2201.98,382.94565,138.37886,19.70757,90.99024,-73.98698,10.382986,True,1h
2026-05-15 10:48:20,1,"7°10'00.64""S 107°24'04.92""E",2201.98,382.92206,138.37047,19.70734,90.99099,-73.98674,10.382994,True,1h
2026-05-15 10:48:24,1,"7°10'00.64""S 107°24'04.92""E",2201.98,382.8985,138.36208,19.70711,90.991745,-73.986496,10.383001,True,1h
2026-05-15 10:48:28,1,"7°10'00.64""S 107°24'04.92""E",2201.98,382.8749,138.35367,19.70688,90.9925,-73.98626,10.383009,True,1h
2026-05-15 10:48:32,1,"7°10'00.64""S 107°24'04.92""E",2201.98,382.85135,138.34528,19.706652,90.99325,-73.98602,10.383016,True,1h
2026-05-15 10:48:36,1,"7°10'00.64""S 107°24'04.92""E",2201.98,382.82776,138.33688,19.70642,90.99401,-73.98578,10.383023,True,1h
2026-05-15 10:48:40,1,"7°10'00.64""S 107°24'04.92""E",2201.98,382.8042,138.3285,19.706192,90.99476,-73.98554,10.383031,True,1h
2026-05-15 10:48:44,1,"7°10'00.64""S 107°24'04.92""E",2201.98,382.78064,138.3201,19.705963,90.99552,-73.9853,10.3830385,True,1h
2026-05-15 10:48:48,1,"7°10'00.64""S 107°24'04.92""E",2201.98,382.75708,138.3117,19.705734,90.99627,-73.98506,10.383046,True,1h
2026-05-15 10:48:52,1,"7°10'00.64""S 107°24'04.92""E",2201.98,382.7335,138.30331,19.705503,90.997025,-73.98482,10.383054,True,1h
2026-05-15 10:48:56,1,"7°10'00.64""S 107°24'04.92""E",2201.98,382.70996,138.29494,19.705273,90.99778,-73.98458,10.383061,True,1h
2026-05-15 10:49:00,1,"7°10'00.64""S 107°24'04.92""E",2201.98,382.68643,138.28653,19.705044,90.998535,-73.98434,10.383069,True,1h
2026-05-15 10:49:04,1,"7°10'00.64""S 107°24'04.92""E",2201.98,382.66287,138.27815,19.704813,90.99929,-73.9841,10.383077,True,1h
2026-05-15 10:49:08,1,"7°10'00.64""S 107°24'04.92""E",2201.98,382.63928,138.26976,19.704586,91.000046,-73.98386,10.383084,True,1h
2026-05-15 10:49:12,1,"7°10'00.64""S 107°24'04.92""E",2201.98,382.61578,138.26138,19.704355,91.00081,-73.98362,10.383092,True,1h
2026-05-15 10:49:16,1,"7°10'00.64""S 107°24'04.92""E",2201.98,382.59225,138.25299,19.704124,91.00156,-73.983376,10.3831,True,1h
2026-05-15 10:49:20,1,"7°10'00.64""S 107°24'04.92""E",2201.98,382.56873,138.2446,19.703894,91.00231,-73.98314,10.383108,True,1h
2026-05-15 10:49:24,1,"7°10'00.64""S 107°24'04.92""E",2201.98,382.5452,138.23622,19.703665,91.003075,-73.9829,10.383115,True,1h
2026-05-15 10:49:28,1,"7°10'00.64""S 107°24'04.92""E",2201.98,382.52167,138.22784,19.703434,91.00382,-73.98266,10.383122,True,1h
2026-05-15 10:49:32,1,"7°10'00.64""S 107°24'04.92""E",2201.98,382.49814,138.21945,19.703205,91.004585,-73.98242,10.383131,True,1h
2026-05-15 10:49:36,1,"7°10'00.64""S 107°24'04.92""E",2201.98,382.47464,138.21107,19.702974,91.00534,-73.98218,10.383139,True,1h
2026-05-15 10:49:40,1,"7°10'00.64""S 107°24'04.92""E",2201.98,382.45117,138.2027,19.702744,91.00609,-73.98194,10.383147,True,1h
2026-05-15 10:49:44,1,"7°10'00.64""S 107°24'04.92""E",2201.98,382.42764,138.1943,19.702513,91.00685,-73.9817,10.383154,True,1h
2026-05-15 10:49:48,1,"7°10'00.64""S 107°24'04.92""E",2201.98,382.40414,138.18593,19.702284,91.00761,-73.98145,10.383162,True,1h
2026-05-15 10:49:52,1,"7°10'00.64""S 107°24'04.92""E",2201.98,382.3806,138.17754,19.702051,91.00837,-73.98121,10.38317,True,1h
2026-05-15 10:49:56,1,"7°10'00.64""S 107°24'04.92""E",2201.98,382.35715,138.16916,19.701822,91.009125,-73.98097,10.383179,True,1h
2026-05-15 10:50:00,1,"7°10'00.64""S 107°24'04.92""E",2201.98,382.33362,138.16078,19.701591,91.00989,-73.98073,10.383186,True,1h
2026-05-15 10:50:04,1,"7°10'00.64""S 107°24'04.92""E",2201.98,382.31018,138.1524,19.70136,91.01064,-73.980484,10.383194,True,1h
2026-05-15 10:50:08,1,"7°10'00.64""S 107°24'04.92""E",2201.98,382.28668,138.14403,19.701128,91.01139,-73.98025,10.383202,True,1h
2026-05-15 10:50:12,1,"7°10'00.64""S 107°24'04.92""E",2201.98,382.26318,138.13565,19.7009,91.01215,-73.98,10.38321,True,1h
2026-05-15 10:50:16,1,"7°10'00.64""S 107°24'04.92""E",2201.98,382.23975,138.12727,19.700666,91.01291,-73.97977,10.383219,True,1h
2026-05-15 10:50:20,1,"7°10'00.64""S 107°24'04.92""E",2201.98,382.21628,138.1189,19.700438,91.01367,-73.97952,10.383225,True,1h
2026-05-15 10:50:24,1,"7°10'00.64""S 107°24'04.92""E",2201.98,382.1928,138.11052,19.700207,91.01443,-73.97928,10.383234,True,1h
2026-05-15 10:50:28,1,"7°10'00.64""S 107°24'04.92""E",2201.98,382.1693,138.10216,19.699974,91.01519,-73.979034,10.383243,True,1h
2026-05-15 10:50:32,1,"7°10'00.64""S 107°24'04.92""E",2201.98,382.14587,138.09378,19.699745,91.015945,-73.9788,10.383251,True,1h
2026-05-15 10:50:36,1,"7°10'00.64""S 107°24'04.92""E",2201.98,382.12244,138.0854,19.699512,91.01671,-73.97855,10.383259,True,1h
2026-05-15 10:50:40,1,"7°10'00.64""S 107°24'04.92""E",2201.98,382.09897,138.07704,19.699282,91.01746,-73.97831,10.383266,True,1h
2026-05-15 10:50:44,1,"7°10'00.64""S 107°24'04.92""E",2201.98,382.07547,138.06866,19.69905,91.01822,-73.978065,10.383275,True,1h
2026-05-15 10:50:48,1,"7°10'00.64""S 107°24'04.92""E",2201.98,382.05206,138.06029,19.69882,91.01898,-73.97783,10.383284,True,1h
2026-05-15 10:50:52,1,"7°10'00.64""S 107°24'04.92""E",2201.98,382.0286,138.05193,19.69859,91.019745,-73.977585,10.383291,True,1h
2026-05-15 10:50:56,1,"7°10'00.64""S 107°24'04.92""E",2201.98,382.0052,138.04355,19.698357,91.02051,-73.97734,10.3833,True,1h
2026-05-15 10:51:00,1,"7°10'00.64""S 107°24'04.92""E",2201.98,381.98175,138.03519,19.698126,91.02126,-73.9771,10.383308,True,1h
2026-05-15 10:51:04,1,"7°10'00.64""S 107°24'04.92""E",2201.98,381.95834,138.02681,19.697893,91.022026,-73.97685,10.383316,True,1h
2026-05-15 10:51:08,1,"7°10'00.64""S 107°24'04.92""E",2201.98,381.9349,138.01845,19.697662,91.02278,-73.97661,10.383325,True,1h
2026-05-15 10:51:12,1,"7°10'00.64""S 107°24'04.92""E",2201.98,381.91144,138.01007,19.697432,91.02355,-73.976364,10.383333,True,1h
2026-05-15 10:51:16,1,"7°10'00.64""S 107°24'04.92""E",2201.98,381.88806,138.00171,19.697199,91.02431,-73.97613,10.383342,True,1h
2026-05-15 10:51:20,1,"7°10'00.64""S 107°24'04.92""E",2201.98,381.86465,137.99335,19.696968,91.02507,-73.975876,10.383349,True,1h
2026-05-15 10:51:24,1,"7°10'00.64""S 107°24'04.92""E",2201.98,381.8412,137.98497,19.696735,91.025826,-73.97563,10.383358,True,1h
2026-05-15 10:51:28,1,"7°10'00.64""S 107°24'04.92""E",2201.98,381.8178,137.97661,19.696503,91.026596,-73.97539,10.383367,True,1h
2026-05-15 10:51:32,1,"7°10'00.64""S 107°24'04.92""E",2201.98,381.79443,137.96825,19.696272,91.02735,-73.97514,10.383375,True,1h
2026-05-15 10:51:36,1,"7°10'00.64""S 107°24'04.92""E",2201.98,381.771,137.9599,19.69604,91.028114,-73.97491,10.383384,True,1h
2026-05-15 10:51:40,1,"7°10'00.64""S 107°24'04.92""E",2201.98,381.74762,137.95154,19.695807,91.02888,-73.97466,10.383392,True,1h
2026-05-15 10:51:44,1,"7°10'00.64""S 107°24'04.92""E",2201.98,381.7242,137.94316,19.695576,91.02964,-73.97441,10.383401,True,1h
2026-05-15 10:51:48,1,"7°10'00.64""S 107°24'04.92""E",2201.98,381.70084,137.9348,19.695343,91.0304,-73.97417,10.3834095,True,1h
2026-05-15 10:51:52,1,"7°10'00.64""S 107°24'04.92""E",2201.98,381.67743,137.92645,19.69511,91.031166,-73.97392,10.383418,True,1h
2026-05-15 10:51:56,1,"7°10'00.64""S 107°24'04.92""E",2201.98,381.65408,137.91808,19.69488,91.03192,-73.97369,10.383427,True,1h
2026-05-15 10:52:00,1,"7°10'00.64""S 107°24'04.92""E",2201.98,381.63068,137.90973,19.694647,91.032684,-73.97344,10.383435,True,1h
2026-05-15 10:52:04,1,"7°10'00.64""S 107°24'04.92""E",2201.98,381.6073,137.90137,19.694412,91.03345,-73.97319,10.383444,True,1h
2026-05-15 10:52:08,1,"7°10'00.64""S 107°24'04.92""E",2201.98,381.58392,137.893,19.694181,91.03421,-73.972946,10.383452,True,1h
2026-05-15 10:52:12,1,"7°10'00.64""S 107°24'04.92""E",2201.98,381.56055,137.88464,19.693949,91.03497,-73.9727,10.383461,True,1h
2026-05-15 10:52:16,1,"7°10'00.64""S 107°24'04.92""E",2201.98,381.5372,137.8763,19.693716,91.035736,-73.97246,10.38347,True,1h
2026-05-15 10:52:20,1,"7°10'00.64""S 107°24'04.92""E",2201.98,381.51385,137.86794,19.693483,91.0365,-73.97221,10.383478,True,1h
2026-05-15 10:52:24,1,"7°10'00.64""S 107°24'04.92""E",2201.98,381.4905,137.85959,19.69325,91.03726,-73.97196,10.383487,True,1h
2026-05-15 10:52:28,1,"7°10'00.64""S 107°24'04.92""E",2201.98,381.4671,137.85123,19.69302,91.03803,-73.971725,10.383496,True,1h
2026-05-15 10:52:32,1,"7°10'00.64""S 107°24'04.92""E",2201.98,381.4438,137.84286,19.692785,91.038795,-73.97148,10.383505,True,1h
2026-05-15 10:52:36,1,"7°10'00.64""S 107°24'04.92""E",2201.98,381.42044,137.83452,19.692553,91.03956,-73.97123,10.383513,True,1h
2026-05-15 10:52:40,1,"7°10'00.64""S 107°24'04.92""E",2201.98,381.3971,137.82617,19.69232,91.04032,-73.970985,10.383523,True,1h
2026-05-15 10:52:44,1,"7°10'00.64""S 107°24'04.92""E",2201.98,381.37378,137.81781,19.692087,91.041084,-73.97074,10.383531,True,1h
2026-05-15 10:52:48,1,"7°10'00.64""S 107°24'04.92""E",2201.98,381.35037,137.80946,19.691853,91.04185,-73.9705,10.38354,True,1h
2026-05-15 10:52:52,1,"7°10'00.64""S 107°24'04.92""E",2201.98,381.3271,137.80112,19.69162,91.04262,-73.97025,10.38355,True,1h
2026-05-15 10:52:56,1,"7°10'00.64""S 107°24'04.92""E",2201.98,381.3038,137.79277,19.691387,91.04338,-73.97,10.383557,True,1h
2026-05-15 10:53:00,1,"7°10'00.64""S 107°24'04.92""E",2201.98,381.28046,137.78441,19.691154,91.04415,-73.96976,10.383567,True,1h
2026-05-15 10:53:04,1,"7°10'00.64""S 107°24'04.92""E",2201.98,381.25714,137.77606,19.69092,91.04491,-73.96951,10.383575,True,1h
2026-05-15 10:53:08,1,"7°10'00.64""S 107°24'04.92""E",2201.98,381.2338,137.76772,19.690687,91.04568,-73.96927,10.383585,True,1h
2026-05-15 10:53:12,1,"7°10'00.64""S 107°24'04.92""E",2201.98,381.2105,137.75937,19.690454,91.04645,-73.96902,10.3835945,True,1h
2026-05-15 10:53:16,1,"7°10'00.64""S 107°24'04.92""E",2201.98,381.1872,137.75102,19.690222,91.04721,-73.96878,10.383602,True,1h
2026-05-15 10:53:20,1,"7°10'00.64""S 107°24'04.92""E",2201.98,381.16388,137.74268,19.68999,91.04798,-73.96853,10.383612,True,1h
2026-05-15 10:53:24,1,"7°10'00.64""S 107°24'04.92""E",2201.98,381.1406,137.73433,19.689754,91.04874,-73.968285,10.383621,True,1h
2026-05-15 10:53:28,1,"7°10'00.64""S 107°24'04.92""E",2201.98,381.1173,137.72597,19.68952,91.049515,-73.96803,10.38363,True,1h
2026-05-15 10:53:32,1,"7°10'00.64""S 107°24'04.92""E",2201.98,381.094,137.71764,19.689287,91.05028,-73.9678,10.383639,True,1h
2026-05-15 10:53:36,1,"7°10'00.64""S 107°24'04.92""E",2201.98,381.07068,137.70929,19.689054,91.05105,-73.96754,10.383648,True,1h
2026-05-15 10:53:40,1,"7°10'00.64""S 107°24'04.92""E",2201.98,381.04742,137.70094,19.68882,91.0518,-73.96729,10.383657,True,1h
2026-05-15 10:53:44,1,"7°10'00.64""S 107°24'04.92""E",2201.98,381.02417,137.6926,19.688587,91.052574,-73.96705,10.383666,True,1h
2026-05-15 10:53:48,1,"7°10'00.64""S 107°24'04.92""E",2201.98,381.00085,137.68427,19.68835,91.053345,-73.9668,10.383676,True,1h
2026-05-15 10:53:52,1,"7°10'00.64""S 107°24'04.92""E",2201.98,380.9776,137.67592,19.688118,91.05411,-73.96655,10.383685,True,1h
2026-05-15 10:53:56,1,"7°10'00.64""S 107°24'04.92""E",2201.98,380.9543,137.66757,19.687883,91.05488,-73.9663,10.383694,True,1h
2026-05-15 10:54:00,1,"7°10'00.64""S 107°24'04.92""E",2201.98,380.93103,137.65924,19.68765,91.05565,-73.96606,10.383703,True,1h
2026-05-15 10:54:04,1,"7°10'00.64""S 107°24'04.92""E",2201.98,380.9078,137.6509,19.687416,91.05641,-73.96581,10.383713,True,1h
2026-05-15 10:54:08,1,"7°10'00.64""S 107°24'04.92""E",2201.98,380.88452,137.64255,19.687181,91.05718,-73.96556,10.383722,True,1h
2026-05-15 10:54:12,1,"7°10'00.64""S 107°24'04.92""E",2201.98,380.86127,137.63422,19.686949,91.057945,-73.96531,10.383731,True,1h
2026-05-15 10:54:16,1,"7°10'00.64""S 107°24'04.92""E",2201.98,380.838,137.62587,19.686712,91.05872,-73.965065,10.38374,True,1h
2026-05-15 10:54:20,1,"7°10'00.64""S 107°24'04.92""E",2201.98,380.81476,137.61755,19.686478,91.059494,-73.96482,10.383751,True,1h
2026-05-15 10:54:24,1,"7°10'00.64""S 107°24'04.92""E",2201.98,380.7915,137.6092,19.686243,91.06026,-73.96457,10.3837595,True,1h
2026-05-15 10:54:28,1,"7°10'00.64""S 107°24'04.92""E",2201.98,380.76828,137.60086,19.68601,91.06103,-73.964325,10.383769,True,1h
2026-05-15 10:54:32,1,"7°10'00.64""S 107°24'04.92""E",2201.98,380.74503,137.59253,19.685776,91.06179,-73.96407,10.383778,True,1h
2026-05-15 10:54:36,1,"7°10'00.64""S 107°24'04.92""E",2201.98,380.72177,137.5842,19.685541,91.06257,-73.96383,10.383788,True,1h
2026-05-15 10:54:40,1,"7°10'00.64""S 107°24'04.92""E",2201.98,380.69855,137.57585,19.685307,91.06333,-73.96358,10.383797,True,1h
2026-05-15 10:54:44,1,"7°10'00.64""S 107°24'04.92""E",2201.98,380.67532,137.56752,19.685072,91.0641,-73.963326,10.383807,True,1h
2026-05-15 10:54:48,1,"7°10'00.64""S 107°24'04.92""E",2201.98,380.6521,137.55917,19.684837,91.06487,-73.96308,10.383816,True,1h
2026-05-15 10:54:52,1,"7°10'00.64""S 107°24'04.92""E",2201.98,380.62888,137.55086,19.684603,91.06564,-73.96283,10.383826,True,1h
2026-05-15 10:54:56,1,"7°10'00.64""S 107°24'04.92""E",2201.98,380.60568,137.54253,19.684368,91.06642,-73.962585,10.383835,True,1h
2026-05-15 10:55:00,1,"7°10'00.64""S 107°24'04.92""E",2201.98,380.58246,137.53418,19.684134,91.067184,-73.96233,10.383845,True,1h
2026-05-15 10:55:04,1,"7°10'00.64""S 107°24'04.92""E",2201.98,380.55927,137.52586,19.683897,91.06796,-73.96208,10.383855,True,1h
2026-05-15 10:55:08,1,"7°10'00.64""S 107°24'04.92""E",2201.98,380.536,137.51752,19.683662,91.068726,-73.96184,10.383864,True,1h
2026-05-15 10:55:12,1,"7°10'00.64""S 107°24'04.92""E",2201.98,380.51285,137.5092,19.683426,91.069496,-73.961586,10.383874,True,1h
2026-05-15 10:55:16,1,"7°10'00.64""S 107°24'04.92""E",2201.98,380.48965,137.50087,19.683191,91.07027,-73.961334,10.383883,True,1h
2026-05-15 10:55:20,1,"7°10'00.64""S 107°24'04.92""E",2201.98,380.46646,137.49254,19.682957,91.071045,-73.96109,10.383893,True,1h
2026-05-15 10:55:24,1,"7°10'00.64""S 107°24'04.92""E",2201.98,380.44327,137.4842,19.68272,91.071815,-73.96084,10.383903,True,1h
2026-05-15 10:55:28,1,"7°10'00.64""S 107°24'04.92""E",2201.98,380.42007,137.47588,19.682486,91.072586,-73.96059,10.383913,True,1h
2026-05-15 10:55:32,1,"7°10'00.64""S 107°24'04.92""E",2201.98,380.39688,137.46756,19.68225,91.07336,-73.960335,10.383923,True,1h
2026-05-15 10:55:36,1,"7°10'00.64""S 107°24'04.92""E",2201.98,380.3737,137.45923,19.682014,91.07413,-73.96009,10.383932,True,1h
2026-05-15 10:55:40,1,"7°10'00.64""S 107°24'04.92""E",2201.98,380.35052,137.4509,19.681778,91.0749,-73.95984,10.383942,True,1h
2026-05-15 10:55:44,1,"7°10'00.64""S 107°24'04.92""E",2201.98,380.32736,137.44258,19.681543,91.07567,-73.95959,10.383952,True,1h
2026-05-15 10:55:48,1,"7°10'00.64""S 107°24'04.92""E",2201.98,380.30417,137.43425,19.681309,91.07645,-73.959335,10.383962,True,1h
2026-05-15 10:55:52,1,"7°10'00.64""S 107°24'04.92""E",2201.98,380.281,137.42593,19.681072,91.077225,-73.95908,10.383971,True,1h
2026-05-15 10:55:56,1,"7°10'00.64""S 107°24'04.92""E",2201.98,380.25787,137.4176,19.680838,91.07799,-73.95883,10.383982,True,1h
2026-05-15 10:56:00,1,"7°10'00.64""S 107°24'04.92""E",2201.98,380.2347,137.40927,19.680601,91.078766,-73.95859,10.383991,True,1h
2026-05-15 10:56:04,1,"7°10'00.64""S 107°24'04.92""E",2201.98,380.21155,137.40096,19.680367,91.07954,-73.958336,10.384001,True,1h
2026-05-15 10:56:08,1,"7°10'00.64""S 107°24'04.92""E",2201.98,380.18835,137.39262,19.68013,91.080315,-73.958084,10.38401,True,1h
2026-05-15 10:56:12,1,"7°10'00.64""S 107°24'04.92""E",2201.98,380.16525,137.38431,19.679895,91.08109,-73.95783,10.384021,True,1h
2026-05-15 10:56:16,1,"7°10'00.64""S 107°24'04.92""E",2201.98,380.1421,137.37599,19.679659,91.081856,-73.95758,10.38403,True,1h
2026-05-15 10:56:20,1,"7°10'00.64""S 107°24'04.92""E",2201.98,380.11893,137.36768,19.679422,91.082634,-73.95734,10.384041,True,1h
2026-05-15 10:56:24,1,"7°10'00.64""S 107°24'04.92""E",2201.98,380.09583,137.35934,19.679186,91.083405,-73.957085,10.38405,True,1h
2026-05-15 10:56:28,1,"7°10'00.64""S 107°24'04.92""E",2201.98,380.0727,137.35103,19.67895,91.08418,-73.95683,10.384062,True,1h
2026-05-15 10:56:32,1,"7°10'00.64""S 107°24'04.92""E",2201.98,380.04953,137.34271,19.678713,91.08496,-73.95657,10.384071,True,1h
2026-05-15 10:56:36,1,"7°10'00.64""S 107°24'04.92""E",2201.98,380.02643,137.33438,19.678476,91.08573,-73.95633,10.384082,True,1h
2026-05-15 10:56:40,1,"7°10'00.64""S 107°24'04.92""E",2201.98,380.0033,137.32607,19.67824,91.08651,-73.95607,10.384091,True,1h
2026-05-15 10:56:44,1,"7°10'00.64""S 107°24'04.92""E",2201.98,379.98013,137.31773,19.678003,91.08728,-73.955826,10.384101,True,1h
2026-05-15 10:56:48,1,"7°10'00.64""S 107°24'04.92""E",2201.98,379.95706,137.30943,19.677767,91.08806,-73.95557,10.384112,True,1h
2026-05-15 10:56:52,1,"7°10'00.64""S 107°24'04.92""E",2201.98,379.93396,137.30112,19.67753,91.08884,-73.95532,10.384122,True,1h
2026-05-15 10:56:56,1,"7°10'00.64""S 107°24'04.92""E",2201.98,379.91083,137.2928,19.677294,91.08961,-73.95506,10.384132,True,1h
2026-05-15 10:57:00,1,"7°10'00.64""S 107°24'04.92""E",2201.98,379.88773,137.28448,19.67706,91.090385,-73.95482,10.384142,True,1h
2026-05-15 10:57:04,1,"7°10'00.64""S 107°24'04.92""E",2201.98,379.86465,137.27617,19.67682,91.091156,-73.95456,10.384152,True,1h
2026-05-15 10:57:08,1,"7°10'00.64""S 107°24'04.92""E",2201.98,379.84152,137.26785,19.676584,91.09194,-73.95431,10.384163,True,1h
2026-05-15 10:57:12,1,"7°10'00.64""S 107°24'04.92""E",2201.98,379.81845,137.25954,19.676348,91.09272,-73.954056,10.384172,True,1h
2026-05-15 10:57:16,1,"7°10'00.64""S 107°24'04.92""E",2201.98,379.7953,137.25122,19.676111,91.09349,-73.953804,10.384184,True,1h
2026-05-15 10:57:20,1,"7°10'00.64""S 107°24'04.92""E",2201.98,379.77228,137.24292,19.675873,91.09427,-73.95355,10.384193,True,1h
2026-05-15 10:57:24,1,"7°10'00.64""S 107°24'04.92""E",2201.98,379.74915,137.2346,19.675636,91.09505,-73.9533,10.384205,True,1h
2026-05-15 10:57:28,1,"7°10'00.64""S 107°24'04.92""E",2201.98,379.7261,137.22629,19.6754,91.095825,-73.95305,10.384214,True,1h
2026-05-15 10:57:32,1,"7°10'00.64""S 107°24'04.92""E",2201.98,379.70297,137.21797,19.675163,91.0966,-73.95279,10.384225,True,1h
2026-05-15 10:57:36,1,"7°10'00.64""S 107°24'04.92""E",2201.98,379.67993,137.20966,19.674925,91.097374,-73.952545,10.384235,True,1h
2026-05-15 10:57:40,1,"7°10'00.64""S 107°24'04.92""E",2201.98,379.65686,137.20135,19.674688,91.09816,-73.952286,10.384246,True,1h
2026-05-15 10:57:44,1,"7°10'00.64""S 107°24'04.92""E",2201.98,379.6338,137.19304,19.67445,91.09894,-73.952034,10.384256,True,1h
2026-05-15 10:57:48,1,"7°10'00.64""S 107°24'04.92""E",2201.98,379.61072,137.18472,19.674213,91.09971,-73.95178,10.384267,True,1h
2026-05-15 10:57:52,1,"7°10'00.64""S 107°24'04.92""E",2201.98,379.58765,137.17642,19.673977,91.100494,-73.95152,10.384277,True,1h
2026-05-15 10:57:56,1,"7°10'00.64""S 107°24'04.92""E",2201.98,379.5646,137.16812,19.673738,91.10127,-73.95128,10.384288,True,1h
2026-05-15 10:58:00,1,"7°10'00.64""S 107°24'04.92""E",2201.98,379.54153,137.1598,19.6735,91.10205,-73.95102,10.384298,True,1h
2026-05-15 10:58:04,1,"7°10'00.64""S 107°24'04.92""E",2201.98,379.5185,137.15149,19.673262,91.10283,-73.95077,10.384309,True,1h
2026-05-15 10:58:08,1,"7°10'00.64""S 107°24'04.92""E",2201.98,379.49542,137.14319,19.673025,91.103615,-73.950516,10.38432,True,1h
2026-05-15 10:58:12,1,"7°10'00.64""S 107°24'04.92""E",2201.98,379.47244,137.13489,19.672789,91.104385,-73.95026,10.38433,True,1h
2026-05-15 10:58:16,1,"7°10'00.64""S 107°24'04.92""E",2201.98,379.4494,137.12659,19.67255,91.10517,-73.950005,10.384341,True,1h
2026-05-15 10:58:20,1,"7°10'00.64""S 107°24'04.92""E",2201.98,379.4263,137.11827,19.672312,91.10595,-73.94975,10.384352,True,1h
2026-05-15 10:58:24,1,"7°10'00.64""S 107°24'04.92""E",2201.98,379.4033,137.10997,19.672073,91.10673,-73.94949,10.384362,True,1h
2026-05-15 10:58:28,1,"7°10'00.64""S 107°24'04.92""E",2201.98,379.38025,137.10167,19.671837,91.107506,-73.94924,10.384374,True,1h
2026-05-15 10:58:32,1,"7°10'00.64""S 107°24'04.92""E",2201.98,379.3572,137.09335,19.671598,91.10829,-73.94898,10.384384,True,1h
2026-05-15 10:58:36,1,"7°10'00.64""S 107°24'04.92""E",2201.98,379.33423,137.08505,19.67136,91.10907,-73.94873,10.384394,True,1h
2026-05-15 10:58:40,1,"7°10'00.64""S 107°24'04.92""E",2201.98,379.3112,137.07675,19.671122,91.10985,-73.94848,10.384405,True,1h
2026-05-15 10:58:44,1,"7°10'00.64""S 107°24'04.92""E",2201.98,379.28815,137.06845,19.670885,91.110634,-73.94822,10.384416,True,1h
2026-05-15 10:58:48,1,"7°10'00.64""S 107°24'04.92""E",2201.98,379.26517,137.06015,19.670645,91.11141,-73.94797,10.384426,True,1h
2026-05-15 10:58:52,1,"7°10'00.64""S 107°24'04.92""E",2201.98,379.24216,137.05185,19.670406,91.11219,-73.947716,10.384438,True,1h
2026-05-15 10:58:56,1,"7°10'00.64""S 107°24'04.92""E",2201.98,379.21915,137.04355,19.67017,91.112976,-73.94746,10.384448,True,1h
2026-05-15 10:59:00,1,"7°10'00.64""S 107°24'04.92""E",2201.98,379.19617,137.03525,19.66993,91.113754,-73.947205,10.384459,True,1h
2026-05-15 10:59:04,1,"7°10'00.64""S 107°24'04.92""E",2201.98,379.17313,137.02695,19.669691,91.11454,-73.946945,10.384471,True,1h
2026-05-15 10:59:08,1,"7°10'00.64""S 107°24'04.92""E",2201.98,379.15015,137.01863,19.669453,91.115326,-73.946686,10.384481,True,1h
2026-05-15 10:59:12,1,"7°10'00.64""S 107°24'04.92""E",2201.98,379.12717,137.01033,19.669216,91.116104,-73.946434,10.384492,True,1h
2026-05-15 10:59:16,1,"7°10'00.64""S 107°24'04.92""E",2201.98,379.10416,137.00204,19.668976,91.11688,-73.94618,10.384503,True,1h
2026-05-15 10:59:20,1,"7°10'00.64""S 107°24'04.92""E",2201.98,379.08118,136.99374,19.668737,91.11767,-73.94592,10.384514,True,1h
2026-05-15 10:59:24,1,"7°10'00.64""S 107°24'04.92""E",2201.98,379.0582,136.98544,19.668499,91.11845,-73.94566,10.384525,True,1h
2026-05-15 10:59:28,1,"7°10'00.64""S 107°24'04.92""E",2201.98,379.03522,136.97714,19.66826,91.11923,-73.94541,10.384536,True,1h
2026-05-15 10:59:32,1,"7°10'00.64""S 107°24'04.92""E",2201.98,379.01227,136.96886,19.66802,91.12002,-73.94515,10.384547,True,1h
2026-05-15 10:59:36,1,"7°10'00.64""S 107°24'04.92""E",2201.98,378.9893,136.96056,19.667784,91.1208,-73.9449,10.384559,True,1h
2026-05-15 10:59:40,1,"7°10'00.64""S 107°24'04.92""E",2201.98,378.9663,136.95227,19.667543,91.12158,-73.94464,10.384569,True,1h
2026-05-15 10:59:44,1,"7°10'00.64""S 107°24'04.92""E",2201.98,378.94336,136.94397,19.667303,91.12237,-73.94439,10.384581,True,1h
2026-05-15 10:59:48,1,"7°10'00.64""S 107°24'04.92""E",2201.98,378.92038,136.93567,19.667065,91.123146,-73.94413,10.384592,True,1h
2026-05-15 10:59:52,1,"7°10'00.64""S 107°24'04.92""E",2201.98,378.89743,136.92737,19.666826,91.12394,-73.94387,10.384603,True,1h
2026-05-15 10:59:56,1,"7°10'00.64""S 107°24'04.92""E",2201.98,378.87445,136.91907,19.666586,91.124725,-73.94362,10.384613,True,1h
2026-05-15 11:00:00,1,"7°10'00.64""S 107°24'04.92""E",2201.98,378.8515,136.91078,19.666348,91.12551,-73.94336,10.384625,True,1h
